timestamp, index, utilization.gpu [%], memory.used [MiB]
2026/09/02 20:07:32.685, 0, 0 %, 0 MiB
2026/09/02 20:07:32.688, 1, 0 %, 0 MiB
2026/09/02 20:07:37.691, 0, 0 %, 3 MiB
2026/09/02 20:07:37.691, 1, 0 %, 0 MiB
2026/09/02 20:07:42.692, 0, 0 %, 3 MiB
2026/09/02 20:07:42.692, 1, 0 %, 0 MiB
2026/09/02 20:07:47.693, 0, 0 %, 3 MiB
2026/09/02 20:07:47.693, 1, 0 %, 0 MiB
2026/09/02 20:07:52.693, 0, 100 %, 21653 MiB
2026/09/02 20:07:52.693, 1, 0 %, 0 MiB
2026/09/02 20:07:57.694, 0, 100 %, 21653 MiB
2026/09/02 20:07:57.694, 1, 0 %, 0 MiB
2026/09/02 20:08:02.695, 0, 100 %, 21653 MiB
2026/09/02 20:08:02.695, 1, 0 %, 0 MiB
2026/09/02 20:08:07.695, 0, 100 %, 21653 MiB
2026/09/02 20:08:07.695, 1, 0 %, 0 MiB
2026/09/02 20:08:12.696, 0, 100 %, 21653 MiB
2026/09/02 20:08:12.696, 1, 0 %, 0 MiB
2026/09/02 20:08:17.697, 0, 100 %, 21653 MiB
2026/09/02 20:08:17.697, 1, 0 %, 0 MiB
2026/09/02 20:08:22.697, 0, 100 %, 21653 MiB
2026/09/02 20:08:22.697, 1, 0 %, 0 MiB
2026/09/02 20:08:27.698, 0, 100 %, 21653 MiB
2026/09/02 20:08:27.698, 1, 0 %, 0 MiB
2026/09/02 20:08:32.699, 0, 100 %, 21653 MiB
2026/09/02 20:08:32.699, 1, 0 %, 0 MiB
2026/09/02 20:08:37.699, 0, 0 %, 21653 MiB
2026/09/02 20:08:37.700, 1, 0 %, 0 MiB
2026/09/02 20:08:42.700, 0, 0 %, 21653 MiB
2026/09/02 20:08:42.700, 1, 0 %, 0 MiB
2026/09/02 20:08:47.701, 0, 0 %, 21653 MiB
2026/09/02 20:08:47.701, 1, 0 %, 0 MiB
2026/09/02 20:08:52.702, 0, 0 %, 21653 MiB
2026/09/02 20:08:52.703, 1, 0 %, 0 MiB
2026/09/02 20:08:57.703, 0, 0 %, 21653 MiB
2026/09/02 20:08:57.704, 1, 0 %, 0 MiB
2026/09/02 20:09:02.704, 0, 0 %, 21653 MiB
2026/09/02 20:09:02.704, 1, 0 %, 0 MiB
2026/09/02 20:09:07.705, 0, 0 %, 21653 MiB
2026/09/02 20:09:07.705, 1, 0 %, 0 MiB
2026/09/02 20:09:12.705, 0, 0 %, 21653 MiB
2026/09/02 20:09:12.705, 1, 0 %, 0 MiB
2026/09/02 20:09:17.706, 0, 0 %, 21653 MiB
2026/09/02 20:09:17.706, 1, 0 %, 0 MiB
2026/09/02 20:09:22.706, 0, 0 %, 21653 MiB
2026/09/02 20:09:22.707, 1, 0 %, 0 MiB
2026/09/02 20:09:27.707, 0, 0 %, 21653 MiB
2026/09/02 20:09:27.707, 1, 0 %, 0 MiB
2026/09/02 20:09:32.708, 0, 0 %, 21653 MiB
2026/09/02 20:09:32.708, 1, 0 %, 0 MiB
2026/09/02 20:09:37.708, 0, 0 %, 21653 MiB
2026/09/02 20:09:37.708, 1, 0 %, 0 MiB
2026/09/02 20:09:42.709, 0, 0 %, 21653 MiB
2026/09/02 20:09:42.709, 1, 0 %, 0 MiB
2026/09/02 20:09:47.709, 0, 0 %, 21653 MiB
2026/09/02 20:09:47.709, 1, 0 %, 0 MiB
2026/09/02 20:09:52.710, 0, 0 %, 21653 MiB
2026/09/02 20:09:52.711, 1, 0 %, 0 MiB
2026/09/02 20:09:57.711, 0, 0 %, 21653 MiB
2026/09/02 20:09:57.711, 1, 0 %, 0 MiB
2026/09/02 20:10:02.712, 0, 0 %, 21653 MiB
2026/09/02 20:10:02.712, 1, 0 %, 0 MiB
2026/09/02 20:10:07.712, 0, 0 %, 21653 MiB
2026/09/02 20:10:07.712, 1, 0 %, 0 MiB
2026/09/02 20:10:12.713, 0, 0 %, 21653 MiB
2026/09/02 20:10:12.713, 1, 0 %, 0 MiB
2026/09/02 20:10:17.714, 0, 0 %, 21653 MiB
2026/09/02 20:10:17.714, 1, 0 %, 0 MiB
2026/09/02 20:10:22.714, 0, 0 %, 21653 MiB
2026/09/02 20:10:22.714, 1, 0 %, 0 MiB
2026/09/02 20:10:27.715, 0, 0 %, 21653 MiB
2026/09/02 20:10:27.715, 1, 0 %, 0 MiB
2026/09/02 20:10:32.716, 0, 0 %, 21653 MiB
2026/09/02 20:10:32.716, 1, 0 %, 0 MiB
2026/09/02 20:10:37.716, 0, 0 %, 21653 MiB
2026/09/02 20:10:37.716, 1, 0 %, 0 MiB
2026/09/02 20:10:42.717, 0, 0 %, 21653 MiB
2026/09/02 20:10:42.717, 1, 0 %, 0 MiB
2026/09/02 20:10:47.717, 0, 0 %, 21653 MiB
2026/09/02 20:10:47.718, 1, 0 %, 0 MiB
2026/09/02 20:10:52.718, 0, 0 %, 21653 MiB
2026/09/02 20:10:52.718, 1, 0 %, 0 MiB
2026/09/02 20:10:57.719, 0, 0 %, 21653 MiB
2026/09/02 20:10:57.719, 1, 0 %, 0 MiB
2026/09/02 20:11:02.719, 0, 0 %, 21653 MiB
2026/09/02 20:11:02.720, 1, 0 %, 0 MiB
2026/09/02 20:11:07.720, 0, 0 %, 21653 MiB
2026/09/02 20:11:07.720, 1, 0 %, 0 MiB
2026/09/02 20:11:12.721, 0, 0 %, 21653 MiB
2026/09/02 20:11:12.721, 1, 0 %, 0 MiB
2026/09/02 20:11:17.721, 0, 0 %, 21653 MiB
2026/09/02 20:11:17.721, 1, 0 %, 0 MiB
2026/09/02 20:11:22.722, 0, 0 %, 21653 MiB
2026/09/02 20:11:22.722, 1, 0 %, 0 MiB
2026/09/02 20:11:27.723, 0, 0 %, 21653 MiB
2026/09/02 20:11:27.723, 1, 0 %, 0 MiB
2026/09/02 20:11:32.723, 0, 0 %, 21653 MiB
2026/09/02 20:11:32.723, 1, 0 %, 0 MiB
2026/09/02 20:11:37.724, 0, 0 %, 21653 MiB
2026/09/02 20:11:37.724, 1, 0 %, 0 MiB
2026/09/02 20:11:42.725, 0, 0 %, 21653 MiB
2026/09/02 20:11:42.726, 1, 0 %, 0 MiB
2026/09/02 20:11:47.726, 0, 0 %, 21653 MiB
2026/09/02 20:11:47.727, 1, 0 %, 0 MiB
2026/09/02 20:11:52.728, 0, 0 %, 21653 MiB
2026/09/02 20:11:52.728, 1, 0 %, 0 MiB
2026/09/02 20:11:57.729, 0, 0 %, 21653 MiB
2026/09/02 20:11:57.729, 1, 0 %, 0 MiB
2026/09/02 20:12:02.729, 0, 0 %, 21653 MiB
2026/09/02 20:12:02.730, 1, 0 %, 0 MiB
2026/09/02 20:12:07.730, 0, 0 %, 21653 MiB
2026/09/02 20:12:07.730, 1, 0 %, 0 MiB
2026/09/02 20:12:12.731, 0, 0 %, 21653 MiB
2026/09/02 20:12:12.731, 1, 0 %, 0 MiB
2026/09/02 20:12:17.732, 0, 0 %, 21653 MiB
2026/09/02 20:12:17.732, 1, 0 %, 0 MiB
2026/09/02 20:12:22.732, 0, 0 %, 21653 MiB
2026/09/02 20:12:22.732, 1, 0 %, 0 MiB
2026/09/02 20:12:27.733, 0, 48 %, 21657 MiB
2026/09/02 20:12:27.733, 1, 0 %, 0 MiB
2026/09/02 20:12:32.733, 0, 48 %, 21657 MiB
2026/09/02 20:12:32.734, 1, 0 %, 0 MiB
2026/09/02 20:12:37.734, 0, 48 %, 21657 MiB
2026/09/02 20:12:37.734, 1, 0 %, 0 MiB
2026/09/02 20:12:42.735, 0, 48 %, 21657 MiB
2026/09/02 20:12:42.735, 1, 0 %, 0 MiB
2026/09/02 20:12:47.736, 0, 49 %, 21657 MiB
2026/09/02 20:12:47.736, 1, 0 %, 0 MiB
2026/09/02 20:12:52.736, 0, 49 %, 21657 MiB
2026/09/02 20:12:52.736, 1, 0 %, 0 MiB
2026/09/02 20:12:57.737, 0, 48 %, 21657 MiB
2026/09/02 20:12:57.737, 1, 0 %, 0 MiB
2026/09/02 20:13:02.737, 0, 46 %, 21657 MiB
2026/09/02 20:13:02.738, 1, 0 %, 0 MiB
2026/09/02 20:13:07.738, 0, 48 %, 21657 MiB
2026/09/02 20:13:07.738, 1, 0 %, 0 MiB
2026/09/02 20:13:12.739, 0, 48 %, 21657 MiB
2026/09/02 20:13:12.739, 1, 0 %, 0 MiB
2026/09/02 20:13:17.739, 0, 49 %, 21657 MiB
2026/09/02 20:13:17.740, 1, 0 %, 0 MiB
2026/09/02 20:13:22.740, 0, 0 %, 21657 MiB
2026/09/02 20:13:22.740, 1, 0 %, 0 MiB
2026/09/02 20:13:27.741, 0, 0 %, 21657 MiB
2026/09/02 20:13:27.741, 1, 0 %, 0 MiB
2026/09/02 20:13:32.741, 0, 0 %, 21657 MiB
2026/09/02 20:13:32.741, 1, 0 %, 0 MiB
2026/09/02 20:13:37.742, 0, 0 %, 21657 MiB
2026/09/02 20:13:37.743, 1, 0 %, 0 MiB
2026/09/02 20:13:42.743, 0, 0 %, 21657 MiB
2026/09/02 20:13:42.744, 1, 0 %, 0 MiB
2026/09/02 20:13:47.744, 0, 0 %, 21657 MiB
2026/09/02 20:13:47.744, 1, 0 %, 0 MiB
2026/09/02 20:13:52.745, 0, 0 %, 21657 MiB
2026/09/02 20:13:52.745, 1, 0 %, 0 MiB
2026/09/02 20:13:57.746, 0, 0 %, 21657 MiB
2026/09/02 20:13:57.746, 1, 0 %, 0 MiB
2026/09/02 20:14:02.747, 0, 0 %, 21657 MiB
2026/09/02 20:14:02.747, 1, 0 %, 0 MiB
2026/09/02 20:14:07.747, 0, 0 %, 21657 MiB
2026/09/02 20:14:07.748, 1, 0 %, 0 MiB
2026/09/02 20:14:12.748, 0, 0 %, 21657 MiB
2026/09/02 20:14:12.748, 1, 0 %, 0 MiB
2026/09/02 20:14:17.749, 0, 0 %, 21657 MiB
2026/09/02 20:14:17.749, 1, 0 %, 0 MiB
2026/09/02 20:14:22.750, 0, 41 %, 21657 MiB
2026/09/02 20:14:22.750, 1, 0 %, 0 MiB
2026/09/02 20:14:27.750, 0, 40 %, 21657 MiB
2026/09/02 20:14:27.750, 1, 0 %, 0 MiB
2026/09/02 20:14:32.751, 0, 40 %, 21657 MiB
2026/09/02 20:14:32.751, 1, 0 %, 0 MiB
2026/09/02 20:14:37.751, 0, 40 %, 21657 MiB
2026/09/02 20:14:37.752, 1, 0 %, 0 MiB
2026/09/02 20:14:42.752, 0, 40 %, 21657 MiB
2026/09/02 20:14:42.752, 1, 0 %, 0 MiB
2026/09/02 20:14:47.753, 0, 40 %, 21657 MiB
2026/09/02 20:14:47.753, 1, 0 %, 0 MiB
2026/09/02 20:14:52.754, 0, 0 %, 21657 MiB
2026/09/02 20:14:52.754, 1, 0 %, 0 MiB
2026/09/02 20:14:57.754, 0, 0 %, 21657 MiB
2026/09/02 20:14:57.754, 1, 0 %, 0 MiB
2026/09/02 20:15:02.755, 0, 0 %, 21657 MiB
2026/09/02 20:15:02.755, 1, 0 %, 0 MiB
2026/09/02 20:15:07.756, 0, 0 %, 21657 MiB
2026/09/02 20:15:07.756, 1, 0 %, 0 MiB
2026/09/02 20:15:12.756, 0, 0 %, 21657 MiB
2026/09/02 20:15:12.757, 1, 0 %, 0 MiB
2026/09/02 20:15:17.757, 0, 0 %, 21657 MiB
2026/09/02 20:15:17.757, 1, 0 %, 0 MiB
2026/09/02 20:15:22.758, 0, 0 %, 21657 MiB
2026/09/02 20:15:22.758, 1, 0 %, 0 MiB
2026/09/02 20:15:27.759, 0, 0 %, 21657 MiB
2026/09/02 20:15:27.759, 1, 0 %, 0 MiB
2026/09/02 20:15:32.760, 0, 0 %, 21657 MiB
2026/09/02 20:15:32.760, 1, 0 %, 0 MiB
2026/09/02 20:15:37.761, 0, 0 %, 21657 MiB
2026/09/02 20:15:37.761, 1, 0 %, 0 MiB
2026/09/02 20:15:42.762, 0, 0 %, 21657 MiB
2026/09/02 20:15:42.762, 1, 0 %, 0 MiB
2026/09/02 20:15:47.762, 0, 0 %, 21657 MiB
2026/09/02 20:15:47.762, 1, 0 %, 0 MiB
2026/09/02 20:15:52.763, 0, 0 %, 21657 MiB
2026/09/02 20:15:52.763, 1, 0 %, 0 MiB
2026/09/02 20:15:57.764, 0, 0 %, 21657 MiB
2026/09/02 20:15:57.764, 1, 0 %, 0 MiB
2026/09/02 20:16:02.764, 0, 28 %, 21657 MiB
2026/09/02 20:16:02.765, 1, 0 %, 0 MiB
2026/09/02 20:16:07.765, 0, 21 %, 21657 MiB
2026/09/02 20:16:07.765, 1, 0 %, 0 MiB
2026/09/02 20:16:12.766, 0, 28 %, 21657 MiB
2026/09/02 20:16:12.766, 1, 0 %, 0 MiB
2026/09/02 20:16:17.766, 0, 27 %, 21657 MiB
2026/09/02 20:16:17.767, 1, 0 %, 0 MiB
2026/09/02 20:16:22.767, 0, 0 %, 21657 MiB
2026/09/02 20:16:22.767, 1, 0 %, 0 MiB
2026/09/02 20:16:27.768, 0, 0 %, 21657 MiB
2026/09/02 20:16:27.768, 1, 0 %, 0 MiB
2026/09/02 20:16:32.769, 0, 24 %, 21659 MiB
2026/09/02 20:16:32.769, 1, 0 %, 0 MiB
2026/09/02 20:16:37.769, 0, 24 %, 21659 MiB
2026/09/02 20:16:37.769, 1, 0 %, 0 MiB
2026/09/02 20:16:42.770, 0, 24 %, 21659 MiB
2026/09/02 20:16:42.770, 1, 0 %, 0 MiB
2026/09/02 20:16:47.770, 0, 24 %, 21659 MiB
2026/09/02 20:16:47.771, 1, 0 %, 0 MiB
2026/09/02 20:16:52.771, 0, 0 %, 21659 MiB
2026/09/02 20:16:52.771, 1, 0 %, 0 MiB
2026/09/02 20:16:57.772, 0, 0 %, 21659 MiB
2026/09/02 20:16:57.772, 1, 0 %, 0 MiB
2026/09/02 20:17:02.773, 0, 0 %, 21659 MiB
2026/09/02 20:17:02.773, 1, 0 %, 0 MiB
2026/09/02 20:17:07.773, 0, 0 %, 21659 MiB
2026/09/02 20:17:07.773, 1, 0 %, 0 MiB
2026/09/02 20:17:12.774, 0, 0 %, 21659 MiB
2026/09/02 20:17:12.774, 1, 0 %, 0 MiB
2026/09/02 20:17:17.775, 0, 0 %, 21659 MiB
2026/09/02 20:17:17.775, 1, 0 %, 0 MiB
2026/09/02 20:17:22.775, 0, 0 %, 21659 MiB
2026/09/02 20:17:22.775, 1, 0 %, 0 MiB
2026/09/02 20:17:27.777, 0, 0 %, 21659 MiB
2026/09/02 20:17:27.777, 1, 0 %, 0 MiB
2026/09/02 20:17:32.777, 0, 0 %, 21659 MiB
2026/09/02 20:17:32.778, 1, 0 %, 0 MiB
2026/09/02 20:17:37.778, 0, 0 %, 21659 MiB
2026/09/02 20:17:37.778, 1, 0 %, 0 MiB
2026/09/02 20:17:42.779, 0, 0 %, 21659 MiB
2026/09/02 20:17:42.779, 1, 0 %, 0 MiB
2026/09/02 20:17:47.779, 0, 0 %, 21659 MiB
2026/09/02 20:17:47.780, 1, 0 %, 0 MiB
2026/09/02 20:17:52.780, 0, 0 %, 21659 MiB
2026/09/02 20:17:52.780, 1, 0 %, 0 MiB
2026/09/02 20:17:57.781, 0, 0 %, 21659 MiB
2026/09/02 20:17:57.781, 1, 0 %, 0 MiB
2026/09/02 20:18:02.781, 0, 0 %, 21659 MiB
2026/09/02 20:18:02.781, 1, 0 %, 0 MiB
2026/09/02 20:18:07.782, 0, 0 %, 21659 MiB
2026/09/02 20:18:07.782, 1, 0 %, 0 MiB
2026/09/02 20:18:12.783, 0, 0 %, 21659 MiB
2026/09/02 20:18:12.783, 1, 0 %, 0 MiB
2026/09/02 20:18:17.783, 0, 0 %, 21659 MiB
2026/09/02 20:18:17.783, 1, 0 %, 0 MiB
2026/09/02 20:18:22.784, 0, 0 %, 21659 MiB
2026/09/02 20:18:22.784, 1, 0 %, 0 MiB
2026/09/02 20:18:27.785, 0, 0 %, 21659 MiB
2026/09/02 20:18:27.785, 1, 0 %, 0 MiB
2026/09/02 20:18:32.785, 0, 0 %, 21659 MiB
2026/09/02 20:18:32.785, 1, 0 %, 0 MiB
2026/09/02 20:18:37.786, 0, 0 %, 21659 MiB
2026/09/02 20:18:37.786, 1, 0 %, 0 MiB
2026/09/02 20:18:42.787, 0, 0 %, 21659 MiB
2026/09/02 20:18:42.787, 1, 0 %, 0 MiB
2026/09/02 20:18:47.787, 0, 0 %, 21659 MiB
2026/09/02 20:18:47.788, 1, 0 %, 0 MiB
2026/09/02 20:18:52.788, 0, 0 %, 21659 MiB
2026/09/02 20:18:52.788, 1, 0 %, 0 MiB
2026/09/02 20:18:57.789, 0, 0 %, 21659 MiB
2026/09/02 20:18:57.789, 1, 0 %, 0 MiB
2026/09/02 20:19:02.789, 0, 0 %, 21659 MiB
2026/09/02 20:19:02.790, 1, 0 %, 0 MiB
2026/09/02 20:19:07.790, 0, 0 %, 21659 MiB
2026/09/02 20:19:07.790, 1, 0 %, 0 MiB
2026/09/02 20:19:12.791, 0, 0 %, 21659 MiB
2026/09/02 20:19:12.791, 1, 0 %, 0 MiB
2026/09/02 20:19:17.791, 0, 0 %, 21659 MiB
2026/09/02 20:19:17.791, 1, 0 %, 0 MiB
2026/09/02 20:19:22.792, 0, 0 %, 21659 MiB
2026/09/02 20:19:22.792, 1, 0 %, 0 MiB
2026/09/02 20:19:27.793, 0, 0 %, 21659 MiB
2026/09/02 20:19:27.793, 1, 0 %, 0 MiB
2026/09/02 20:19:32.793, 0, 0 %, 21659 MiB
2026/09/02 20:19:32.793, 1, 0 %, 0 MiB
2026/09/02 20:19:37.794, 0, 0 %, 21659 MiB
2026/09/02 20:19:37.794, 1, 0 %, 0 MiB
2026/09/02 20:19:42.795, 0, 0 %, 21659 MiB
2026/09/02 20:19:42.957, 1, 0 %, 0 MiB
2026/09/02 20:19:47.958, 0, 0 %, 21659 MiB
2026/09/02 20:19:47.958, 1, 0 %, 0 MiB
2026/09/02 20:19:52.958, 0, 0 %, 21659 MiB
2026/09/02 20:19:53.167, 1, 0 %, 0 MiB
2026/09/02 20:19:58.168, 0, 0 %, 21659 MiB
2026/09/02 20:19:58.265, 1, 0 %, 0 MiB
2026/09/02 20:20:03.265, 0, 0 %, 21659 MiB
2026/09/02 20:20:03.265, 1, 0 %, 0 MiB
2026/09/02 20:20:08.266, 0, 0 %, 21659 MiB
2026/09/02 20:20:08.266, 1, 0 %, 0 MiB
2026/09/02 20:20:13.267, 0, 0 %, 21659 MiB
2026/09/02 20:20:13.267, 1, 0 %, 0 MiB
2026/09/02 20:20:18.267, 0, 0 %, 21659 MiB
2026/09/02 20:20:18.267, 1, 0 %, 0 MiB
2026/09/02 20:20:23.268, 0, 0 %, 21659 MiB
2026/09/02 20:20:23.268, 1, 0 %, 0 MiB
2026/09/02 20:20:28.268, 0, 0 %, 21659 MiB
2026/09/02 20:20:28.268, 1, 0 %, 0 MiB
2026/09/02 20:20:33.269, 0, 0 %, 21659 MiB
2026/09/02 20:20:33.269, 1, 0 %, 0 MiB
2026/09/02 20:20:38.270, 0, 0 %, 21659 MiB
2026/09/02 20:20:38.270, 1, 0 %, 0 MiB
2026/09/02 20:20:43.270, 0, 0 %, 21659 MiB
2026/09/02 20:20:43.270, 1, 0 %, 0 MiB
2026/09/02 20:20:48.271, 0, 0 %, 21659 MiB
2026/09/02 20:20:48.271, 1, 0 %, 0 MiB
2026/09/02 20:20:53.272, 0, 0 %, 21659 MiB
2026/09/02 20:20:53.272, 1, 0 %, 0 MiB
2026/09/02 20:20:58.272, 0, 0 %, 21659 MiB
2026/09/02 20:20:58.272, 1, 0 %, 0 MiB
2026/09/02 20:21:03.273, 0, 0 %, 21659 MiB
2026/09/02 20:21:03.273, 1, 0 %, 0 MiB
2026/09/02 20:21:08.274, 0, 0 %, 21659 MiB
2026/09/02 20:21:08.274, 1, 0 %, 0 MiB
2026/09/02 20:21:13.274, 0, 0 %, 21659 MiB
2026/09/02 20:21:13.274, 1, 0 %, 0 MiB
2026/09/02 20:21:18.275, 0, 0 %, 21659 MiB
2026/09/02 20:21:18.275, 1, 0 %, 0 MiB
2026/09/02 20:21:23.275, 0, 0 %, 21659 MiB
2026/09/02 20:21:23.276, 1, 0 %, 0 MiB
2026/09/02 20:21:28.276, 0, 0 %, 21659 MiB
2026/09/02 20:21:28.276, 1, 0 %, 0 MiB
2026/09/02 20:21:33.277, 0, 0 %, 21659 MiB
2026/09/02 20:21:33.277, 1, 0 %, 0 MiB
2026/09/02 20:21:38.278, 0, 0 %, 21659 MiB
2026/09/02 20:21:38.278, 1, 0 %, 0 MiB
2026/09/02 20:21:43.278, 0, 0 %, 21659 MiB
2026/09/02 20:21:43.278, 1, 0 %, 0 MiB
2026/09/02 20:21:48.279, 0, 0 %, 21659 MiB
2026/09/02 20:21:48.279, 1, 0 %, 0 MiB
2026/09/02 20:21:53.279, 0, 0 %, 21659 MiB
2026/09/02 20:21:53.280, 1, 0 %, 0 MiB
2026/09/02 20:21:58.280, 0, 0 %, 21659 MiB
2026/09/02 20:21:58.280, 1, 0 %, 0 MiB
2026/09/02 20:22:03.281, 0, 0 %, 21659 MiB
2026/09/02 20:22:03.281, 1, 0 %, 0 MiB
2026/09/02 20:22:08.281, 0, 0 %, 21659 MiB
2026/09/02 20:22:08.282, 1, 0 %, 0 MiB
2026/09/02 20:22:13.282, 0, 0 %, 21659 MiB
2026/09/02 20:22:13.282, 1, 0 %, 0 MiB
2026/09/02 20:22:18.283, 0, 0 %, 21659 MiB
2026/09/02 20:22:18.283, 1, 0 %, 0 MiB
2026/09/02 20:22:23.283, 0, 0 %, 21659 MiB
2026/09/02 20:22:23.283, 1, 0 %, 0 MiB
2026/09/02 20:22:28.284, 0, 0 %, 21659 MiB
2026/09/02 20:22:28.284, 1, 0 %, 0 MiB
2026/09/02 20:22:33.284, 0, 0 %, 21659 MiB
2026/09/02 20:22:33.285, 1, 0 %, 0 MiB
2026/09/02 20:22:38.285, 0, 0 %, 21659 MiB
2026/09/02 20:22:38.285, 1, 0 %, 0 MiB
2026/09/02 20:22:43.286, 0, 0 %, 21659 MiB
2026/09/02 20:22:43.286, 1, 0 %, 0 MiB
2026/09/02 20:22:48.286, 0, 0 %, 21659 MiB
2026/09/02 20:22:48.286, 1, 0 %, 0 MiB
2026/09/02 20:22:53.287, 0, 0 %, 21659 MiB
2026/09/02 20:22:53.287, 1, 0 %, 0 MiB
2026/09/02 20:22:58.288, 0, 0 %, 21659 MiB
2026/09/02 20:22:58.288, 1, 0 %, 0 MiB
2026/09/02 20:23:03.288, 0, 0 %, 21659 MiB
2026/09/02 20:23:03.288, 1, 0 %, 0 MiB
2026/09/02 20:23:08.289, 0, 0 %, 21659 MiB
2026/09/02 20:23:08.289, 1, 0 %, 0 MiB
2026/09/02 20:23:13.289, 0, 0 %, 21659 MiB
2026/09/02 20:23:13.290, 1, 0 %, 0 MiB
2026/09/02 20:23:18.290, 0, 0 %, 21659 MiB
2026/09/02 20:23:18.290, 1, 0 %, 0 MiB
2026/09/02 20:23:23.291, 0, 0 %, 21659 MiB
2026/09/02 20:23:23.291, 1, 0 %, 0 MiB
2026/09/02 20:23:28.291, 0, 0 %, 21659 MiB
2026/09/02 20:23:28.292, 1, 0 %, 0 MiB
2026/09/02 20:23:33.292, 0, 0 %, 21659 MiB
2026/09/02 20:23:33.292, 1, 0 %, 0 MiB
2026/09/02 20:23:38.293, 0, 0 %, 21659 MiB
2026/09/02 20:23:38.293, 1, 0 %, 0 MiB
2026/09/02 20:23:43.294, 0, 0 %, 21659 MiB
2026/09/02 20:23:43.294, 1, 0 %, 0 MiB
2026/09/02 20:23:48.294, 0, 0 %, 21659 MiB
2026/09/02 20:23:48.295, 1, 0 %, 0 MiB
2026/09/02 20:23:53.295, 0, 0 %, 21659 MiB
2026/09/02 20:23:53.295, 1, 0 %, 0 MiB
2026/09/02 20:23:58.296, 0, 0 %, 21659 MiB
2026/09/02 20:23:58.296, 1, 0 %, 0 MiB
2026/09/02 20:24:03.296, 0, 0 %, 21659 MiB
2026/09/02 20:24:03.297, 1, 0 %, 0 MiB
2026/09/02 20:24:08.297, 0, 0 %, 21659 MiB
2026/09/02 20:24:08.297, 1, 0 %, 0 MiB
2026/09/02 20:24:13.298, 0, 0 %, 21659 MiB
2026/09/02 20:24:13.298, 1, 0 %, 0 MiB
2026/09/02 20:24:18.298, 0, 0 %, 21659 MiB
2026/09/02 20:24:18.299, 1, 0 %, 0 MiB
2026/09/02 20:24:23.299, 0, 0 %, 21659 MiB
2026/09/02 20:24:23.300, 1, 0 %, 0 MiB
2026/09/02 20:24:28.300, 0, 0 %, 21659 MiB
2026/09/02 20:24:28.300, 1, 0 %, 0 MiB
2026/09/02 20:24:33.301, 0, 0 %, 21659 MiB
2026/09/02 20:24:33.301, 1, 0 %, 0 MiB
2026/09/02 20:24:38.301, 0, 0 %, 21659 MiB
2026/09/02 20:24:38.301, 1, 0 %, 0 MiB
2026/09/02 20:24:43.302, 0, 0 %, 21659 MiB
2026/09/02 20:24:43.302, 1, 0 %, 0 MiB
2026/09/02 20:24:48.302, 0, 0 %, 21659 MiB
2026/09/02 20:24:48.303, 1, 0 %, 0 MiB
2026/09/02 20:24:53.303, 0, 0 %, 21659 MiB
2026/09/02 20:24:53.303, 1, 0 %, 0 MiB
2026/09/02 20:24:58.304, 0, 0 %, 21659 MiB
2026/09/02 20:24:58.304, 1, 0 %, 0 MiB
2026/09/02 20:25:03.304, 0, 0 %, 21659 MiB
2026/09/02 20:25:03.305, 1, 0 %, 0 MiB
2026/09/02 20:25:08.305, 0, 0 %, 21659 MiB
2026/09/02 20:25:08.305, 1, 0 %, 0 MiB
2026/09/02 20:25:13.306, 0, 0 %, 21659 MiB
2026/09/02 20:25:13.306, 1, 0 %, 0 MiB
2026/09/02 20:25:18.307, 0, 0 %, 21659 MiB
2026/09/02 20:25:18.307, 1, 0 %, 0 MiB
2026/09/02 20:25:23.307, 0, 0 %, 21659 MiB
2026/09/02 20:25:23.307, 1, 0 %, 0 MiB
2026/09/02 20:25:28.308, 0, 0 %, 21659 MiB
2026/09/02 20:25:28.308, 1, 0 %, 0 MiB
2026/09/02 20:25:33.308, 0, 0 %, 21659 MiB
2026/09/02 20:25:33.309, 1, 0 %, 0 MiB
2026/09/02 20:25:38.309, 0, 0 %, 21659 MiB
2026/09/02 20:25:38.309, 1, 0 %, 0 MiB
2026/09/02 20:25:43.310, 0, 0 %, 21659 MiB
2026/09/02 20:25:43.310, 1, 0 %, 0 MiB
2026/09/02 20:25:48.310, 0, 0 %, 21659 MiB
2026/09/02 20:25:48.310, 1, 0 %, 0 MiB
2026/09/02 20:25:53.311, 0, 0 %, 21659 MiB
2026/09/02 20:25:53.311, 1, 0 %, 0 MiB
2026/09/02 20:25:58.312, 0, 0 %, 21659 MiB
2026/09/02 20:25:58.312, 1, 0 %, 0 MiB
2026/09/02 20:26:03.312, 0, 0 %, 21659 MiB
2026/09/02 20:26:03.312, 1, 0 %, 0 MiB
2026/09/02 20:26:08.313, 0, 0 %, 21659 MiB
2026/09/02 20:26:08.313, 1, 0 %, 0 MiB
2026/09/02 20:26:13.313, 0, 0 %, 21659 MiB
2026/09/02 20:26:13.314, 1, 0 %, 0 MiB
2026/09/02 20:26:18.314, 0, 0 %, 21659 MiB
2026/09/02 20:26:18.314, 1, 0 %, 0 MiB
2026/09/02 20:26:23.315, 0, 0 %, 21659 MiB
2026/09/02 20:26:23.315, 1, 0 %, 0 MiB
2026/09/02 20:26:28.315, 0, 0 %, 21659 MiB
2026/09/02 20:26:28.315, 1, 0 %, 0 MiB
2026/09/02 20:26:33.316, 0, 0 %, 21659 MiB
2026/09/02 20:26:33.316, 1, 0 %, 0 MiB
2026/09/02 20:26:38.316, 0, 0 %, 21659 MiB
2026/09/02 20:26:38.317, 1, 0 %, 0 MiB
2026/09/02 20:26:43.318, 0, 0 %, 21659 MiB
2026/09/02 20:26:43.318, 1, 0 %, 0 MiB
2026/09/02 20:26:48.319, 0, 0 %, 21659 MiB
2026/09/02 20:26:48.319, 1, 0 %, 0 MiB
2026/09/02 20:26:53.319, 0, 0 %, 21659 MiB
2026/09/02 20:26:53.320, 1, 0 %, 0 MiB
2026/09/02 20:26:58.320, 0, 0 %, 21659 MiB
2026/09/02 20:26:58.320, 1, 0 %, 0 MiB
2026/09/02 20:27:03.321, 0, 0 %, 21659 MiB
2026/09/02 20:27:03.321, 1, 0 %, 0 MiB
2026/09/02 20:27:08.321, 0, 0 %, 21659 MiB
2026/09/02 20:27:08.321, 1, 0 %, 0 MiB
2026/09/02 20:27:13.322, 0, 0 %, 21659 MiB
2026/09/02 20:27:13.322, 1, 0 %, 0 MiB
2026/09/02 20:27:18.323, 0, 0 %, 21659 MiB
2026/09/02 20:27:18.323, 1, 0 %, 0 MiB
2026/09/02 20:27:23.323, 0, 0 %, 21659 MiB
2026/09/02 20:27:23.323, 1, 0 %, 0 MiB
2026/09/02 20:27:28.324, 0, 0 %, 21659 MiB
2026/09/02 20:27:28.324, 1, 0 %, 0 MiB
2026/09/02 20:27:33.324, 0, 0 %, 21659 MiB
2026/09/02 20:27:33.324, 1, 0 %, 0 MiB
2026/09/02 20:27:38.325, 0, 0 %, 21659 MiB
2026/09/02 20:27:38.325, 1, 0 %, 0 MiB
2026/09/02 20:27:43.326, 0, 0 %, 21659 MiB
2026/09/02 20:27:43.326, 1, 0 %, 0 MiB
2026/09/02 20:27:48.326, 0, 0 %, 21659 MiB
2026/09/02 20:27:48.326, 1, 0 %, 0 MiB
2026/09/02 20:27:53.327, 0, 0 %, 21659 MiB
2026/09/02 20:27:53.327, 1, 0 %, 0 MiB
2026/09/02 20:27:58.328, 0, 0 %, 21659 MiB
2026/09/02 20:27:58.328, 1, 0 %, 0 MiB
2026/09/02 20:28:03.328, 0, 0 %, 21659 MiB
2026/09/02 20:28:03.328, 1, 0 %, 0 MiB
2026/09/02 20:28:08.329, 0, 0 %, 21659 MiB
2026/09/02 20:28:08.329, 1, 0 %, 0 MiB
2026/09/02 20:28:13.329, 0, 0 %, 21659 MiB
2026/09/02 20:28:13.330, 1, 0 %, 0 MiB
2026/09/02 20:28:18.330, 0, 0 %, 21659 MiB
2026/09/02 20:28:18.330, 1, 0 %, 0 MiB
2026/09/02 20:28:23.331, 0, 0 %, 21659 MiB
2026/09/02 20:28:23.331, 1, 0 %, 0 MiB
2026/09/02 20:28:28.331, 0, 0 %, 21659 MiB
2026/09/02 20:28:28.331, 1, 0 %, 0 MiB
2026/09/02 20:28:33.332, 0, 0 %, 21659 MiB
2026/09/02 20:28:33.332, 1, 0 %, 0 MiB
2026/09/02 20:28:38.332, 0, 0 %, 21659 MiB
2026/09/02 20:28:38.333, 1, 0 %, 0 MiB
2026/09/02 20:28:43.333, 0, 0 %, 21659 MiB
2026/09/02 20:28:43.333, 1, 0 %, 0 MiB
2026/09/02 20:28:48.334, 0, 0 %, 21659 MiB
2026/09/02 20:28:48.334, 1, 0 %, 0 MiB
2026/09/02 20:28:53.334, 0, 0 %, 21659 MiB
2026/09/02 20:28:53.334, 1, 0 %, 0 MiB
2026/09/02 20:28:58.335, 0, 0 %, 21659 MiB
2026/09/02 20:28:58.335, 1, 0 %, 0 MiB
2026/09/02 20:29:03.336, 0, 0 %, 21659 MiB
2026/09/02 20:29:03.336, 1, 0 %, 0 MiB
2026/09/02 20:29:08.337, 0, 0 %, 21659 MiB
2026/09/02 20:29:08.337, 1, 0 %, 0 MiB
2026/09/02 20:29:13.337, 0, 0 %, 21659 MiB
2026/09/02 20:29:13.337, 1, 0 %, 0 MiB
2026/09/02 20:29:18.338, 0, 0 %, 21659 MiB
2026/09/02 20:29:18.338, 1, 0 %, 0 MiB
2026/09/02 20:29:23.338, 0, 0 %, 21659 MiB
2026/09/02 20:29:23.339, 1, 0 %, 0 MiB
2026/09/02 20:29:28.339, 0, 0 %, 21659 MiB
2026/09/02 20:29:28.339, 1, 0 %, 0 MiB
2026/09/02 20:29:33.340, 0, 0 %, 21659 MiB
2026/09/02 20:29:33.340, 1, 0 %, 0 MiB
2026/09/02 20:29:38.340, 0, 0 %, 21659 MiB
2026/09/02 20:29:38.340, 1, 0 %, 0 MiB
2026/09/02 20:29:43.341, 0, 0 %, 21659 MiB
2026/09/02 20:29:43.341, 1, 0 %, 0 MiB
2026/09/02 20:29:48.342, 0, 0 %, 21659 MiB
2026/09/02 20:29:48.342, 1, 0 %, 0 MiB
2026/09/02 20:29:53.342, 0, 0 %, 21659 MiB
2026/09/02 20:29:53.342, 1, 0 %, 0 MiB
2026/09/02 20:29:58.343, 0, 0 %, 21659 MiB
2026/09/02 20:29:58.343, 1, 0 %, 0 MiB
2026/09/02 20:30:03.343, 0, 0 %, 21659 MiB
2026/09/02 20:30:03.343, 1, 0 %, 0 MiB
2026/09/02 20:30:08.344, 0, 0 %, 21659 MiB
2026/09/02 20:30:08.344, 1, 0 %, 0 MiB
2026/09/02 20:30:13.345, 0, 0 %, 21659 MiB
2026/09/02 20:30:13.345, 1, 0 %, 0 MiB
2026/09/02 20:30:18.345, 0, 0 %, 21659 MiB
2026/09/02 20:30:18.345, 1, 0 %, 0 MiB
2026/09/02 20:30:23.346, 0, 0 %, 21659 MiB
2026/09/02 20:30:23.346, 1, 0 %, 0 MiB
2026/09/02 20:30:28.346, 0, 0 %, 21659 MiB
2026/09/02 20:30:28.347, 1, 0 %, 0 MiB
2026/09/02 20:30:33.347, 0, 0 %, 21659 MiB
2026/09/02 20:30:33.347, 1, 0 %, 0 MiB
2026/09/02 20:30:38.348, 0, 0 %, 21659 MiB
2026/09/02 20:30:38.348, 1, 0 %, 0 MiB
2026/09/02 20:30:43.348, 0, 0 %, 21659 MiB
2026/09/02 20:30:43.348, 1, 0 %, 0 MiB
2026/09/02 20:30:48.349, 0, 0 %, 21659 MiB
2026/09/02 20:30:48.349, 1, 0 %, 0 MiB
2026/09/02 20:30:53.349, 0, 0 %, 21659 MiB
2026/09/02 20:30:53.350, 1, 0 %, 0 MiB
2026/09/02 20:30:58.350, 0, 0 %, 21659 MiB
2026/09/02 20:30:58.350, 1, 0 %, 0 MiB
2026/09/02 20:31:03.351, 0, 0 %, 21659 MiB
2026/09/02 20:31:03.351, 1, 0 %, 0 MiB
2026/09/02 20:31:08.351, 0, 0 %, 21659 MiB
2026/09/02 20:31:08.351, 1, 0 %, 0 MiB
2026/09/02 20:31:13.352, 0, 0 %, 21659 MiB
2026/09/02 20:31:13.352, 1, 0 %, 0 MiB
2026/09/02 20:31:18.352, 0, 0 %, 21659 MiB
2026/09/02 20:31:18.352, 1, 0 %, 0 MiB
2026/09/02 20:31:23.353, 0, 0 %, 21659 MiB
2026/09/02 20:31:23.353, 1, 0 %, 0 MiB
2026/09/02 20:31:28.354, 0, 0 %, 21659 MiB
2026/09/02 20:31:28.354, 1, 0 %, 0 MiB
2026/09/02 20:31:33.354, 0, 0 %, 21659 MiB
2026/09/02 20:31:33.354, 1, 0 %, 0 MiB
2026/09/02 20:31:38.355, 0, 0 %, 21659 MiB
2026/09/02 20:31:38.355, 1, 0 %, 0 MiB
2026/09/02 20:31:43.356, 0, 0 %, 21659 MiB
2026/09/02 20:31:43.356, 1, 0 %, 0 MiB
2026/09/02 20:31:48.356, 0, 0 %, 21659 MiB
2026/09/02 20:31:48.356, 1, 0 %, 0 MiB
2026/09/02 20:31:53.357, 0, 0 %, 21659 MiB
2026/09/02 20:31:53.357, 1, 0 %, 0 MiB
2026/09/02 20:31:58.358, 0, 0 %, 21659 MiB
2026/09/02 20:31:58.358, 1, 0 %, 0 MiB
2026/09/02 20:32:03.359, 0, 0 %, 21659 MiB
2026/09/02 20:32:03.359, 1, 0 %, 0 MiB
2026/09/02 20:32:08.359, 0, 0 %, 21659 MiB
2026/09/02 20:32:08.360, 1, 0 %, 0 MiB
2026/09/02 20:32:13.360, 0, 0 %, 21659 MiB
2026/09/02 20:32:13.360, 1, 0 %, 0 MiB
2026/09/02 20:32:18.361, 0, 0 %, 21659 MiB
2026/09/02 20:32:18.361, 1, 0 %, 0 MiB
2026/09/02 20:32:23.361, 0, 0 %, 21659 MiB
2026/09/02 20:32:23.361, 1, 0 %, 0 MiB
2026/09/02 20:32:28.362, 0, 0 %, 21659 MiB
2026/09/02 20:32:28.362, 1, 0 %, 0 MiB
2026/09/02 20:32:33.362, 0, 0 %, 21659 MiB
2026/09/02 20:32:33.362, 1, 0 %, 0 MiB
2026/09/02 20:32:38.363, 0, 0 %, 21659 MiB
2026/09/02 20:32:38.363, 1, 0 %, 0 MiB
2026/09/02 20:32:43.364, 0, 0 %, 21659 MiB
2026/09/02 20:32:43.364, 1, 0 %, 0 MiB
2026/09/02 20:32:48.364, 0, 0 %, 21659 MiB
2026/09/02 20:32:48.364, 1, 0 %, 0 MiB
2026/09/02 20:32:53.365, 0, 0 %, 21659 MiB
2026/09/02 20:32:53.365, 1, 0 %, 0 MiB
2026/09/02 20:32:58.365, 0, 0 %, 21659 MiB
2026/09/02 20:32:58.365, 1, 0 %, 0 MiB
2026/09/02 20:33:03.366, 0, 0 %, 21659 MiB
2026/09/02 20:33:03.366, 1, 0 %, 0 MiB
2026/09/02 20:33:08.367, 0, 0 %, 21659 MiB
2026/09/02 20:33:08.370, 1, 0 %, 0 MiB
2026/09/02 20:33:13.372, 0, 0 %, 21659 MiB
2026/09/02 20:33:13.374, 1, 0 %, 0 MiB
2026/09/02 20:33:18.375, 0, 0 %, 21659 MiB
2026/09/02 20:33:18.375, 1, 0 %, 0 MiB
2026/09/02 20:33:23.375, 0, 0 %, 21659 MiB
2026/09/02 20:33:23.375, 1, 0 %, 0 MiB
2026/09/02 20:33:28.376, 0, 0 %, 21659 MiB
2026/09/02 20:33:28.376, 1, 0 %, 0 MiB
2026/09/02 20:33:33.376, 0, 0 %, 21659 MiB
2026/09/02 20:33:33.376, 1, 0 %, 0 MiB
2026/09/02 20:33:38.377, 0, 0 %, 21659 MiB
2026/09/02 20:33:38.377, 1, 0 %, 0 MiB
2026/09/02 20:33:43.377, 0, 0 %, 21659 MiB
2026/09/02 20:33:43.378, 1, 0 %, 0 MiB
2026/09/02 20:33:48.378, 0, 0 %, 21659 MiB
2026/09/02 20:33:48.378, 1, 0 %, 0 MiB
2026/09/02 20:33:53.379, 0, 0 %, 21659 MiB
2026/09/02 20:33:53.379, 1, 0 %, 0 MiB
2026/09/02 20:33:58.380, 0, 0 %, 21659 MiB
2026/09/02 20:33:58.380, 1, 0 %, 0 MiB
2026/09/02 20:34:03.380, 0, 0 %, 21659 MiB
2026/09/02 20:34:03.380, 1, 0 %, 0 MiB
2026/09/02 20:34:08.381, 0, 0 %, 21659 MiB
2026/09/02 20:34:08.381, 1, 0 %, 0 MiB
2026/09/02 20:34:13.381, 0, 0 %, 21659 MiB
2026/09/02 20:34:13.381, 1, 0 %, 0 MiB
2026/09/02 20:34:18.382, 0, 0 %, 21659 MiB
2026/09/02 20:34:18.382, 1, 0 %, 0 MiB
2026/09/02 20:34:23.383, 0, 0 %, 21659 MiB
2026/09/02 20:34:23.383, 1, 0 %, 0 MiB
2026/09/02 20:34:28.383, 0, 0 %, 21659 MiB
2026/09/02 20:34:28.383, 1, 0 %, 0 MiB
2026/09/02 20:34:33.384, 0, 0 %, 21659 MiB
2026/09/02 20:34:33.384, 1, 0 %, 0 MiB
2026/09/02 20:34:38.384, 0, 0 %, 21659 MiB
2026/09/02 20:34:38.384, 1, 0 %, 0 MiB
2026/09/02 20:34:43.385, 0, 0 %, 21659 MiB
2026/09/02 20:34:43.385, 1, 0 %, 0 MiB
2026/09/02 20:34:48.385, 0, 0 %, 21659 MiB
2026/09/02 20:34:48.386, 1, 0 %, 0 MiB
2026/09/02 20:34:53.386, 0, 0 %, 21659 MiB
2026/09/02 20:34:53.386, 1, 0 %, 0 MiB
2026/09/02 20:34:58.387, 0, 0 %, 21659 MiB
2026/09/02 20:34:58.387, 1, 0 %, 0 MiB
2026/09/02 20:35:03.387, 0, 0 %, 21659 MiB
2026/09/02 20:35:03.387, 1, 0 %, 0 MiB
2026/09/02 20:35:08.388, 0, 0 %, 21659 MiB
2026/09/02 20:35:08.388, 1, 0 %, 0 MiB
2026/09/02 20:35:13.388, 0, 0 %, 21659 MiB
2026/09/02 20:35:13.389, 1, 0 %, 0 MiB
2026/09/02 20:35:18.389, 0, 0 %, 21659 MiB
2026/09/02 20:35:18.389, 1, 0 %, 0 MiB
2026/09/02 20:35:23.390, 0, 0 %, 21659 MiB
2026/09/02 20:35:23.390, 1, 0 %, 0 MiB
2026/09/02 20:35:28.390, 0, 21 %, 21659 MiB
2026/09/02 20:35:28.390, 1, 0 %, 0 MiB
2026/09/02 20:35:33.391, 0, 21 %, 21659 MiB
2026/09/02 20:35:33.391, 1, 0 %, 0 MiB
2026/09/02 20:35:38.392, 0, 0 %, 21659 MiB
2026/09/02 20:35:38.392, 1, 0 %, 0 MiB
2026/09/02 20:35:43.392, 0, 0 %, 21659 MiB
2026/09/02 20:35:43.392, 1, 0 %, 0 MiB
2026/09/02 20:35:48.393, 0, 0 %, 21659 MiB
2026/09/02 20:35:48.393, 1, 0 %, 0 MiB
2026/09/02 20:35:53.394, 0, 0 %, 21659 MiB
2026/09/02 20:35:53.394, 1, 0 %, 0 MiB
2026/09/02 20:35:58.395, 0, 0 %, 21659 MiB
2026/09/02 20:35:58.395, 1, 0 %, 0 MiB
2026/09/02 20:36:03.395, 0, 0 %, 21659 MiB
2026/09/02 20:36:03.395, 1, 0 %, 0 MiB
2026/09/02 20:36:08.396, 0, 0 %, 21659 MiB
2026/09/02 20:36:08.396, 1, 0 %, 0 MiB
2026/09/02 20:36:13.396, 0, 0 %, 21659 MiB
2026/09/02 20:36:13.397, 1, 0 %, 0 MiB
2026/09/02 20:36:18.397, 0, 0 %, 21659 MiB
2026/09/02 20:36:18.397, 1, 0 %, 0 MiB
2026/09/02 20:36:23.398, 0, 0 %, 21659 MiB
2026/09/02 20:36:23.398, 1, 0 %, 0 MiB
2026/09/02 20:36:28.398, 0, 0 %, 21659 MiB
2026/09/02 20:36:28.399, 1, 0 %, 0 MiB
2026/09/02 20:36:33.399, 0, 0 %, 21659 MiB
2026/09/02 20:36:33.399, 1, 0 %, 0 MiB
2026/09/02 20:36:38.400, 0, 0 %, 21659 MiB
2026/09/02 20:36:38.400, 1, 0 %, 0 MiB
2026/09/02 20:36:43.400, 0, 0 %, 21659 MiB
2026/09/02 20:36:43.401, 1, 0 %, 0 MiB
2026/09/02 20:36:48.401, 0, 0 %, 21659 MiB
2026/09/02 20:36:48.401, 1, 0 %, 0 MiB
2026/09/02 20:36:53.402, 0, 0 %, 21659 MiB
2026/09/02 20:36:53.402, 1, 0 %, 0 MiB
2026/09/02 20:36:58.402, 0, 0 %, 21659 MiB
2026/09/02 20:36:58.402, 1, 0 %, 0 MiB
2026/09/02 20:37:03.403, 0, 0 %, 21659 MiB
2026/09/02 20:37:03.403, 1, 0 %, 0 MiB
2026/09/02 20:37:08.404, 0, 0 %, 21659 MiB
2026/09/02 20:37:08.404, 1, 0 %, 0 MiB
2026/09/02 20:37:13.404, 0, 0 %, 21659 MiB
2026/09/02 20:37:13.404, 1, 0 %, 0 MiB
2026/09/02 20:37:18.405, 0, 0 %, 21659 MiB
2026/09/02 20:37:18.405, 1, 0 %, 0 MiB
2026/09/02 20:37:23.406, 0, 0 %, 21659 MiB
2026/09/02 20:37:23.406, 1, 0 %, 0 MiB
2026/09/02 20:37:28.406, 0, 0 %, 21659 MiB
2026/09/02 20:37:28.406, 1, 0 %, 0 MiB
2026/09/02 20:37:33.407, 0, 0 %, 21659 MiB
2026/09/02 20:37:33.407, 1, 0 %, 0 MiB
2026/09/02 20:37:38.408, 0, 0 %, 21659 MiB
2026/09/02 20:37:38.408, 1, 0 %, 0 MiB
2026/09/02 20:37:43.408, 0, 0 %, 21659 MiB
2026/09/02 20:37:43.408, 1, 0 %, 0 MiB
2026/09/02 20:37:48.409, 0, 0 %, 21659 MiB
2026/09/02 20:37:48.409, 1, 0 %, 0 MiB
2026/09/02 20:37:53.409, 0, 0 %, 21659 MiB
2026/09/02 20:37:53.410, 1, 0 %, 0 MiB
2026/09/02 20:37:58.410, 0, 0 %, 21659 MiB
2026/09/02 20:37:58.410, 1, 0 %, 0 MiB
2026/09/02 20:38:03.411, 0, 0 %, 21659 MiB
2026/09/02 20:38:03.411, 1, 0 %, 0 MiB
2026/09/02 20:38:08.411, 0, 0 %, 21659 MiB
2026/09/02 20:38:08.411, 1, 0 %, 0 MiB
2026/09/02 20:38:13.412, 0, 0 %, 21659 MiB
2026/09/02 20:38:13.412, 1, 0 %, 0 MiB
2026/09/02 20:38:18.412, 0, 0 %, 21659 MiB
2026/09/02 20:38:18.413, 1, 0 %, 0 MiB
2026/09/02 20:38:23.413, 0, 0 %, 21659 MiB
2026/09/02 20:38:23.413, 1, 0 %, 0 MiB
2026/09/02 20:38:28.414, 0, 0 %, 21659 MiB
2026/09/02 20:38:28.414, 1, 0 %, 0 MiB
2026/09/02 20:38:33.414, 0, 0 %, 21659 MiB
2026/09/02 20:38:33.414, 1, 0 %, 0 MiB
2026/09/02 20:38:38.415, 0, 0 %, 21659 MiB
2026/09/02 20:38:38.415, 1, 0 %, 0 MiB
2026/09/02 20:38:43.415, 0, 0 %, 21659 MiB
2026/09/02 20:38:43.416, 1, 0 %, 0 MiB
2026/09/02 20:38:48.416, 0, 0 %, 21659 MiB
2026/09/02 20:38:48.416, 1, 0 %, 0 MiB
2026/09/02 20:38:53.417, 0, 0 %, 21659 MiB
2026/09/02 20:38:53.417, 1, 0 %, 0 MiB
2026/09/02 20:38:58.417, 0, 0 %, 21659 MiB
2026/09/02 20:38:58.418, 1, 0 %, 0 MiB
2026/09/02 20:39:03.418, 0, 0 %, 21659 MiB
2026/09/02 20:39:03.418, 1, 0 %, 0 MiB
2026/09/02 20:39:08.419, 0, 0 %, 21659 MiB
2026/09/02 20:39:08.419, 1, 0 %, 0 MiB
2026/09/02 20:39:13.420, 0, 0 %, 21659 MiB
2026/09/02 20:39:13.420, 1, 0 %, 0 MiB
2026/09/02 20:39:18.420, 0, 0 %, 21659 MiB
2026/09/02 20:39:18.420, 1, 0 %, 0 MiB
2026/09/02 20:39:23.421, 0, 0 %, 21659 MiB
2026/09/02 20:39:23.421, 1, 0 %, 0 MiB
2026/09/02 20:39:28.421, 0, 0 %, 21659 MiB
2026/09/02 20:39:28.421, 1, 0 %, 0 MiB
2026/09/02 20:39:33.422, 0, 0 %, 21659 MiB
2026/09/02 20:39:33.422, 1, 0 %, 0 MiB
2026/09/02 20:39:38.423, 0, 0 %, 21659 MiB
2026/09/02 20:39:38.423, 1, 0 %, 0 MiB
2026/09/02 20:39:43.423, 0, 0 %, 21659 MiB
2026/09/02 20:39:43.423, 1, 0 %, 0 MiB
2026/09/02 20:39:48.424, 0, 0 %, 21659 MiB
2026/09/02 20:39:48.424, 1, 0 %, 0 MiB
2026/09/02 20:39:53.424, 0, 0 %, 21659 MiB
2026/09/02 20:39:53.425, 1, 0 %, 0 MiB
2026/09/02 20:39:58.425, 0, 0 %, 21659 MiB
2026/09/02 20:39:58.425, 1, 0 %, 0 MiB
2026/09/02 20:40:03.426, 0, 0 %, 21659 MiB
2026/09/02 20:40:03.426, 1, 0 %, 0 MiB
2026/09/02 20:40:08.426, 0, 0 %, 21659 MiB
2026/09/02 20:40:08.427, 1, 0 %, 0 MiB
2026/09/02 20:40:13.427, 0, 0 %, 21659 MiB
2026/09/02 20:40:13.427, 1, 0 %, 0 MiB
2026/09/02 20:40:18.428, 0, 0 %, 21659 MiB
2026/09/02 20:40:18.428, 1, 0 %, 0 MiB
2026/09/02 20:40:23.428, 0, 0 %, 21659 MiB
2026/09/02 20:40:23.428, 1, 0 %, 0 MiB
2026/09/02 20:40:28.429, 0, 0 %, 21659 MiB
2026/09/02 20:40:28.429, 1, 0 %, 0 MiB
2026/09/02 20:40:33.430, 0, 0 %, 21659 MiB
2026/09/02 20:40:33.430, 1, 0 %, 0 MiB
2026/09/02 20:40:38.430, 0, 0 %, 21659 MiB
2026/09/02 20:40:38.431, 1, 0 %, 0 MiB
2026/09/02 20:40:43.431, 0, 0 %, 21659 MiB
2026/09/02 20:40:43.431, 1, 0 %, 0 MiB
2026/09/02 20:40:48.432, 0, 0 %, 21659 MiB
2026/09/02 20:40:48.432, 1, 0 %, 0 MiB
2026/09/02 20:40:53.432, 0, 0 %, 21659 MiB
2026/09/02 20:40:53.432, 1, 0 %, 0 MiB
2026/09/02 20:40:58.433, 0, 0 %, 21659 MiB
2026/09/02 20:40:58.433, 1, 0 %, 0 MiB
2026/09/02 20:41:03.434, 0, 0 %, 21659 MiB
2026/09/02 20:41:03.434, 1, 0 %, 0 MiB
2026/09/02 20:41:08.434, 0, 0 %, 21659 MiB
2026/09/02 20:41:08.435, 1, 0 %, 0 MiB
2026/09/02 20:41:13.435, 0, 0 %, 21659 MiB
2026/09/02 20:41:13.435, 1, 0 %, 0 MiB
2026/09/02 20:41:18.436, 0, 0 %, 21659 MiB
2026/09/02 20:41:18.436, 1, 0 %, 0 MiB
2026/09/02 20:41:23.436, 0, 0 %, 21659 MiB
2026/09/02 20:41:23.436, 1, 0 %, 0 MiB
2026/09/02 20:41:28.437, 0, 0 %, 21659 MiB
2026/09/02 20:41:28.437, 1, 0 %, 0 MiB
2026/09/02 20:41:33.438, 0, 0 %, 21659 MiB
2026/09/02 20:41:33.438, 1, 0 %, 0 MiB
2026/09/02 20:41:38.438, 0, 0 %, 21659 MiB
2026/09/02 20:41:38.438, 1, 0 %, 0 MiB
2026/09/02 20:41:43.439, 0, 0 %, 21659 MiB
2026/09/02 20:41:43.439, 1, 0 %, 0 MiB
2026/09/02 20:41:48.440, 0, 0 %, 21659 MiB
2026/09/02 20:41:48.440, 1, 0 %, 0 MiB
2026/09/02 20:41:53.441, 0, 0 %, 21659 MiB
2026/09/02 20:41:53.441, 1, 0 %, 0 MiB
2026/09/02 20:41:58.441, 0, 0 %, 21659 MiB
2026/09/02 20:41:58.441, 1, 0 %, 0 MiB
2026/09/02 20:42:03.442, 0, 0 %, 21659 MiB
2026/09/02 20:42:03.442, 1, 0 %, 0 MiB
2026/09/02 20:42:08.442, 0, 0 %, 21659 MiB
2026/09/02 20:42:08.442, 1, 0 %, 0 MiB
2026/09/02 20:42:13.443, 0, 0 %, 21659 MiB
2026/09/02 20:42:13.443, 1, 0 %, 0 MiB
2026/09/02 20:42:18.444, 0, 0 %, 21659 MiB
2026/09/02 20:42:18.444, 1, 0 %, 0 MiB
2026/09/02 20:42:23.444, 0, 0 %, 21659 MiB
2026/09/02 20:42:23.444, 1, 0 %, 0 MiB
2026/09/02 20:42:28.445, 0, 0 %, 21659 MiB
2026/09/02 20:42:28.445, 1, 0 %, 0 MiB
2026/09/02 20:42:33.445, 0, 0 %, 21659 MiB
2026/09/02 20:42:33.445, 1, 0 %, 0 MiB
2026/09/02 20:42:38.446, 0, 0 %, 21659 MiB
2026/09/02 20:42:38.446, 1, 0 %, 0 MiB
2026/09/02 20:42:43.447, 0, 0 %, 21659 MiB
2026/09/02 20:42:43.447, 1, 0 %, 0 MiB
2026/09/02 20:42:48.447, 0, 0 %, 21659 MiB
2026/09/02 20:42:48.447, 1, 0 %, 0 MiB
2026/09/02 20:42:53.448, 0, 0 %, 21659 MiB
2026/09/02 20:42:53.448, 1, 0 %, 0 MiB
2026/09/02 20:42:58.449, 0, 0 %, 21659 MiB
2026/09/02 20:42:58.449, 1, 0 %, 0 MiB
2026/09/02 20:43:03.449, 0, 0 %, 21659 MiB
2026/09/02 20:43:03.449, 1, 0 %, 0 MiB
2026/09/02 20:43:08.450, 0, 0 %, 21659 MiB
2026/09/02 20:43:08.450, 1, 0 %, 0 MiB
2026/09/02 20:43:13.450, 0, 0 %, 21659 MiB
2026/09/02 20:43:13.451, 1, 0 %, 0 MiB
2026/09/02 20:43:18.451, 0, 0 %, 21659 MiB
2026/09/02 20:43:18.451, 1, 0 %, 0 MiB
2026/09/02 20:43:23.452, 0, 0 %, 21659 MiB
2026/09/02 20:43:23.452, 1, 0 %, 0 MiB
2026/09/02 20:43:28.452, 0, 0 %, 21659 MiB
2026/09/02 20:43:28.453, 1, 0 %, 0 MiB
2026/09/02 20:43:33.453, 0, 0 %, 21659 MiB
2026/09/02 20:43:33.453, 1, 0 %, 0 MiB
2026/09/02 20:43:38.454, 0, 0 %, 21659 MiB
2026/09/02 20:43:38.454, 1, 0 %, 0 MiB
2026/09/02 20:43:43.454, 0, 0 %, 21659 MiB
2026/09/02 20:43:43.454, 1, 0 %, 0 MiB
2026/09/02 20:43:48.455, 0, 0 %, 21659 MiB
2026/09/02 20:43:48.455, 1, 0 %, 0 MiB
2026/09/02 20:43:53.456, 0, 0 %, 21659 MiB
2026/09/02 20:43:53.456, 1, 0 %, 0 MiB
2026/09/02 20:43:58.456, 0, 0 %, 21659 MiB
2026/09/02 20:43:58.456, 1, 0 %, 0 MiB
2026/09/02 20:44:03.457, 0, 0 %, 21659 MiB
2026/09/02 20:44:03.457, 1, 0 %, 0 MiB
2026/09/02 20:44:08.457, 0, 0 %, 21659 MiB
2026/09/02 20:44:08.458, 1, 0 %, 0 MiB
2026/09/02 20:44:13.458, 0, 0 %, 21659 MiB
2026/09/02 20:44:13.458, 1, 0 %, 0 MiB
2026/09/02 20:44:18.459, 0, 0 %, 21659 MiB
2026/09/02 20:44:18.459, 1, 0 %, 0 MiB
2026/09/02 20:44:23.459, 0, 0 %, 21659 MiB
2026/09/02 20:44:23.460, 1, 0 %, 0 MiB
2026/09/02 20:44:28.460, 0, 0 %, 21659 MiB
2026/09/02 20:44:28.460, 1, 0 %, 0 MiB
2026/09/02 20:44:33.461, 0, 0 %, 21659 MiB
2026/09/02 20:44:33.461, 1, 0 %, 0 MiB
2026/09/02 20:44:38.461, 0, 0 %, 21659 MiB
2026/09/02 20:44:38.461, 1, 0 %, 0 MiB
2026/09/02 20:44:43.462, 0, 0 %, 21659 MiB
2026/09/02 20:44:43.462, 1, 0 %, 0 MiB
2026/09/02 20:44:48.463, 0, 0 %, 21659 MiB
2026/09/02 20:44:48.463, 1, 0 %, 0 MiB
2026/09/02 20:44:53.464, 0, 0 %, 21659 MiB
2026/09/02 20:44:53.464, 1, 0 %, 0 MiB
2026/09/02 20:44:58.464, 0, 0 %, 21659 MiB
2026/09/02 20:44:58.464, 1, 0 %, 0 MiB
2026/09/02 20:45:03.465, 0, 0 %, 21659 MiB
2026/09/02 20:45:03.465, 1, 0 %, 0 MiB
2026/09/02 20:45:08.465, 0, 0 %, 21659 MiB
2026/09/02 20:45:08.465, 1, 0 %, 0 MiB
2026/09/02 20:45:13.466, 0, 0 %, 21659 MiB
2026/09/02 20:45:13.466, 1, 0 %, 0 MiB
2026/09/02 20:45:18.467, 0, 0 %, 21659 MiB
2026/09/02 20:45:18.467, 1, 0 %, 0 MiB
2026/09/02 20:45:23.467, 0, 0 %, 21659 MiB
2026/09/02 20:45:23.467, 1, 0 %, 0 MiB
2026/09/02 20:45:28.468, 0, 0 %, 21659 MiB
2026/09/02 20:45:28.468, 1, 0 %, 0 MiB
2026/09/02 20:45:33.468, 0, 0 %, 21659 MiB
2026/09/02 20:45:33.469, 1, 0 %, 0 MiB
2026/09/02 20:45:38.469, 0, 0 %, 21659 MiB
2026/09/02 20:45:38.469, 1, 0 %, 0 MiB
2026/09/02 20:45:43.470, 0, 0 %, 21659 MiB
2026/09/02 20:45:43.470, 1, 0 %, 0 MiB
2026/09/02 20:45:48.470, 0, 0 %, 21659 MiB
2026/09/02 20:45:48.471, 1, 0 %, 0 MiB
2026/09/02 20:45:53.471, 0, 0 %, 21659 MiB
2026/09/02 20:45:53.471, 1, 0 %, 0 MiB
2026/09/02 20:45:58.472, 0, 18 %, 21659 MiB
2026/09/02 20:45:58.472, 1, 0 %, 0 MiB
2026/09/02 20:46:03.472, 0, 18 %, 21659 MiB
2026/09/02 20:46:03.472, 1, 0 %, 0 MiB
2026/09/02 20:46:08.473, 0, 0 %, 21659 MiB
2026/09/02 20:46:08.473, 1, 0 %, 0 MiB
2026/09/02 20:46:13.474, 0, 0 %, 21659 MiB
2026/09/02 20:46:13.474, 1, 0 %, 0 MiB
2026/09/02 20:46:18.474, 0, 0 %, 21659 MiB
2026/09/02 20:46:18.474, 1, 0 %, 0 MiB
2026/09/02 20:46:23.475, 0, 0 %, 21659 MiB
2026/09/02 20:46:23.475, 1, 0 %, 0 MiB
2026/09/02 20:46:28.476, 0, 0 %, 21659 MiB
2026/09/02 20:46:28.476, 1, 0 %, 0 MiB
2026/09/02 20:46:33.476, 0, 0 %, 21659 MiB
2026/09/02 20:46:33.476, 1, 0 %, 0 MiB
2026/09/02 20:46:38.477, 0, 0 %, 21659 MiB
2026/09/02 20:46:38.477, 1, 0 %, 0 MiB
2026/09/02 20:46:43.478, 0, 0 %, 21659 MiB
2026/09/02 20:46:43.478, 1, 0 %, 0 MiB
2026/09/02 20:46:48.479, 0, 0 %, 21659 MiB
2026/09/02 20:46:48.479, 1, 0 %, 0 MiB
2026/09/02 20:46:53.479, 0, 0 %, 21659 MiB
2026/09/02 20:46:53.480, 1, 0 %, 0 MiB
2026/09/02 20:46:58.480, 0, 0 %, 21659 MiB
2026/09/02 20:46:58.480, 1, 0 %, 0 MiB
2026/09/02 20:47:03.481, 0, 0 %, 21659 MiB
2026/09/02 20:47:03.481, 1, 0 %, 0 MiB
2026/09/02 20:47:08.481, 0, 0 %, 21659 MiB
2026/09/02 20:47:08.481, 1, 0 %, 0 MiB
2026/09/02 20:47:13.482, 0, 0 %, 21659 MiB
2026/09/02 20:47:13.482, 1, 0 %, 0 MiB
2026/09/02 20:47:18.483, 0, 0 %, 21659 MiB
2026/09/02 20:47:18.483, 1, 0 %, 0 MiB
2026/09/02 20:47:23.483, 0, 0 %, 21659 MiB
2026/09/02 20:47:23.483, 1, 0 %, 0 MiB
2026/09/02 20:47:28.484, 0, 0 %, 21659 MiB
2026/09/02 20:47:28.484, 1, 0 %, 0 MiB
2026/09/02 20:47:33.485, 0, 0 %, 21659 MiB
2026/09/02 20:47:33.485, 1, 0 %, 0 MiB
2026/09/02 20:47:38.485, 0, 0 %, 21659 MiB
2026/09/02 20:47:38.485, 1, 0 %, 0 MiB
2026/09/02 20:47:43.486, 0, 0 %, 21659 MiB
2026/09/02 20:47:43.486, 1, 0 %, 0 MiB
2026/09/02 20:47:48.486, 0, 0 %, 21659 MiB
2026/09/02 20:47:48.487, 1, 0 %, 0 MiB
2026/09/02 20:47:53.487, 0, 0 %, 21659 MiB
2026/09/02 20:47:53.487, 1, 0 %, 0 MiB
2026/09/02 20:47:58.488, 0, 0 %, 21659 MiB
2026/09/02 20:47:58.488, 1, 0 %, 0 MiB
2026/09/02 20:48:03.488, 0, 0 %, 21659 MiB
2026/09/02 20:48:03.489, 1, 0 %, 0 MiB
2026/09/02 20:48:08.489, 0, 0 %, 21659 MiB
2026/09/02 20:48:08.489, 1, 0 %, 0 MiB
2026/09/02 20:48:13.490, 0, 0 %, 21659 MiB
2026/09/02 20:48:13.490, 1, 0 %, 0 MiB
2026/09/02 20:48:18.491, 0, 0 %, 21659 MiB
2026/09/02 20:48:18.491, 1, 0 %, 0 MiB
2026/09/02 20:48:23.491, 0, 0 %, 21659 MiB
2026/09/02 20:48:23.491, 1, 0 %, 0 MiB
2026/09/02 20:48:28.492, 0, 0 %, 21659 MiB
2026/09/02 20:48:28.492, 1, 0 %, 0 MiB
2026/09/02 20:48:33.492, 0, 0 %, 21659 MiB
2026/09/02 20:48:33.493, 1, 0 %, 0 MiB
2026/09/02 20:48:38.493, 0, 0 %, 21659 MiB
2026/09/02 20:48:38.493, 1, 0 %, 0 MiB
2026/09/02 20:48:43.494, 0, 0 %, 21659 MiB
2026/09/02 20:48:43.494, 1, 0 %, 0 MiB
2026/09/02 20:48:48.494, 0, 0 %, 21659 MiB
2026/09/02 20:48:48.495, 1, 0 %, 0 MiB
2026/09/02 20:48:53.495, 0, 0 %, 21659 MiB
2026/09/02 20:48:53.495, 1, 0 %, 0 MiB
2026/09/02 20:48:58.496, 0, 0 %, 21659 MiB
2026/09/02 20:48:58.496, 1, 0 %, 0 MiB
2026/09/02 20:49:03.496, 0, 0 %, 21659 MiB
2026/09/02 20:49:03.497, 1, 0 %, 0 MiB
2026/09/02 20:49:08.497, 0, 0 %, 21659 MiB
2026/09/02 20:49:08.497, 1, 0 %, 0 MiB
2026/09/02 20:49:13.498, 0, 0 %, 21659 MiB
2026/09/02 20:49:13.498, 1, 0 %, 0 MiB
2026/09/02 20:49:18.498, 0, 0 %, 21659 MiB
2026/09/02 20:49:18.498, 1, 0 %, 0 MiB
2026/09/02 20:49:23.499, 0, 0 %, 21659 MiB
2026/09/02 20:49:23.499, 1, 0 %, 0 MiB
2026/09/02 20:49:28.500, 0, 0 %, 21659 MiB
2026/09/02 20:49:28.500, 1, 0 %, 0 MiB
2026/09/02 20:49:33.500, 0, 0 %, 21659 MiB
2026/09/02 20:49:33.500, 1, 0 %, 0 MiB
2026/09/02 20:49:38.501, 0, 0 %, 21659 MiB
2026/09/02 20:49:38.643, 1, 0 %, 0 MiB
2026/09/02 20:49:43.643, 0, 0 %, 21659 MiB
2026/09/02 20:49:43.643, 1, 0 %, 0 MiB
2026/09/02 20:49:48.644, 0, 0 %, 21659 MiB
2026/09/02 20:49:48.644, 1, 0 %, 0 MiB
2026/09/02 20:49:53.644, 0, 0 %, 21659 MiB
2026/09/02 20:49:53.645, 1, 0 %, 0 MiB
2026/09/02 20:49:58.645, 0, 0 %, 21659 MiB
2026/09/02 20:49:58.645, 1, 0 %, 0 MiB
2026/09/02 20:50:03.646, 0, 0 %, 21659 MiB
2026/09/02 20:50:03.646, 1, 0 %, 0 MiB
2026/09/02 20:50:08.647, 0, 0 %, 21659 MiB
2026/09/02 20:50:08.647, 1, 0 %, 0 MiB
2026/09/02 20:50:13.647, 0, 17 %, 21659 MiB
2026/09/02 20:50:13.647, 1, 0 %, 0 MiB
2026/09/02 20:50:18.648, 0, 0 %, 21659 MiB
2026/09/02 20:50:18.648, 1, 0 %, 0 MiB
2026/09/02 20:50:23.649, 0, 0 %, 21659 MiB
2026/09/02 20:50:23.649, 1, 0 %, 0 MiB
2026/09/02 20:50:28.649, 0, 0 %, 21659 MiB
2026/09/02 20:50:28.650, 1, 0 %, 0 MiB
2026/09/02 20:50:33.650, 0, 0 %, 21659 MiB
2026/09/02 20:50:33.650, 1, 0 %, 0 MiB
2026/09/02 20:50:38.651, 0, 0 %, 21659 MiB
2026/09/02 20:50:38.651, 1, 0 %, 0 MiB
2026/09/02 20:50:43.652, 0, 0 %, 21659 MiB
2026/09/02 20:50:43.652, 1, 0 %, 0 MiB
2026/09/02 20:50:48.652, 0, 0 %, 21659 MiB
2026/09/02 20:50:48.652, 1, 0 %, 0 MiB
2026/09/02 20:50:53.653, 0, 0 %, 21659 MiB
2026/09/02 20:50:53.653, 1, 0 %, 0 MiB
2026/09/02 20:50:58.653, 0, 0 %, 21659 MiB
2026/09/02 20:50:58.653, 1, 0 %, 0 MiB
2026/09/02 20:51:03.654, 0, 0 %, 21659 MiB
2026/09/02 20:51:03.654, 1, 0 %, 0 MiB
2026/09/02 20:51:08.655, 0, 0 %, 21659 MiB
2026/09/02 20:51:08.655, 1, 0 %, 0 MiB
2026/09/02 20:51:13.655, 0, 0 %, 21659 MiB
2026/09/02 20:51:13.655, 1, 0 %, 0 MiB
2026/09/02 20:51:18.656, 0, 0 %, 21659 MiB
2026/09/02 20:51:18.656, 1, 0 %, 0 MiB
2026/09/02 20:51:23.657, 0, 0 %, 21659 MiB
2026/09/02 20:51:23.657, 1, 0 %, 0 MiB
2026/09/02 20:51:28.657, 0, 0 %, 21659 MiB
2026/09/02 20:51:28.657, 1, 0 %, 0 MiB
2026/09/02 20:51:33.658, 0, 0 %, 21659 MiB
2026/09/02 20:51:33.658, 1, 0 %, 0 MiB
2026/09/02 20:51:38.659, 0, 0 %, 21659 MiB
2026/09/02 20:51:38.659, 1, 0 %, 0 MiB
2026/09/02 20:51:43.659, 0, 0 %, 21659 MiB
2026/09/02 20:51:43.660, 1, 0 %, 0 MiB
2026/09/02 20:51:48.660, 0, 0 %, 21659 MiB
2026/09/02 20:51:48.660, 1, 0 %, 0 MiB
2026/09/02 20:51:53.661, 0, 0 %, 21659 MiB
2026/09/02 20:51:53.661, 1, 0 %, 0 MiB
2026/09/02 20:51:58.661, 0, 0 %, 21659 MiB
2026/09/02 20:51:58.662, 1, 0 %, 0 MiB
2026/09/02 20:52:03.662, 0, 0 %, 21659 MiB
2026/09/02 20:52:03.663, 1, 0 %, 0 MiB
2026/09/02 20:52:08.663, 0, 0 %, 21659 MiB
2026/09/02 20:52:08.663, 1, 0 %, 0 MiB
2026/09/02 20:52:13.664, 0, 0 %, 21659 MiB
2026/09/02 20:52:13.665, 1, 0 %, 0 MiB
2026/09/02 20:52:18.665, 0, 0 %, 21659 MiB
2026/09/02 20:52:18.665, 1, 0 %, 0 MiB
2026/09/02 20:52:23.666, 0, 0 %, 21659 MiB
2026/09/02 20:52:23.666, 1, 0 %, 0 MiB
2026/09/02 20:52:28.666, 0, 0 %, 21659 MiB
2026/09/02 20:52:28.666, 1, 0 %, 0 MiB
2026/09/02 20:52:33.667, 0, 0 %, 21659 MiB
2026/09/02 20:52:33.667, 1, 0 %, 0 MiB
2026/09/02 20:52:38.668, 0, 0 %, 21659 MiB
2026/09/02 20:52:38.668, 1, 0 %, 0 MiB
2026/09/02 20:52:43.669, 0, 0 %, 21659 MiB
2026/09/02 20:52:43.669, 1, 0 %, 0 MiB
2026/09/02 20:52:48.669, 0, 0 %, 21659 MiB
2026/09/02 20:52:48.669, 1, 0 %, 0 MiB
2026/09/02 20:52:53.670, 0, 0 %, 21659 MiB
2026/09/02 20:52:53.670, 1, 0 %, 0 MiB
2026/09/02 20:52:58.671, 0, 0 %, 21659 MiB
2026/09/02 20:52:58.671, 1, 0 %, 0 MiB
2026/09/02 20:53:03.672, 0, 0 %, 21659 MiB
2026/09/02 20:53:03.672, 1, 0 %, 0 MiB
2026/09/02 20:53:08.672, 0, 0 %, 21659 MiB
2026/09/02 20:53:08.672, 1, 0 %, 0 MiB
2026/09/02 20:53:13.673, 0, 0 %, 21659 MiB
2026/09/02 20:53:13.673, 1, 0 %, 0 MiB
2026/09/02 20:53:18.673, 0, 0 %, 21659 MiB
2026/09/02 20:53:18.673, 1, 0 %, 0 MiB
2026/09/02 20:53:23.674, 0, 0 %, 21659 MiB
2026/09/02 20:53:23.674, 1, 0 %, 0 MiB
2026/09/02 20:53:28.674, 0, 0 %, 21659 MiB
2026/09/02 20:53:28.675, 1, 0 %, 0 MiB
2026/09/02 20:53:33.675, 0, 0 %, 21659 MiB
2026/09/02 20:53:33.675, 1, 0 %, 0 MiB
2026/09/02 20:53:38.676, 0, 0 %, 21659 MiB
2026/09/02 20:53:38.676, 1, 0 %, 0 MiB
2026/09/02 20:53:43.676, 0, 0 %, 21659 MiB
2026/09/02 20:53:43.677, 1, 0 %, 0 MiB
2026/09/02 20:53:48.677, 0, 0 %, 21659 MiB
2026/09/02 20:53:48.677, 1, 0 %, 0 MiB
2026/09/02 20:53:53.678, 0, 0 %, 21659 MiB
2026/09/02 20:53:53.678, 1, 0 %, 0 MiB
2026/09/02 20:53:58.678, 0, 0 %, 21659 MiB
2026/09/02 20:53:58.678, 1, 0 %, 0 MiB
2026/09/02 20:54:03.679, 0, 0 %, 21659 MiB
2026/09/02 20:54:03.679, 1, 0 %, 0 MiB
2026/09/02 20:54:08.679, 0, 0 %, 21659 MiB
2026/09/02 20:54:08.680, 1, 0 %, 0 MiB
2026/09/02 20:54:13.680, 0, 0 %, 21659 MiB
2026/09/02 20:54:13.680, 1, 0 %, 0 MiB
2026/09/02 20:54:18.681, 0, 0 %, 21659 MiB
2026/09/02 20:54:18.681, 1, 0 %, 0 MiB
2026/09/02 20:54:23.681, 0, 0 %, 21659 MiB
2026/09/02 20:54:23.681, 1, 0 %, 0 MiB
2026/09/02 20:54:28.682, 0, 0 %, 21659 MiB
2026/09/02 20:54:28.682, 1, 0 %, 0 MiB
2026/09/02 20:54:33.683, 0, 0 %, 21659 MiB
2026/09/02 20:54:33.683, 1, 0 %, 0 MiB
2026/09/02 20:54:38.683, 0, 0 %, 21659 MiB
2026/09/02 20:54:38.683, 1, 0 %, 0 MiB
2026/09/02 20:54:43.684, 0, 0 %, 21659 MiB
2026/09/02 20:54:43.684, 1, 0 %, 0 MiB
2026/09/02 20:54:48.684, 0, 0 %, 21659 MiB
2026/09/02 20:54:48.685, 1, 0 %, 0 MiB
2026/09/02 20:54:53.685, 0, 0 %, 21659 MiB
2026/09/02 20:54:53.685, 1, 0 %, 0 MiB
2026/09/02 20:54:58.686, 0, 0 %, 21659 MiB
2026/09/02 20:54:58.686, 1, 0 %, 0 MiB
2026/09/02 20:55:03.686, 0, 0 %, 21659 MiB
2026/09/02 20:55:03.687, 1, 0 %, 0 MiB
2026/09/02 20:55:08.688, 0, 0 %, 21659 MiB
2026/09/02 20:55:08.688, 1, 0 %, 0 MiB
2026/09/02 20:55:13.689, 0, 0 %, 21659 MiB
2026/09/02 20:55:13.689, 1, 0 %, 0 MiB
2026/09/02 20:55:18.690, 0, 0 %, 21659 MiB
2026/09/02 20:55:18.691, 1, 0 %, 0 MiB
2026/09/02 20:55:23.691, 0, 0 %, 21659 MiB
2026/09/02 20:55:23.692, 1, 0 %, 0 MiB
2026/09/02 20:55:28.692, 0, 0 %, 21659 MiB
2026/09/02 20:55:28.693, 1, 0 %, 0 MiB
2026/09/02 20:55:33.693, 0, 0 %, 21659 MiB
2026/09/02 20:55:33.693, 1, 0 %, 0 MiB
2026/09/02 20:55:38.694, 0, 0 %, 21659 MiB
2026/09/02 20:55:38.694, 1, 0 %, 0 MiB
2026/09/02 20:55:43.695, 0, 0 %, 21659 MiB
2026/09/02 20:55:43.695, 1, 0 %, 0 MiB
2026/09/02 20:55:48.695, 0, 0 %, 21659 MiB
2026/09/02 20:55:48.695, 1, 0 %, 0 MiB
2026/09/02 20:55:53.696, 0, 0 %, 21659 MiB
2026/09/02 20:55:53.696, 1, 0 %, 0 MiB
2026/09/02 20:55:58.696, 0, 0 %, 21659 MiB
2026/09/02 20:55:58.697, 1, 0 %, 0 MiB
2026/09/02 20:56:03.697, 0, 0 %, 21659 MiB
2026/09/02 20:56:03.697, 1, 0 %, 0 MiB
2026/09/02 20:56:08.698, 0, 0 %, 21659 MiB
2026/09/02 20:56:08.698, 1, 0 %, 0 MiB
2026/09/02 20:56:13.698, 0, 0 %, 21659 MiB
2026/09/02 20:56:13.698, 1, 0 %, 0 MiB
2026/09/02 20:56:18.699, 0, 0 %, 21659 MiB
2026/09/02 20:56:18.699, 1, 0 %, 0 MiB
2026/09/02 20:56:23.700, 0, 0 %, 21659 MiB
2026/09/02 20:56:23.700, 1, 0 %, 0 MiB
2026/09/02 20:56:28.700, 0, 0 %, 21659 MiB
2026/09/02 20:56:28.700, 1, 0 %, 0 MiB
2026/09/02 20:56:33.701, 0, 0 %, 21659 MiB
2026/09/02 20:56:33.701, 1, 0 %, 0 MiB
2026/09/02 20:56:38.701, 0, 0 %, 21659 MiB
2026/09/02 20:56:38.701, 1, 0 %, 0 MiB
2026/09/02 20:56:43.702, 0, 0 %, 21659 MiB
2026/09/02 20:56:43.702, 1, 0 %, 0 MiB
2026/09/02 20:56:48.702, 0, 0 %, 21659 MiB
2026/09/02 20:56:48.703, 1, 0 %, 0 MiB
2026/09/02 20:56:53.703, 0, 0 %, 21659 MiB
2026/09/02 20:56:53.703, 1, 0 %, 0 MiB
2026/09/02 20:56:58.704, 0, 0 %, 21659 MiB
2026/09/02 20:56:58.704, 1, 0 %, 0 MiB
2026/09/02 20:57:03.704, 0, 0 %, 21659 MiB
2026/09/02 20:57:03.704, 1, 0 %, 0 MiB
2026/09/02 20:57:08.705, 0, 0 %, 21659 MiB
2026/09/02 20:57:08.705, 1, 0 %, 0 MiB
2026/09/02 20:57:13.705, 0, 0 %, 21659 MiB
2026/09/02 20:57:13.706, 1, 0 %, 0 MiB
2026/09/02 20:57:18.706, 0, 41 %, 21659 MiB
2026/09/02 20:57:18.706, 1, 0 %, 0 MiB
2026/09/02 20:57:23.707, 0, 41 %, 21659 MiB
2026/09/02 20:57:23.707, 1, 0 %, 0 MiB
2026/09/02 20:57:28.707, 0, 40 %, 21659 MiB
2026/09/02 20:57:28.707, 1, 0 %, 0 MiB
2026/09/02 20:57:33.708, 0, 41 %, 21659 MiB
2026/09/02 20:57:33.708, 1, 0 %, 0 MiB
2026/09/02 20:57:38.708, 0, 42 %, 21659 MiB
2026/09/02 20:57:38.709, 1, 0 %, 0 MiB
2026/09/02 20:57:43.709, 0, 42 %, 21659 MiB
2026/09/02 20:57:43.709, 1, 0 %, 0 MiB
2026/09/02 20:57:48.710, 0, 42 %, 21659 MiB
2026/09/02 20:57:48.710, 1, 0 %, 0 MiB
2026/09/02 20:57:53.710, 0, 42 %, 21659 MiB
2026/09/02 20:57:53.710, 1, 0 %, 0 MiB
2026/09/02 20:57:58.711, 0, 41 %, 21659 MiB
2026/09/02 20:57:58.711, 1, 0 %, 0 MiB
2026/09/02 20:58:03.711, 0, 41 %, 21659 MiB
2026/09/02 20:58:03.712, 1, 0 %, 0 MiB
2026/09/02 20:58:08.712, 0, 41 %, 21659 MiB
2026/09/02 20:58:08.712, 1, 0 %, 0 MiB
2026/09/02 20:58:13.713, 0, 0 %, 21659 MiB
2026/09/02 20:58:13.713, 1, 0 %, 0 MiB
2026/09/02 20:58:18.713, 0, 0 %, 21659 MiB
2026/09/02 20:58:18.713, 1, 0 %, 0 MiB
2026/09/02 20:58:23.714, 0, 0 %, 21659 MiB
2026/09/02 20:58:23.714, 1, 0 %, 0 MiB
2026/09/02 20:58:28.715, 0, 0 %, 21659 MiB
2026/09/02 20:58:28.715, 1, 0 %, 0 MiB
2026/09/02 20:58:33.715, 0, 0 %, 21659 MiB
2026/09/02 20:58:33.715, 1, 0 %, 0 MiB
2026/09/02 20:58:38.716, 0, 37 %, 21659 MiB
2026/09/02 20:58:38.716, 1, 0 %, 0 MiB
2026/09/02 20:58:43.716, 0, 37 %, 21659 MiB
2026/09/02 20:58:43.717, 1, 0 %, 0 MiB
2026/09/02 20:58:48.717, 0, 37 %, 21659 MiB
2026/09/02 20:58:48.717, 1, 0 %, 0 MiB
2026/09/02 20:58:53.718, 0, 37 %, 21659 MiB
2026/09/02 20:58:53.718, 1, 0 %, 0 MiB
2026/09/02 20:58:58.718, 0, 37 %, 21659 MiB
2026/09/02 20:58:58.718, 1, 0 %, 0 MiB
2026/09/02 20:59:03.719, 0, 37 %, 21659 MiB
2026/09/02 20:59:03.719, 1, 0 %, 0 MiB
2026/09/02 20:59:08.719, 0, 0 %, 21659 MiB
2026/09/02 20:59:08.720, 1, 0 %, 0 MiB
2026/09/02 20:59:13.720, 0, 0 %, 21659 MiB
2026/09/02 20:59:13.720, 1, 0 %, 0 MiB
2026/09/02 20:59:18.721, 0, 0 %, 21659 MiB
2026/09/02 20:59:18.721, 1, 0 %, 0 MiB
2026/09/02 20:59:23.721, 0, 26 %, 21659 MiB
2026/09/02 20:59:23.721, 1, 0 %, 0 MiB
2026/09/02 20:59:28.722, 0, 26 %, 21659 MiB
2026/09/02 20:59:28.722, 1, 0 %, 0 MiB
2026/09/02 20:59:33.723, 0, 26 %, 21659 MiB
2026/09/02 20:59:33.723, 1, 0 %, 0 MiB
2026/09/02 20:59:38.723, 0, 26 %, 21659 MiB
2026/09/02 20:59:38.723, 1, 0 %, 0 MiB
2026/09/02 20:59:43.724, 0, 0 %, 21659 MiB
2026/09/02 20:59:43.724, 1, 0 %, 0 MiB
2026/09/02 20:59:48.724, 0, 0 %, 21659 MiB
2026/09/02 20:59:48.725, 1, 0 %, 0 MiB
2026/09/02 20:59:53.725, 0, 23 %, 21659 MiB
2026/09/02 20:59:53.725, 1, 0 %, 0 MiB
2026/09/02 20:59:58.726, 0, 24 %, 21659 MiB
2026/09/02 20:59:58.726, 1, 0 %, 0 MiB
2026/09/02 21:00:03.726, 0, 23 %, 21659 MiB
2026/09/02 21:00:03.726, 1, 0 %, 0 MiB
2026/09/02 21:00:08.727, 0, 0 %, 21659 MiB
2026/09/02 21:00:08.727, 1, 0 %, 0 MiB
2026/09/02 21:00:13.728, 0, 0 %, 21659 MiB
2026/09/02 21:00:13.728, 1, 0 %, 0 MiB
2026/09/02 21:00:18.728, 0, 0 %, 21659 MiB
2026/09/02 21:00:18.728, 1, 0 %, 0 MiB
2026/09/02 21:00:23.729, 0, 0 %, 21659 MiB
2026/09/02 21:00:23.729, 1, 0 %, 0 MiB
2026/09/02 21:00:28.729, 0, 0 %, 21659 MiB
2026/09/02 21:00:28.730, 1, 0 %, 0 MiB
2026/09/02 21:00:33.730, 0, 0 %, 21659 MiB
2026/09/02 21:00:33.730, 1, 0 %, 0 MiB
2026/09/02 21:00:38.731, 0, 0 %, 21659 MiB
2026/09/02 21:00:38.731, 1, 0 %, 0 MiB
2026/09/02 21:00:43.731, 0, 0 %, 21659 MiB
2026/09/02 21:00:43.731, 1, 0 %, 0 MiB
2026/09/02 21:00:48.732, 0, 0 %, 21659 MiB
2026/09/02 21:00:48.732, 1, 0 %, 0 MiB
2026/09/02 21:00:53.733, 0, 0 %, 21659 MiB
2026/09/02 21:00:53.733, 1, 0 %, 0 MiB
2026/09/02 21:00:58.733, 0, 0 %, 21659 MiB
2026/09/02 21:00:58.733, 1, 0 %, 0 MiB
2026/09/02 21:01:03.734, 0, 0 %, 21659 MiB
2026/09/02 21:01:03.734, 1, 0 %, 0 MiB
2026/09/02 21:01:08.734, 0, 0 %, 21659 MiB
2026/09/02 21:01:08.735, 1, 0 %, 0 MiB
2026/09/02 21:01:13.735, 0, 0 %, 21659 MiB
2026/09/02 21:01:13.735, 1, 0 %, 0 MiB
2026/09/02 21:01:18.736, 0, 0 %, 21659 MiB
2026/09/02 21:01:18.736, 1, 0 %, 0 MiB
2026/09/02 21:01:23.736, 0, 0 %, 21659 MiB
2026/09/02 21:01:23.736, 1, 0 %, 0 MiB
2026/09/02 21:01:28.737, 0, 0 %, 21659 MiB
2026/09/02 21:01:28.737, 1, 0 %, 0 MiB
2026/09/02 21:01:33.737, 0, 0 %, 21659 MiB
2026/09/02 21:01:33.738, 1, 0 %, 0 MiB
2026/09/02 21:01:38.738, 0, 0 %, 21659 MiB
2026/09/02 21:01:38.738, 1, 0 %, 0 MiB
2026/09/02 21:01:43.739, 0, 0 %, 21659 MiB
2026/09/02 21:01:43.739, 1, 0 %, 0 MiB
2026/09/02 21:01:48.739, 0, 0 %, 21659 MiB
2026/09/02 21:01:48.739, 1, 0 %, 0 MiB
2026/09/02 21:01:53.740, 0, 0 %, 21659 MiB
2026/09/02 21:01:53.740, 1, 0 %, 0 MiB
2026/09/02 21:01:58.740, 0, 0 %, 21659 MiB
2026/09/02 21:01:58.741, 1, 0 %, 0 MiB
2026/09/02 21:02:03.741, 0, 0 %, 21659 MiB
2026/09/02 21:02:03.741, 1, 0 %, 0 MiB
2026/09/02 21:02:08.742, 0, 0 %, 21659 MiB
2026/09/02 21:02:08.742, 1, 0 %, 0 MiB
2026/09/02 21:02:13.743, 0, 0 %, 21659 MiB
2026/09/02 21:02:13.743, 1, 0 %, 0 MiB
2026/09/02 21:02:18.743, 0, 0 %, 21659 MiB
2026/09/02 21:02:18.744, 1, 0 %, 0 MiB
2026/09/02 21:02:23.744, 0, 0 %, 21659 MiB
2026/09/02 21:02:23.744, 1, 0 %, 0 MiB
2026/09/02 21:02:28.745, 0, 0 %, 21659 MiB
2026/09/02 21:02:28.745, 1, 0 %, 0 MiB
2026/09/02 21:02:33.745, 0, 0 %, 21659 MiB
2026/09/02 21:02:33.746, 1, 0 %, 0 MiB
2026/09/02 21:02:38.746, 0, 0 %, 21659 MiB
2026/09/02 21:02:38.746, 1, 0 %, 0 MiB
2026/09/02 21:02:43.747, 0, 0 %, 21659 MiB
2026/09/02 21:02:43.747, 1, 0 %, 0 MiB
2026/09/02 21:02:48.747, 0, 0 %, 21659 MiB
2026/09/02 21:02:48.747, 1, 0 %, 0 MiB
2026/09/02 21:02:53.748, 0, 0 %, 21659 MiB
2026/09/02 21:02:53.748, 1, 0 %, 0 MiB
2026/09/02 21:02:58.749, 0, 0 %, 21659 MiB
2026/09/02 21:02:58.749, 1, 0 %, 0 MiB
2026/09/02 21:03:03.749, 0, 0 %, 21659 MiB
2026/09/02 21:03:03.749, 1, 0 %, 0 MiB
2026/09/02 21:03:08.750, 0, 0 %, 21659 MiB
2026/09/02 21:03:08.750, 1, 0 %, 0 MiB
2026/09/02 21:03:13.750, 0, 0 %, 21659 MiB
2026/09/02 21:03:13.751, 1, 0 %, 0 MiB
2026/09/02 21:03:18.751, 0, 0 %, 21659 MiB
2026/09/02 21:03:18.751, 1, 0 %, 0 MiB
2026/09/02 21:03:23.752, 0, 0 %, 21659 MiB
2026/09/02 21:03:23.752, 1, 0 %, 0 MiB
2026/09/02 21:03:28.752, 0, 0 %, 21659 MiB
2026/09/02 21:03:28.753, 1, 0 %, 0 MiB
2026/09/02 21:03:33.753, 0, 0 %, 21659 MiB
2026/09/02 21:03:33.753, 1, 0 %, 0 MiB
2026/09/02 21:03:38.754, 0, 0 %, 21659 MiB
2026/09/02 21:03:38.754, 1, 0 %, 0 MiB
2026/09/02 21:03:43.754, 0, 0 %, 21659 MiB
2026/09/02 21:03:43.754, 1, 0 %, 0 MiB
2026/09/02 21:03:48.755, 0, 0 %, 21659 MiB
2026/09/02 21:03:48.755, 1, 0 %, 0 MiB
2026/09/02 21:03:53.756, 0, 0 %, 21659 MiB
2026/09/02 21:03:53.756, 1, 0 %, 0 MiB
2026/09/02 21:03:58.756, 0, 0 %, 21659 MiB
2026/09/02 21:03:58.757, 1, 0 %, 0 MiB
2026/09/02 21:04:03.757, 0, 0 %, 21659 MiB
2026/09/02 21:04:03.757, 1, 0 %, 0 MiB
2026/09/02 21:04:08.758, 0, 0 %, 21659 MiB
2026/09/02 21:04:08.758, 1, 0 %, 0 MiB
2026/09/02 21:04:13.758, 0, 0 %, 21659 MiB
2026/09/02 21:04:13.758, 1, 0 %, 0 MiB
2026/09/02 21:04:18.759, 0, 0 %, 21659 MiB
2026/09/02 21:04:18.759, 1, 0 %, 0 MiB
2026/09/02 21:04:23.760, 0, 0 %, 21659 MiB
2026/09/02 21:04:23.760, 1, 0 %, 0 MiB
2026/09/02 21:04:28.760, 0, 0 %, 21659 MiB
2026/09/02 21:04:28.760, 1, 0 %, 0 MiB
2026/09/02 21:04:33.761, 0, 0 %, 21659 MiB
2026/09/02 21:04:33.761, 1, 0 %, 0 MiB
2026/09/02 21:04:38.761, 0, 0 %, 21659 MiB
2026/09/02 21:04:38.762, 1, 0 %, 0 MiB
2026/09/02 21:04:43.763, 0, 0 %, 21659 MiB
2026/09/02 21:04:43.763, 1, 0 %, 0 MiB
2026/09/02 21:04:48.764, 0, 0 %, 21659 MiB
2026/09/02 21:04:48.764, 1, 0 %, 0 MiB
2026/09/02 21:04:53.764, 0, 0 %, 21659 MiB
2026/09/02 21:04:53.765, 1, 0 %, 0 MiB
2026/09/02 21:04:58.765, 0, 0 %, 21659 MiB
2026/09/02 21:04:58.765, 1, 0 %, 0 MiB
2026/09/02 21:05:03.766, 0, 0 %, 21659 MiB
2026/09/02 21:05:03.766, 1, 0 %, 0 MiB
2026/09/02 21:05:08.766, 0, 0 %, 21659 MiB
2026/09/02 21:05:08.766, 1, 0 %, 0 MiB
2026/09/02 21:05:13.767, 0, 0 %, 21659 MiB
2026/09/02 21:05:13.767, 1, 0 %, 0 MiB
2026/09/02 21:05:18.768, 0, 0 %, 21659 MiB
2026/09/02 21:05:18.768, 1, 0 %, 0 MiB
2026/09/02 21:05:23.768, 0, 0 %, 21659 MiB
2026/09/02 21:05:23.768, 1, 0 %, 0 MiB
2026/09/02 21:05:28.769, 0, 0 %, 21659 MiB
2026/09/02 21:05:28.769, 1, 0 %, 0 MiB
2026/09/02 21:05:33.769, 0, 0 %, 21659 MiB
2026/09/02 21:05:33.770, 1, 0 %, 0 MiB
2026/09/02 21:05:38.770, 0, 0 %, 21659 MiB
2026/09/02 21:05:38.770, 1, 0 %, 0 MiB
2026/09/02 21:05:43.771, 0, 0 %, 21659 MiB
2026/09/02 21:05:43.771, 1, 0 %, 0 MiB
2026/09/02 21:05:48.771, 0, 0 %, 21659 MiB
2026/09/02 21:05:48.772, 1, 0 %, 0 MiB
2026/09/02 21:05:53.772, 0, 0 %, 21659 MiB
2026/09/02 21:05:53.772, 1, 0 %, 0 MiB
2026/09/02 21:05:58.773, 0, 0 %, 21659 MiB
2026/09/02 21:05:58.773, 1, 0 %, 0 MiB
2026/09/02 21:06:03.773, 0, 0 %, 21659 MiB
2026/09/02 21:06:03.773, 1, 0 %, 0 MiB
2026/09/02 21:06:08.774, 0, 0 %, 21659 MiB
2026/09/02 21:06:08.774, 1, 0 %, 0 MiB
2026/09/02 21:06:13.775, 0, 0 %, 21659 MiB
2026/09/02 21:06:13.775, 1, 0 %, 0 MiB
2026/09/02 21:06:18.775, 0, 0 %, 21659 MiB
2026/09/02 21:06:18.775, 1, 0 %, 0 MiB
2026/09/02 21:06:23.776, 0, 0 %, 21659 MiB
2026/09/02 21:06:23.776, 1, 0 %, 0 MiB
2026/09/02 21:06:28.777, 0, 0 %, 21659 MiB
2026/09/02 21:06:28.777, 1, 0 %, 0 MiB
2026/09/02 21:06:33.777, 0, 0 %, 21659 MiB
2026/09/02 21:06:33.777, 1, 0 %, 0 MiB
2026/09/02 21:06:38.778, 0, 0 %, 21659 MiB
2026/09/02 21:06:38.778, 1, 0 %, 0 MiB
2026/09/02 21:06:43.779, 0, 0 %, 21659 MiB
2026/09/02 21:06:43.779, 1, 0 %, 0 MiB
2026/09/02 21:06:48.779, 0, 0 %, 21659 MiB
2026/09/02 21:06:48.779, 1, 0 %, 0 MiB
2026/09/02 21:06:53.780, 0, 0 %, 21659 MiB
2026/09/02 21:06:53.780, 1, 0 %, 0 MiB
2026/09/02 21:06:58.781, 0, 0 %, 21659 MiB
2026/09/02 21:06:58.781, 1, 0 %, 0 MiB
2026/09/02 21:07:03.781, 0, 0 %, 21659 MiB
2026/09/02 21:07:03.781, 1, 0 %, 0 MiB
2026/09/02 21:07:08.782, 0, 0 %, 21659 MiB
2026/09/02 21:07:08.782, 1, 0 %, 0 MiB
2026/09/02 21:07:13.782, 0, 0 %, 21659 MiB
2026/09/02 21:07:13.783, 1, 0 %, 0 MiB
2026/09/02 21:07:18.783, 0, 0 %, 21659 MiB
2026/09/02 21:07:18.783, 1, 0 %, 0 MiB
2026/09/02 21:07:23.784, 0, 0 %, 21659 MiB
2026/09/02 21:07:23.784, 1, 0 %, 0 MiB
2026/09/02 21:07:28.784, 0, 0 %, 21659 MiB
2026/09/02 21:07:28.785, 1, 0 %, 0 MiB
2026/09/02 21:07:33.785, 0, 0 %, 21659 MiB
2026/09/02 21:07:33.785, 1, 0 %, 0 MiB
2026/09/02 21:07:38.786, 0, 0 %, 21659 MiB
2026/09/02 21:07:38.786, 1, 0 %, 0 MiB
2026/09/02 21:07:43.786, 0, 0 %, 21659 MiB
2026/09/02 21:07:43.786, 1, 0 %, 0 MiB
2026/09/02 21:07:48.787, 0, 0 %, 21659 MiB
2026/09/02 21:07:48.787, 1, 0 %, 0 MiB
2026/09/02 21:07:53.787, 0, 0 %, 21659 MiB
2026/09/02 21:07:53.788, 1, 0 %, 0 MiB
2026/09/02 21:07:58.788, 0, 0 %, 21659 MiB
2026/09/02 21:07:58.788, 1, 0 %, 0 MiB
2026/09/02 21:08:03.789, 0, 0 %, 21659 MiB
2026/09/02 21:08:03.789, 1, 0 %, 0 MiB
2026/09/02 21:08:08.789, 0, 0 %, 21659 MiB
2026/09/02 21:08:08.789, 1, 0 %, 0 MiB
2026/09/02 21:08:13.790, 0, 0 %, 21659 MiB
2026/09/02 21:08:13.790, 1, 0 %, 0 MiB
2026/09/02 21:08:18.790, 0, 0 %, 21659 MiB
2026/09/02 21:08:18.791, 1, 0 %, 0 MiB
2026/09/02 21:08:23.791, 0, 0 %, 21659 MiB
2026/09/02 21:08:23.791, 1, 0 %, 0 MiB
2026/09/02 21:08:28.792, 0, 0 %, 21659 MiB
2026/09/02 21:08:28.792, 1, 0 %, 0 MiB
2026/09/02 21:08:33.792, 0, 0 %, 21659 MiB
2026/09/02 21:08:33.793, 1, 0 %, 0 MiB
2026/09/02 21:08:38.793, 0, 0 %, 21659 MiB
2026/09/02 21:08:38.793, 1, 0 %, 0 MiB
2026/09/02 21:08:43.794, 0, 0 %, 21659 MiB
2026/09/02 21:08:43.794, 1, 0 %, 0 MiB
2026/09/02 21:08:48.794, 0, 0 %, 21659 MiB
2026/09/02 21:08:48.794, 1, 0 %, 0 MiB
2026/09/02 21:08:53.795, 0, 0 %, 21659 MiB
2026/09/02 21:08:53.795, 1, 0 %, 0 MiB
2026/09/02 21:08:58.796, 0, 0 %, 21659 MiB
2026/09/02 21:08:58.796, 1, 0 %, 0 MiB
2026/09/02 21:09:03.796, 0, 0 %, 21659 MiB
2026/09/02 21:09:03.796, 1, 0 %, 0 MiB
2026/09/02 21:09:08.797, 0, 0 %, 21659 MiB
2026/09/02 21:09:08.797, 1, 0 %, 0 MiB
2026/09/02 21:09:13.797, 0, 0 %, 21659 MiB
2026/09/02 21:09:13.798, 1, 0 %, 0 MiB
2026/09/02 21:09:18.798, 0, 0 %, 21659 MiB
2026/09/02 21:09:18.798, 1, 0 %, 0 MiB
2026/09/02 21:09:23.799, 0, 0 %, 21659 MiB
2026/09/02 21:09:23.799, 1, 0 %, 0 MiB
2026/09/02 21:09:28.799, 0, 0 %, 21659 MiB
2026/09/02 21:09:28.800, 1, 0 %, 0 MiB
2026/09/02 21:09:33.800, 0, 0 %, 21659 MiB
2026/09/02 21:09:33.800, 1, 0 %, 0 MiB
2026/09/02 21:09:38.801, 0, 0 %, 21659 MiB
2026/09/02 21:09:38.801, 1, 0 %, 0 MiB
2026/09/02 21:09:43.801, 0, 0 %, 21659 MiB
2026/09/02 21:09:43.802, 1, 0 %, 0 MiB
2026/09/02 21:09:48.802, 0, 0 %, 21659 MiB
2026/09/02 21:09:48.802, 1, 0 %, 0 MiB
2026/09/02 21:09:53.803, 0, 0 %, 21659 MiB
2026/09/02 21:09:53.803, 1, 0 %, 0 MiB
2026/09/02 21:09:58.803, 0, 0 %, 21659 MiB
2026/09/02 21:09:58.804, 1, 0 %, 0 MiB
2026/09/02 21:10:03.804, 0, 0 %, 21659 MiB
2026/09/02 21:10:03.804, 1, 0 %, 0 MiB
2026/09/02 21:10:08.805, 0, 0 %, 21659 MiB
2026/09/02 21:10:08.805, 1, 0 %, 0 MiB
2026/09/02 21:10:13.805, 0, 0 %, 21659 MiB
2026/09/02 21:10:13.806, 1, 0 %, 0 MiB
2026/09/02 21:10:18.806, 0, 0 %, 21659 MiB
2026/09/02 21:10:18.806, 1, 0 %, 0 MiB
2026/09/02 21:10:23.807, 0, 0 %, 21659 MiB
2026/09/02 21:10:23.807, 1, 0 %, 0 MiB
2026/09/02 21:10:28.807, 0, 0 %, 21659 MiB
2026/09/02 21:10:28.808, 1, 0 %, 0 MiB
2026/09/02 21:10:33.808, 0, 0 %, 21659 MiB
2026/09/02 21:10:33.808, 1, 0 %, 0 MiB
2026/09/02 21:10:38.809, 0, 0 %, 21659 MiB
2026/09/02 21:10:38.809, 1, 0 %, 0 MiB
2026/09/02 21:10:43.809, 0, 0 %, 21659 MiB
2026/09/02 21:10:43.810, 1, 0 %, 0 MiB
2026/09/02 21:10:48.810, 0, 0 %, 21659 MiB
2026/09/02 21:10:48.810, 1, 0 %, 0 MiB
2026/09/02 21:10:53.811, 0, 0 %, 21659 MiB
2026/09/02 21:10:53.811, 1, 0 %, 0 MiB
2026/09/02 21:10:58.812, 0, 0 %, 21659 MiB
2026/09/02 21:10:58.812, 1, 0 %, 0 MiB
2026/09/02 21:11:03.812, 0, 0 %, 21659 MiB
2026/09/02 21:11:03.812, 1, 0 %, 0 MiB
2026/09/02 21:11:08.813, 0, 0 %, 21659 MiB
2026/09/02 21:11:08.813, 1, 0 %, 0 MiB
2026/09/02 21:11:13.814, 0, 0 %, 21659 MiB
2026/09/02 21:11:13.814, 1, 0 %, 0 MiB
2026/09/02 21:11:18.814, 0, 0 %, 21659 MiB
2026/09/02 21:11:18.814, 1, 0 %, 0 MiB
2026/09/02 21:11:23.815, 0, 0 %, 21659 MiB
2026/09/02 21:11:23.815, 1, 0 %, 0 MiB
2026/09/02 21:11:28.815, 0, 0 %, 21659 MiB
2026/09/02 21:11:28.816, 1, 0 %, 0 MiB
2026/09/02 21:11:33.816, 0, 0 %, 21659 MiB
2026/09/02 21:11:33.816, 1, 0 %, 0 MiB
2026/09/02 21:11:38.817, 0, 0 %, 21659 MiB
2026/09/02 21:11:38.817, 1, 0 %, 0 MiB
2026/09/02 21:11:43.818, 0, 0 %, 21659 MiB
2026/09/02 21:11:43.818, 1, 0 %, 0 MiB
2026/09/02 21:11:48.818, 0, 0 %, 21659 MiB
2026/09/02 21:11:48.818, 1, 0 %, 0 MiB
2026/09/02 21:11:53.819, 0, 0 %, 21659 MiB
2026/09/02 21:11:53.819, 1, 0 %, 0 MiB
2026/09/02 21:11:58.820, 0, 0 %, 21659 MiB
2026/09/02 21:11:58.820, 1, 0 %, 0 MiB
2026/09/02 21:12:03.820, 0, 0 %, 21659 MiB
2026/09/02 21:12:03.820, 1, 0 %, 0 MiB
2026/09/02 21:12:08.821, 0, 0 %, 21659 MiB
2026/09/02 21:12:08.821, 1, 0 %, 0 MiB
2026/09/02 21:12:13.821, 0, 0 %, 21659 MiB
2026/09/02 21:12:13.822, 1, 0 %, 0 MiB
2026/09/02 21:12:18.822, 0, 0 %, 21659 MiB
2026/09/02 21:12:18.822, 1, 0 %, 0 MiB
2026/09/02 21:12:23.823, 0, 0 %, 21659 MiB
2026/09/02 21:12:23.823, 1, 0 %, 0 MiB
2026/09/02 21:12:28.823, 0, 0 %, 21659 MiB
2026/09/02 21:12:28.823, 1, 0 %, 0 MiB
2026/09/02 21:12:33.824, 0, 0 %, 21659 MiB
2026/09/02 21:12:33.824, 1, 0 %, 0 MiB
2026/09/02 21:12:38.824, 0, 0 %, 21659 MiB
2026/09/02 21:12:38.825, 1, 0 %, 0 MiB
2026/09/02 21:12:43.825, 0, 0 %, 21659 MiB
2026/09/02 21:12:43.825, 1, 0 %, 0 MiB
2026/09/02 21:12:48.826, 0, 0 %, 21659 MiB
2026/09/02 21:12:48.826, 1, 0 %, 0 MiB
2026/09/02 21:12:53.826, 0, 0 %, 21659 MiB
2026/09/02 21:12:53.826, 1, 0 %, 0 MiB
2026/09/02 21:12:58.827, 0, 0 %, 21659 MiB
2026/09/02 21:12:58.827, 1, 0 %, 0 MiB
2026/09/02 21:13:03.828, 0, 0 %, 21659 MiB
2026/09/02 21:13:03.828, 1, 0 %, 0 MiB
2026/09/02 21:13:08.828, 0, 0 %, 21659 MiB
2026/09/02 21:13:08.829, 1, 0 %, 0 MiB
2026/09/02 21:13:13.830, 0, 0 %, 21659 MiB
2026/09/02 21:13:13.831, 1, 0 %, 0 MiB
2026/09/02 21:13:18.831, 0, 0 %, 21659 MiB
2026/09/02 21:13:18.831, 1, 0 %, 0 MiB
2026/09/02 21:13:23.832, 0, 0 %, 21659 MiB
2026/09/02 21:13:23.832, 1, 0 %, 0 MiB
2026/09/02 21:13:28.832, 0, 0 %, 21659 MiB
2026/09/02 21:13:28.833, 1, 0 %, 0 MiB
2026/09/02 21:13:33.833, 0, 0 %, 21659 MiB
2026/09/02 21:13:33.833, 1, 0 %, 0 MiB
2026/09/02 21:13:38.834, 0, 0 %, 21659 MiB
2026/09/02 21:13:38.834, 1, 0 %, 0 MiB
2026/09/02 21:13:43.834, 0, 0 %, 21659 MiB
2026/09/02 21:13:43.834, 1, 0 %, 0 MiB
2026/09/02 21:13:48.835, 0, 0 %, 21659 MiB
2026/09/02 21:13:48.835, 1, 0 %, 0 MiB
2026/09/02 21:13:53.836, 0, 0 %, 21659 MiB
2026/09/02 21:13:53.836, 1, 0 %, 0 MiB
2026/09/02 21:13:58.836, 0, 0 %, 21659 MiB
2026/09/02 21:13:58.836, 1, 0 %, 0 MiB
2026/09/02 21:14:03.837, 0, 0 %, 21659 MiB
2026/09/02 21:14:03.837, 1, 0 %, 0 MiB
2026/09/02 21:14:08.837, 0, 0 %, 21659 MiB
2026/09/02 21:14:08.838, 1, 0 %, 0 MiB
2026/09/02 21:14:13.838, 0, 0 %, 21659 MiB
2026/09/02 21:14:13.838, 1, 0 %, 0 MiB
2026/09/02 21:14:18.839, 0, 0 %, 21659 MiB
2026/09/02 21:14:18.839, 1, 0 %, 0 MiB
2026/09/02 21:14:23.840, 0, 0 %, 21659 MiB
2026/09/02 21:14:23.840, 1, 0 %, 0 MiB
2026/09/02 21:14:28.840, 0, 0 %, 21659 MiB
2026/09/02 21:14:28.840, 1, 0 %, 0 MiB
2026/09/02 21:14:33.841, 0, 0 %, 21659 MiB
2026/09/02 21:14:33.841, 1, 0 %, 0 MiB
2026/09/02 21:14:38.842, 0, 0 %, 21659 MiB
2026/09/02 21:14:38.842, 1, 0 %, 0 MiB
2026/09/02 21:14:43.842, 0, 0 %, 21659 MiB
2026/09/02 21:14:43.842, 1, 0 %, 0 MiB
2026/09/02 21:14:48.843, 0, 0 %, 21659 MiB
2026/09/02 21:14:48.843, 1, 0 %, 0 MiB
2026/09/02 21:14:53.843, 0, 0 %, 21659 MiB
2026/09/02 21:14:53.844, 1, 0 %, 0 MiB
2026/09/02 21:14:58.844, 0, 0 %, 21659 MiB
2026/09/02 21:14:58.844, 1, 0 %, 0 MiB
2026/09/02 21:15:03.845, 0, 0 %, 21659 MiB
2026/09/02 21:15:03.845, 1, 0 %, 0 MiB
2026/09/02 21:15:08.845, 0, 0 %, 21659 MiB
2026/09/02 21:15:08.846, 1, 0 %, 0 MiB
2026/09/02 21:15:13.846, 0, 0 %, 21659 MiB
2026/09/02 21:15:13.846, 1, 0 %, 0 MiB
2026/09/02 21:15:18.847, 0, 0 %, 21659 MiB
2026/09/02 21:15:18.847, 1, 0 %, 0 MiB
2026/09/02 21:15:23.847, 0, 0 %, 21659 MiB
2026/09/02 21:15:23.847, 1, 0 %, 0 MiB
2026/09/02 21:15:28.848, 0, 0 %, 21659 MiB
2026/09/02 21:15:28.848, 1, 0 %, 0 MiB
2026/09/02 21:15:33.849, 0, 0 %, 21659 MiB
2026/09/02 21:15:33.852, 1, 0 %, 0 MiB
2026/09/02 21:15:38.854, 0, 0 %, 21659 MiB
2026/09/02 21:15:38.854, 1, 0 %, 0 MiB
2026/09/02 21:15:43.855, 0, 0 %, 21659 MiB
2026/09/02 21:15:43.855, 1, 0 %, 0 MiB
2026/09/02 21:15:48.855, 0, 0 %, 21659 MiB
2026/09/02 21:15:48.855, 1, 0 %, 0 MiB
2026/09/02 21:15:53.856, 0, 0 %, 21659 MiB
2026/09/02 21:15:53.856, 1, 0 %, 0 MiB
2026/09/02 21:15:58.856, 0, 0 %, 21659 MiB
2026/09/02 21:15:58.857, 1, 0 %, 0 MiB
2026/09/02 21:16:03.857, 0, 0 %, 21659 MiB
2026/09/02 21:16:03.857, 1, 0 %, 0 MiB
2026/09/02 21:16:08.858, 0, 0 %, 21659 MiB
2026/09/02 21:16:08.858, 1, 0 %, 0 MiB
2026/09/02 21:16:13.858, 0, 0 %, 21659 MiB
2026/09/02 21:16:13.859, 1, 0 %, 0 MiB
2026/09/02 21:16:18.859, 0, 0 %, 21659 MiB
2026/09/02 21:16:18.859, 1, 0 %, 0 MiB
2026/09/02 21:16:23.860, 0, 0 %, 21659 MiB
2026/09/02 21:16:23.860, 1, 0 %, 0 MiB
2026/09/02 21:16:28.860, 0, 0 %, 21659 MiB
2026/09/02 21:16:28.860, 1, 0 %, 0 MiB
2026/09/02 21:16:33.861, 0, 0 %, 21659 MiB
2026/09/02 21:16:33.861, 1, 0 %, 0 MiB
2026/09/02 21:16:38.861, 0, 0 %, 21659 MiB
2026/09/02 21:16:38.862, 1, 0 %, 0 MiB
2026/09/02 21:16:43.862, 0, 0 %, 21659 MiB
2026/09/02 21:16:43.862, 1, 0 %, 0 MiB
2026/09/02 21:16:48.863, 0, 0 %, 21659 MiB
2026/09/02 21:16:48.863, 1, 0 %, 0 MiB
2026/09/02 21:16:53.863, 0, 0 %, 21659 MiB
2026/09/02 21:16:53.864, 1, 0 %, 0 MiB
2026/09/02 21:16:58.864, 0, 0 %, 21659 MiB
2026/09/02 21:16:58.864, 1, 0 %, 0 MiB
2026/09/02 21:17:03.865, 0, 0 %, 21659 MiB
2026/09/02 21:17:03.865, 1, 0 %, 0 MiB
2026/09/02 21:17:08.865, 0, 0 %, 21659 MiB
2026/09/02 21:17:08.865, 1, 0 %, 0 MiB
2026/09/02 21:17:13.866, 0, 0 %, 21659 MiB
2026/09/02 21:17:13.866, 1, 0 %, 0 MiB
2026/09/02 21:17:18.866, 0, 0 %, 21659 MiB
2026/09/02 21:17:18.866, 1, 0 %, 0 MiB
2026/09/02 21:17:23.867, 0, 0 %, 21659 MiB
2026/09/02 21:17:23.867, 1, 0 %, 0 MiB
2026/09/02 21:17:28.868, 0, 0 %, 21659 MiB
2026/09/02 21:17:28.868, 1, 0 %, 0 MiB
2026/09/02 21:17:33.868, 0, 0 %, 21659 MiB
2026/09/02 21:17:33.868, 1, 0 %, 0 MiB
2026/09/02 21:17:38.869, 0, 0 %, 21659 MiB
2026/09/02 21:17:38.869, 1, 0 %, 0 MiB
2026/09/02 21:17:43.870, 0, 0 %, 21659 MiB
2026/09/02 21:17:43.870, 1, 0 %, 0 MiB
2026/09/02 21:17:48.870, 0, 0 %, 21659 MiB
2026/09/02 21:17:48.871, 1, 0 %, 0 MiB
2026/09/02 21:17:53.871, 0, 0 %, 21659 MiB
2026/09/02 21:17:53.871, 1, 0 %, 0 MiB
2026/09/02 21:17:58.872, 0, 0 %, 21659 MiB
2026/09/02 21:17:58.872, 1, 0 %, 0 MiB
2026/09/02 21:18:03.872, 0, 0 %, 21659 MiB
2026/09/02 21:18:03.872, 1, 0 %, 0 MiB
2026/09/02 21:18:08.873, 0, 0 %, 21659 MiB
2026/09/02 21:18:08.873, 1, 0 %, 0 MiB
2026/09/02 21:18:13.873, 0, 0 %, 21659 MiB
2026/09/02 21:18:13.873, 1, 0 %, 0 MiB
2026/09/02 21:18:18.874, 0, 0 %, 21659 MiB
2026/09/02 21:18:18.874, 1, 0 %, 0 MiB
2026/09/02 21:18:23.875, 0, 0 %, 21659 MiB
2026/09/02 21:18:23.875, 1, 0 %, 0 MiB
2026/09/02 21:18:28.875, 0, 0 %, 21659 MiB
2026/09/02 21:18:28.875, 1, 0 %, 0 MiB
2026/09/02 21:18:33.876, 0, 0 %, 21659 MiB
2026/09/02 21:18:33.876, 1, 0 %, 0 MiB
2026/09/02 21:18:38.876, 0, 0 %, 21659 MiB
2026/09/02 21:18:38.877, 1, 0 %, 0 MiB
2026/09/02 21:18:43.877, 0, 0 %, 21659 MiB
2026/09/02 21:18:43.877, 1, 0 %, 0 MiB
2026/09/02 21:18:48.878, 0, 0 %, 21659 MiB
2026/09/02 21:18:48.878, 1, 0 %, 0 MiB
2026/09/02 21:18:53.879, 0, 0 %, 21659 MiB
2026/09/02 21:18:53.879, 1, 0 %, 0 MiB
2026/09/02 21:18:58.879, 0, 20 %, 21659 MiB
2026/09/02 21:18:58.879, 1, 0 %, 0 MiB
2026/09/02 21:19:03.880, 0, 21 %, 21659 MiB
2026/09/02 21:19:03.880, 1, 0 %, 0 MiB
2026/09/02 21:19:08.880, 0, 21 %, 21659 MiB
2026/09/02 21:19:08.881, 1, 0 %, 0 MiB
2026/09/02 21:19:13.881, 0, 0 %, 21659 MiB
2026/09/02 21:19:13.881, 1, 0 %, 0 MiB
2026/09/02 21:19:18.882, 0, 0 %, 21659 MiB
2026/09/02 21:19:18.882, 1, 0 %, 0 MiB
2026/09/02 21:19:23.882, 0, 0 %, 21659 MiB
2026/09/02 21:19:23.882, 1, 0 %, 0 MiB
2026/09/02 21:19:28.883, 0, 0 %, 21659 MiB
2026/09/02 21:19:28.883, 1, 0 %, 0 MiB
2026/09/02 21:19:33.884, 0, 0 %, 21659 MiB
2026/09/02 21:19:33.884, 1, 0 %, 0 MiB
2026/09/02 21:19:38.884, 0, 0 %, 21659 MiB
2026/09/02 21:19:38.885, 1, 0 %, 0 MiB
2026/09/02 21:19:43.885, 0, 0 %, 21659 MiB
2026/09/02 21:19:43.885, 1, 0 %, 0 MiB
2026/09/02 21:19:48.886, 0, 0 %, 21659 MiB
2026/09/02 21:19:48.886, 1, 0 %, 0 MiB
2026/09/02 21:19:53.886, 0, 0 %, 21659 MiB
2026/09/02 21:19:53.887, 1, 0 %, 0 MiB
2026/09/02 21:19:58.887, 0, 0 %, 21659 MiB
2026/09/02 21:19:58.887, 1, 0 %, 0 MiB
2026/09/02 21:20:03.888, 0, 0 %, 21659 MiB
2026/09/02 21:20:03.888, 1, 0 %, 0 MiB
2026/09/02 21:20:08.888, 0, 0 %, 21659 MiB
2026/09/02 21:20:08.889, 1, 0 %, 0 MiB
2026/09/02 21:20:13.889, 0, 0 %, 21659 MiB
2026/09/02 21:20:13.889, 1, 0 %, 0 MiB
2026/09/02 21:20:18.890, 0, 0 %, 21659 MiB
2026/09/02 21:20:18.890, 1, 0 %, 0 MiB
2026/09/02 21:20:23.890, 0, 0 %, 21659 MiB
2026/09/02 21:20:23.891, 1, 0 %, 0 MiB
2026/09/02 21:20:28.891, 0, 0 %, 21659 MiB
2026/09/02 21:20:28.891, 1, 0 %, 0 MiB
2026/09/02 21:20:33.892, 0, 0 %, 21659 MiB
2026/09/02 21:20:33.892, 1, 0 %, 0 MiB
2026/09/02 21:20:38.892, 0, 0 %, 21659 MiB
2026/09/02 21:20:38.893, 1, 0 %, 0 MiB
2026/09/02 21:20:43.893, 0, 0 %, 21659 MiB
2026/09/02 21:20:43.893, 1, 0 %, 0 MiB
2026/09/02 21:20:48.894, 0, 0 %, 21659 MiB
2026/09/02 21:20:48.894, 1, 0 %, 0 MiB
2026/09/02 21:20:53.895, 0, 0 %, 21659 MiB
2026/09/02 21:20:53.895, 1, 0 %, 0 MiB
2026/09/02 21:20:58.895, 0, 0 %, 21659 MiB
2026/09/02 21:20:58.895, 1, 0 %, 0 MiB
2026/09/02 21:21:03.896, 0, 0 %, 21659 MiB
2026/09/02 21:21:03.896, 1, 0 %, 0 MiB
2026/09/02 21:21:08.896, 0, 0 %, 21659 MiB
2026/09/02 21:21:08.897, 1, 0 %, 0 MiB
2026/09/02 21:21:13.897, 0, 0 %, 21659 MiB
2026/09/02 21:21:13.897, 1, 0 %, 0 MiB
2026/09/02 21:21:18.898, 0, 0 %, 21659 MiB
2026/09/02 21:21:18.898, 1, 0 %, 0 MiB
2026/09/02 21:21:23.899, 0, 0 %, 21659 MiB
2026/09/02 21:21:23.899, 1, 0 %, 0 MiB
2026/09/02 21:21:28.899, 0, 0 %, 21659 MiB
2026/09/02 21:21:28.900, 1, 0 %, 0 MiB
2026/09/02 21:21:33.900, 0, 0 %, 21659 MiB
2026/09/02 21:21:33.900, 1, 0 %, 0 MiB
2026/09/02 21:21:38.901, 0, 0 %, 21659 MiB
2026/09/02 21:21:38.901, 1, 0 %, 0 MiB
2026/09/02 21:21:43.901, 0, 0 %, 21659 MiB
2026/09/02 21:21:43.901, 1, 0 %, 0 MiB
2026/09/02 21:21:48.902, 0, 0 %, 21659 MiB
2026/09/02 21:21:48.902, 1, 0 %, 0 MiB
2026/09/02 21:21:53.902, 0, 0 %, 21659 MiB
2026/09/02 21:21:53.903, 1, 0 %, 0 MiB
2026/09/02 21:21:58.903, 0, 0 %, 21659 MiB
2026/09/02 21:21:58.903, 1, 0 %, 0 MiB
2026/09/02 21:22:03.904, 0, 0 %, 21659 MiB
2026/09/02 21:22:03.904, 1, 0 %, 0 MiB
2026/09/02 21:22:08.904, 0, 0 %, 21659 MiB
2026/09/02 21:22:08.905, 1, 0 %, 0 MiB
2026/09/02 21:22:13.905, 0, 0 %, 21659 MiB
2026/09/02 21:22:13.905, 1, 0 %, 0 MiB
2026/09/02 21:22:18.906, 0, 0 %, 21659 MiB
2026/09/02 21:22:18.906, 1, 0 %, 0 MiB
2026/09/02 21:22:23.906, 0, 0 %, 21659 MiB
2026/09/02 21:22:23.906, 1, 0 %, 0 MiB
2026/09/02 21:22:28.907, 0, 0 %, 21659 MiB
2026/09/02 21:22:28.907, 1, 0 %, 0 MiB
2026/09/02 21:22:33.908, 0, 0 %, 21659 MiB
2026/09/02 21:22:33.908, 1, 0 %, 0 MiB
2026/09/02 21:22:38.908, 0, 0 %, 21659 MiB
2026/09/02 21:22:38.908, 1, 0 %, 0 MiB
2026/09/02 21:22:43.909, 0, 0 %, 21659 MiB
2026/09/02 21:22:43.909, 1, 0 %, 0 MiB
2026/09/02 21:22:48.909, 0, 0 %, 21659 MiB
2026/09/02 21:22:48.910, 1, 0 %, 0 MiB
2026/09/02 21:22:53.910, 0, 0 %, 21659 MiB
2026/09/02 21:22:53.910, 1, 0 %, 0 MiB
2026/09/02 21:22:58.911, 0, 0 %, 21659 MiB
2026/09/02 21:22:58.911, 1, 0 %, 0 MiB
2026/09/02 21:23:03.911, 0, 0 %, 21659 MiB
2026/09/02 21:23:03.911, 1, 0 %, 0 MiB
2026/09/02 21:23:08.912, 0, 0 %, 21659 MiB
2026/09/02 21:23:08.912, 1, 0 %, 0 MiB
2026/09/02 21:23:13.912, 0, 0 %, 21659 MiB
2026/09/02 21:23:13.913, 1, 0 %, 0 MiB
2026/09/02 21:23:18.913, 0, 0 %, 21659 MiB
2026/09/02 21:23:18.913, 1, 0 %, 0 MiB
2026/09/02 21:23:23.914, 0, 0 %, 21659 MiB
2026/09/02 21:23:23.914, 1, 0 %, 0 MiB
2026/09/02 21:23:28.914, 0, 0 %, 21659 MiB
2026/09/02 21:23:28.914, 1, 0 %, 0 MiB
2026/09/02 21:23:33.915, 0, 0 %, 21659 MiB
2026/09/02 21:23:33.915, 1, 0 %, 0 MiB
2026/09/02 21:23:38.915, 0, 0 %, 21659 MiB
2026/09/02 21:23:38.916, 1, 0 %, 0 MiB
2026/09/02 21:23:43.916, 0, 0 %, 21659 MiB
2026/09/02 21:23:43.916, 1, 0 %, 0 MiB
2026/09/02 21:23:48.917, 0, 0 %, 21659 MiB
2026/09/02 21:23:48.917, 1, 0 %, 0 MiB
2026/09/02 21:23:53.917, 0, 0 %, 21659 MiB
2026/09/02 21:23:53.917, 1, 0 %, 0 MiB
2026/09/02 21:23:58.918, 0, 0 %, 21659 MiB
2026/09/02 21:23:58.918, 1, 0 %, 0 MiB
2026/09/02 21:24:03.918, 0, 0 %, 21659 MiB
2026/09/02 21:24:03.918, 1, 0 %, 0 MiB
2026/09/02 21:24:08.919, 0, 0 %, 21659 MiB
2026/09/02 21:24:08.919, 1, 0 %, 0 MiB
2026/09/02 21:24:13.920, 0, 0 %, 21659 MiB
2026/09/02 21:24:13.920, 1, 0 %, 0 MiB
2026/09/02 21:24:18.920, 0, 0 %, 21659 MiB
2026/09/02 21:24:18.920, 1, 0 %, 0 MiB
2026/09/02 21:24:23.921, 0, 0 %, 21659 MiB
2026/09/02 21:24:23.921, 1, 0 %, 0 MiB
2026/09/02 21:24:28.921, 0, 0 %, 21659 MiB
2026/09/02 21:24:28.922, 1, 0 %, 0 MiB
2026/09/02 21:24:33.922, 0, 0 %, 21659 MiB
2026/09/02 21:24:33.922, 1, 0 %, 0 MiB
2026/09/02 21:24:38.923, 0, 0 %, 21659 MiB
2026/09/02 21:24:38.923, 1, 0 %, 0 MiB
2026/09/02 21:24:43.923, 0, 0 %, 21659 MiB
2026/09/02 21:24:43.924, 1, 0 %, 0 MiB
2026/09/02 21:24:48.924, 0, 0 %, 21659 MiB
2026/09/02 21:24:48.924, 1, 0 %, 0 MiB
2026/09/02 21:24:53.925, 0, 0 %, 21659 MiB
2026/09/02 21:24:53.925, 1, 0 %, 0 MiB
2026/09/02 21:24:58.925, 0, 0 %, 21659 MiB
2026/09/02 21:24:58.925, 1, 0 %, 0 MiB
2026/09/02 21:25:03.926, 0, 0 %, 21659 MiB
2026/09/02 21:25:03.926, 1, 0 %, 0 MiB
2026/09/02 21:25:08.927, 0, 0 %, 21659 MiB
2026/09/02 21:25:08.927, 1, 0 %, 0 MiB
2026/09/02 21:25:13.927, 0, 0 %, 21659 MiB
2026/09/02 21:25:13.927, 1, 0 %, 0 MiB
2026/09/02 21:25:18.928, 0, 0 %, 21659 MiB
2026/09/02 21:25:18.928, 1, 0 %, 0 MiB
2026/09/02 21:25:23.928, 0, 0 %, 21659 MiB
2026/09/02 21:25:23.928, 1, 0 %, 0 MiB
2026/09/02 21:25:28.929, 0, 0 %, 21659 MiB
2026/09/02 21:25:28.929, 1, 0 %, 0 MiB
2026/09/02 21:25:33.929, 0, 0 %, 21659 MiB
2026/09/02 21:25:33.930, 1, 0 %, 0 MiB
2026/09/02 21:25:38.930, 0, 0 %, 21659 MiB
2026/09/02 21:25:38.930, 1, 0 %, 0 MiB
2026/09/02 21:25:43.931, 0, 0 %, 21659 MiB
2026/09/02 21:25:43.931, 1, 0 %, 0 MiB
2026/09/02 21:25:48.931, 0, 0 %, 21659 MiB
2026/09/02 21:25:48.931, 1, 0 %, 0 MiB
2026/09/02 21:25:53.932, 0, 0 %, 21659 MiB
2026/09/02 21:25:53.932, 1, 0 %, 0 MiB
2026/09/02 21:25:58.932, 0, 0 %, 21659 MiB
2026/09/02 21:25:58.932, 1, 0 %, 0 MiB
2026/09/02 21:26:03.933, 0, 0 %, 21659 MiB
2026/09/02 21:26:03.933, 1, 0 %, 0 MiB
2026/09/02 21:26:08.933, 0, 0 %, 21659 MiB
2026/09/02 21:26:08.934, 1, 0 %, 0 MiB
2026/09/02 21:26:13.934, 0, 0 %, 21659 MiB
2026/09/02 21:26:13.934, 1, 0 %, 0 MiB
2026/09/02 21:26:18.935, 0, 0 %, 21659 MiB
2026/09/02 21:26:18.935, 1, 0 %, 0 MiB
2026/09/02 21:26:23.935, 0, 0 %, 21659 MiB
2026/09/02 21:26:23.936, 1, 0 %, 0 MiB
2026/09/02 21:26:28.936, 0, 0 %, 21659 MiB
2026/09/02 21:26:28.936, 1, 0 %, 0 MiB
2026/09/02 21:26:33.937, 0, 0 %, 21659 MiB
2026/09/02 21:26:33.937, 1, 0 %, 0 MiB
2026/09/02 21:26:38.937, 0, 0 %, 21659 MiB
2026/09/02 21:26:38.937, 1, 0 %, 0 MiB
2026/09/02 21:26:43.938, 0, 0 %, 21659 MiB
2026/09/02 21:26:43.938, 1, 0 %, 0 MiB
2026/09/02 21:26:48.939, 0, 0 %, 21659 MiB
2026/09/02 21:26:48.939, 1, 0 %, 0 MiB
2026/09/02 21:26:53.939, 0, 0 %, 21659 MiB
2026/09/02 21:26:53.939, 1, 0 %, 0 MiB
2026/09/02 21:26:58.940, 0, 0 %, 21659 MiB
2026/09/02 21:26:58.940, 1, 0 %, 0 MiB
2026/09/02 21:27:03.941, 0, 0 %, 21659 MiB
2026/09/02 21:27:03.941, 1, 0 %, 0 MiB
2026/09/02 21:27:08.941, 0, 0 %, 21659 MiB
2026/09/02 21:27:08.941, 1, 0 %, 0 MiB
2026/09/02 21:27:13.942, 0, 0 %, 21659 MiB
2026/09/02 21:27:13.942, 1, 0 %, 0 MiB
2026/09/02 21:27:18.942, 0, 0 %, 21659 MiB
2026/09/02 21:27:18.942, 1, 0 %, 0 MiB
2026/09/02 21:27:23.943, 0, 0 %, 21659 MiB
2026/09/02 21:27:23.943, 1, 0 %, 0 MiB
2026/09/02 21:27:28.944, 0, 0 %, 21659 MiB
2026/09/02 21:27:28.944, 1, 0 %, 0 MiB
2026/09/02 21:27:33.944, 0, 0 %, 21659 MiB
2026/09/02 21:27:33.944, 1, 0 %, 0 MiB
2026/09/02 21:27:38.945, 0, 0 %, 21659 MiB
2026/09/02 21:27:38.945, 1, 0 %, 0 MiB
2026/09/02 21:27:43.945, 0, 0 %, 21659 MiB
2026/09/02 21:27:43.945, 1, 0 %, 0 MiB
2026/09/02 21:27:48.946, 0, 0 %, 21659 MiB
2026/09/02 21:27:48.946, 1, 0 %, 0 MiB
2026/09/02 21:27:53.946, 0, 0 %, 21659 MiB
2026/09/02 21:27:53.947, 1, 0 %, 0 MiB
2026/09/02 21:27:58.947, 0, 0 %, 21659 MiB
2026/09/02 21:27:58.947, 1, 0 %, 0 MiB
2026/09/02 21:28:03.948, 0, 0 %, 21659 MiB
2026/09/02 21:28:03.948, 1, 0 %, 0 MiB
2026/09/02 21:28:08.948, 0, 0 %, 21659 MiB
2026/09/02 21:28:08.948, 1, 0 %, 0 MiB
2026/09/02 21:28:13.949, 0, 0 %, 21659 MiB
2026/09/02 21:28:13.949, 1, 0 %, 0 MiB
2026/09/02 21:28:18.950, 0, 0 %, 21659 MiB
2026/09/02 21:28:18.950, 1, 0 %, 0 MiB
2026/09/02 21:28:23.950, 0, 0 %, 21659 MiB
2026/09/02 21:28:23.950, 1, 0 %, 0 MiB
2026/09/02 21:28:28.951, 0, 0 %, 21659 MiB
2026/09/02 21:28:28.951, 1, 0 %, 0 MiB
2026/09/02 21:28:33.951, 0, 0 %, 21659 MiB
2026/09/02 21:28:33.952, 1, 0 %, 0 MiB
2026/09/02 21:28:38.952, 0, 0 %, 21659 MiB
2026/09/02 21:28:38.952, 1, 0 %, 0 MiB
2026/09/02 21:28:43.953, 0, 0 %, 21659 MiB
2026/09/02 21:28:43.953, 1, 0 %, 0 MiB
2026/09/02 21:28:48.953, 0, 0 %, 21659 MiB
2026/09/02 21:28:48.953, 1, 0 %, 0 MiB
2026/09/02 21:28:53.954, 0, 0 %, 21659 MiB
2026/09/02 21:28:53.954, 1, 0 %, 0 MiB
2026/09/02 21:28:58.954, 0, 0 %, 21659 MiB
2026/09/02 21:28:58.954, 1, 0 %, 0 MiB
2026/09/02 21:29:03.955, 0, 0 %, 21659 MiB
2026/09/02 21:29:03.955, 1, 0 %, 0 MiB
2026/09/02 21:29:08.955, 0, 0 %, 21659 MiB
2026/09/02 21:29:08.956, 1, 0 %, 0 MiB
2026/09/02 21:29:13.956, 0, 0 %, 21659 MiB
2026/09/02 21:29:13.956, 1, 0 %, 0 MiB
2026/09/02 21:29:18.957, 0, 0 %, 21659 MiB
2026/09/02 21:29:18.957, 1, 0 %, 0 MiB
2026/09/02 21:29:23.957, 0, 0 %, 21659 MiB
2026/09/02 21:29:23.957, 1, 0 %, 0 MiB
2026/09/02 21:29:28.958, 0, 0 %, 21659 MiB
2026/09/02 21:29:28.958, 1, 0 %, 0 MiB
2026/09/02 21:29:33.958, 0, 0 %, 21659 MiB
2026/09/02 21:29:33.959, 1, 0 %, 0 MiB
2026/09/02 21:29:38.959, 0, 0 %, 21659 MiB
2026/09/02 21:29:38.959, 1, 0 %, 0 MiB
2026/09/02 21:29:43.960, 0, 0 %, 21659 MiB
2026/09/02 21:29:43.960, 1, 0 %, 0 MiB
2026/09/02 21:29:48.960, 0, 0 %, 21659 MiB
2026/09/02 21:29:48.960, 1, 0 %, 0 MiB
2026/09/02 21:29:53.961, 0, 0 %, 21659 MiB
2026/09/02 21:29:53.961, 1, 0 %, 0 MiB
2026/09/02 21:29:58.962, 0, 0 %, 21659 MiB
2026/09/02 21:29:58.962, 1, 0 %, 0 MiB
2026/09/02 21:30:03.962, 0, 17 %, 21659 MiB
2026/09/02 21:30:03.962, 1, 0 %, 0 MiB
2026/09/02 21:30:08.963, 0, 17 %, 21659 MiB
2026/09/02 21:30:08.963, 1, 0 %, 0 MiB
2026/09/02 21:30:13.963, 0, 0 %, 21659 MiB
2026/09/02 21:30:13.964, 1, 0 %, 0 MiB
2026/09/02 21:30:18.964, 0, 0 %, 21659 MiB
2026/09/02 21:30:18.964, 1, 0 %, 0 MiB
2026/09/02 21:30:23.965, 0, 0 %, 21659 MiB
2026/09/02 21:30:23.965, 1, 0 %, 0 MiB
2026/09/02 21:30:28.965, 0, 0 %, 21659 MiB
2026/09/02 21:30:28.965, 1, 0 %, 0 MiB
2026/09/02 21:30:33.966, 0, 0 %, 21659 MiB
2026/09/02 21:30:33.966, 1, 0 %, 0 MiB
2026/09/02 21:30:38.967, 0, 0 %, 21659 MiB
2026/09/02 21:30:38.967, 1, 0 %, 0 MiB
2026/09/02 21:30:43.967, 0, 0 %, 21659 MiB
2026/09/02 21:30:43.967, 1, 0 %, 0 MiB
2026/09/02 21:30:48.968, 0, 0 %, 21659 MiB
2026/09/02 21:30:48.968, 1, 0 %, 0 MiB
2026/09/02 21:30:53.968, 0, 0 %, 21659 MiB
2026/09/02 21:30:53.969, 1, 0 %, 0 MiB
2026/09/02 21:30:58.969, 0, 0 %, 21659 MiB
2026/09/02 21:30:58.969, 1, 0 %, 0 MiB
2026/09/02 21:31:03.970, 0, 0 %, 21659 MiB
2026/09/02 21:31:03.970, 1, 0 %, 0 MiB
2026/09/02 21:31:08.970, 0, 0 %, 21659 MiB
2026/09/02 21:31:08.970, 1, 0 %, 0 MiB
2026/09/02 21:31:13.971, 0, 0 %, 21659 MiB
2026/09/02 21:31:13.971, 1, 0 %, 0 MiB
2026/09/02 21:31:18.972, 0, 0 %, 21659 MiB
2026/09/02 21:31:18.972, 1, 0 %, 0 MiB
2026/09/02 21:31:23.972, 0, 0 %, 21659 MiB
2026/09/02 21:31:23.972, 1, 0 %, 0 MiB
2026/09/02 21:31:28.973, 0, 0 %, 21659 MiB
2026/09/02 21:31:28.973, 1, 0 %, 0 MiB
2026/09/02 21:31:33.973, 0, 0 %, 21659 MiB
2026/09/02 21:31:33.974, 1, 0 %, 0 MiB
2026/09/02 21:31:38.974, 0, 0 %, 21659 MiB
2026/09/02 21:31:38.974, 1, 0 %, 0 MiB
2026/09/02 21:31:43.975, 0, 0 %, 21659 MiB
2026/09/02 21:31:43.975, 1, 0 %, 0 MiB
2026/09/02 21:31:48.975, 0, 0 %, 21659 MiB
2026/09/02 21:31:48.976, 1, 0 %, 0 MiB
2026/09/02 21:31:53.976, 0, 0 %, 21659 MiB
2026/09/02 21:31:53.976, 1, 0 %, 0 MiB
2026/09/02 21:31:58.977, 0, 0 %, 21659 MiB
2026/09/02 21:31:58.977, 1, 0 %, 0 MiB
2026/09/02 21:32:03.977, 0, 0 %, 21659 MiB
2026/09/02 21:32:03.977, 1, 0 %, 0 MiB
2026/09/02 21:32:08.978, 0, 0 %, 21659 MiB
2026/09/02 21:32:08.978, 1, 0 %, 0 MiB
2026/09/02 21:32:13.979, 0, 0 %, 21659 MiB
2026/09/02 21:32:13.979, 1, 0 %, 0 MiB
2026/09/02 21:32:18.979, 0, 0 %, 21659 MiB
2026/09/02 21:32:18.979, 1, 0 %, 0 MiB
2026/09/02 21:32:23.980, 0, 0 %, 21659 MiB
2026/09/02 21:32:23.980, 1, 0 %, 0 MiB
2026/09/02 21:32:28.980, 0, 0 %, 21659 MiB
2026/09/02 21:32:28.981, 1, 0 %, 0 MiB
2026/09/02 21:32:33.981, 0, 0 %, 21659 MiB
2026/09/02 21:32:33.981, 1, 0 %, 0 MiB
2026/09/02 21:32:38.982, 0, 0 %, 21659 MiB
2026/09/02 21:32:38.982, 1, 0 %, 0 MiB
2026/09/02 21:32:43.983, 0, 0 %, 21659 MiB
2026/09/02 21:32:43.983, 1, 0 %, 0 MiB
2026/09/02 21:32:48.983, 0, 0 %, 21659 MiB
2026/09/02 21:32:48.983, 1, 0 %, 0 MiB
2026/09/02 21:32:53.984, 0, 0 %, 21659 MiB
2026/09/02 21:32:53.984, 1, 0 %, 0 MiB
2026/09/02 21:32:58.984, 0, 0 %, 21659 MiB
2026/09/02 21:32:58.985, 1, 0 %, 0 MiB
2026/09/02 21:33:03.985, 0, 0 %, 21659 MiB
2026/09/02 21:33:03.985, 1, 0 %, 0 MiB
2026/09/02 21:33:08.986, 0, 0 %, 21659 MiB
2026/09/02 21:33:08.986, 1, 0 %, 0 MiB
2026/09/02 21:33:13.986, 0, 0 %, 21659 MiB
2026/09/02 21:33:13.987, 1, 0 %, 0 MiB
2026/09/02 21:33:18.987, 0, 0 %, 21659 MiB
2026/09/02 21:33:18.987, 1, 0 %, 0 MiB
2026/09/02 21:33:23.988, 0, 0 %, 21659 MiB
2026/09/02 21:33:23.988, 1, 0 %, 0 MiB
2026/09/02 21:33:28.988, 0, 0 %, 21659 MiB
2026/09/02 21:33:28.988, 1, 0 %, 0 MiB
2026/09/02 21:33:33.989, 0, 0 %, 21659 MiB
2026/09/02 21:33:33.989, 1, 0 %, 0 MiB
2026/09/02 21:33:38.990, 0, 0 %, 21659 MiB
2026/09/02 21:33:38.990, 1, 0 %, 0 MiB
2026/09/02 21:33:43.990, 0, 0 %, 21659 MiB
2026/09/02 21:33:43.990, 1, 0 %, 0 MiB
2026/09/02 21:33:48.991, 0, 0 %, 21659 MiB
2026/09/02 21:33:48.991, 1, 0 %, 0 MiB
2026/09/02 21:33:53.992, 0, 0 %, 21659 MiB
2026/09/02 21:33:53.992, 1, 0 %, 0 MiB
2026/09/02 21:33:58.992, 0, 0 %, 21659 MiB
2026/09/02 21:33:58.992, 1, 0 %, 0 MiB
2026/09/02 21:34:03.993, 0, 0 %, 21659 MiB
2026/09/02 21:34:03.993, 1, 0 %, 0 MiB
2026/09/02 21:34:08.993, 0, 0 %, 21659 MiB
2026/09/02 21:34:08.994, 1, 0 %, 0 MiB
2026/09/02 21:34:13.994, 0, 0 %, 21659 MiB
2026/09/02 21:34:13.994, 1, 0 %, 0 MiB
2026/09/02 21:34:18.995, 0, 0 %, 21659 MiB
2026/09/02 21:34:18.995, 1, 0 %, 0 MiB
2026/09/02 21:34:23.995, 0, 0 %, 21659 MiB
2026/09/02 21:34:23.995, 1, 0 %, 0 MiB
2026/09/02 21:34:28.996, 0, 0 %, 21659 MiB
2026/09/02 21:34:28.996, 1, 0 %, 0 MiB
2026/09/02 21:34:33.997, 0, 0 %, 21659 MiB
2026/09/02 21:34:33.997, 1, 0 %, 0 MiB
2026/09/02 21:34:38.998, 0, 17 %, 21659 MiB
2026/09/02 21:34:38.998, 1, 0 %, 0 MiB
2026/09/02 21:34:43.998, 0, 0 %, 21659 MiB
2026/09/02 21:34:43.998, 1, 0 %, 0 MiB
2026/09/02 21:34:48.999, 0, 0 %, 21659 MiB
2026/09/02 21:34:48.999, 1, 0 %, 0 MiB
2026/09/02 21:34:53.999, 0, 0 %, 21659 MiB
2026/09/02 21:34:54.000, 1, 0 %, 0 MiB
2026/09/02 21:34:59.000, 0, 0 %, 21659 MiB
2026/09/02 21:34:59.000, 1, 0 %, 0 MiB
2026/09/02 21:35:04.001, 0, 0 %, 21659 MiB
2026/09/02 21:35:04.001, 1, 0 %, 0 MiB
2026/09/02 21:35:09.001, 0, 0 %, 21659 MiB
2026/09/02 21:35:09.001, 1, 0 %, 0 MiB
2026/09/02 21:35:14.002, 0, 0 %, 21659 MiB
2026/09/02 21:35:14.002, 1, 0 %, 0 MiB
2026/09/02 21:35:19.002, 0, 0 %, 21659 MiB
2026/09/02 21:35:19.002, 1, 0 %, 0 MiB
2026/09/02 21:35:24.003, 0, 0 %, 21659 MiB
2026/09/02 21:35:24.003, 1, 0 %, 0 MiB
2026/09/02 21:35:29.003, 0, 0 %, 21659 MiB
2026/09/02 21:35:29.004, 1, 0 %, 0 MiB
2026/09/02 21:35:34.004, 0, 0 %, 21659 MiB
2026/09/02 21:35:34.004, 1, 0 %, 0 MiB
2026/09/02 21:35:39.005, 0, 0 %, 21659 MiB
2026/09/02 21:35:39.005, 1, 0 %, 0 MiB
2026/09/02 21:35:44.005, 0, 0 %, 21659 MiB
2026/09/02 21:35:44.005, 1, 0 %, 0 MiB
2026/09/02 21:35:49.006, 0, 0 %, 21659 MiB
2026/09/02 21:35:49.006, 1, 0 %, 0 MiB
2026/09/02 21:35:54.007, 0, 0 %, 21659 MiB
2026/09/02 21:35:54.007, 1, 0 %, 0 MiB
2026/09/02 21:35:59.007, 0, 0 %, 21659 MiB
2026/09/02 21:35:59.007, 1, 0 %, 0 MiB
2026/09/02 21:36:04.008, 0, 0 %, 21659 MiB
2026/09/02 21:36:04.008, 1, 0 %, 0 MiB
2026/09/02 21:36:09.009, 0, 16 %, 21659 MiB
2026/09/02 21:36:09.009, 1, 0 %, 0 MiB
2026/09/02 21:36:14.009, 0, 0 %, 21659 MiB
2026/09/02 21:36:14.010, 1, 0 %, 0 MiB
2026/09/02 21:36:19.010, 0, 0 %, 21659 MiB
2026/09/02 21:36:19.010, 1, 0 %, 0 MiB
2026/09/02 21:36:24.010, 0, 0 %, 21659 MiB
2026/09/02 21:36:24.011, 1, 0 %, 0 MiB
2026/09/02 21:36:29.011, 0, 0 %, 21659 MiB
2026/09/02 21:36:29.011, 1, 0 %, 0 MiB
2026/09/02 21:36:34.012, 0, 0 %, 21659 MiB
2026/09/02 21:36:34.012, 1, 0 %, 0 MiB
2026/09/02 21:36:39.013, 0, 0 %, 21659 MiB
2026/09/02 21:36:39.013, 1, 0 %, 0 MiB
2026/09/02 21:36:44.013, 0, 0 %, 21659 MiB
2026/09/02 21:36:44.013, 1, 0 %, 0 MiB
2026/09/02 21:36:49.014, 0, 0 %, 21659 MiB
2026/09/02 21:36:49.015, 1, 0 %, 0 MiB
2026/09/02 21:36:54.016, 0, 0 %, 21659 MiB
2026/09/02 21:36:54.016, 1, 0 %, 0 MiB
2026/09/02 21:36:59.016, 0, 0 %, 21659 MiB
2026/09/02 21:36:59.016, 1, 0 %, 0 MiB
2026/09/02 21:37:04.017, 0, 0 %, 21659 MiB
2026/09/02 21:37:04.017, 1, 0 %, 0 MiB
2026/09/02 21:37:09.018, 0, 0 %, 21659 MiB
2026/09/02 21:37:09.018, 1, 0 %, 0 MiB
2026/09/02 21:37:14.019, 0, 0 %, 21659 MiB
2026/09/02 21:37:14.019, 1, 0 %, 0 MiB
2026/09/02 21:37:19.020, 0, 0 %, 21659 MiB
2026/09/02 21:37:19.020, 1, 0 %, 0 MiB
2026/09/02 21:37:24.020, 0, 0 %, 21659 MiB
2026/09/02 21:37:24.020, 1, 0 %, 0 MiB
2026/09/02 21:37:29.021, 0, 0 %, 21659 MiB
2026/09/02 21:37:29.021, 1, 0 %, 0 MiB
2026/09/02 21:37:34.021, 0, 0 %, 21659 MiB
2026/09/02 21:37:34.022, 1, 0 %, 0 MiB
2026/09/02 21:37:39.022, 0, 0 %, 21659 MiB
2026/09/02 21:37:39.022, 1, 0 %, 0 MiB
2026/09/02 21:37:44.023, 0, 0 %, 21659 MiB
2026/09/02 21:37:44.023, 1, 0 %, 0 MiB
2026/09/02 21:37:49.023, 0, 0 %, 21659 MiB
2026/09/02 21:37:49.023, 1, 0 %, 0 MiB
2026/09/02 21:37:54.024, 0, 0 %, 21659 MiB
2026/09/02 21:37:54.024, 1, 0 %, 0 MiB
2026/09/02 21:37:59.025, 0, 0 %, 21659 MiB
2026/09/02 21:37:59.026, 1, 0 %, 0 MiB
2026/09/02 21:38:04.026, 0, 0 %, 21659 MiB
2026/09/02 21:38:04.026, 1, 0 %, 0 MiB
2026/09/02 21:38:09.027, 0, 0 %, 21659 MiB
2026/09/02 21:38:09.027, 1, 0 %, 0 MiB
2026/09/02 21:38:14.027, 0, 0 %, 21659 MiB
2026/09/02 21:38:14.028, 1, 0 %, 0 MiB
2026/09/02 21:38:19.028, 0, 0 %, 21659 MiB
2026/09/02 21:38:19.028, 1, 0 %, 0 MiB
2026/09/02 21:38:24.029, 0, 0 %, 21659 MiB
2026/09/02 21:38:24.029, 1, 0 %, 0 MiB
2026/09/02 21:38:29.030, 0, 0 %, 21659 MiB
2026/09/02 21:38:29.030, 1, 0 %, 0 MiB
2026/09/02 21:38:34.030, 0, 0 %, 21659 MiB
2026/09/02 21:38:34.030, 1, 0 %, 0 MiB
2026/09/02 21:38:39.031, 0, 0 %, 21659 MiB
2026/09/02 21:38:39.031, 1, 0 %, 0 MiB
2026/09/02 21:38:44.032, 0, 0 %, 21659 MiB
2026/09/02 21:38:44.032, 1, 0 %, 0 MiB
2026/09/02 21:38:49.032, 0, 0 %, 21659 MiB
2026/09/02 21:38:49.032, 1, 0 %, 0 MiB
2026/09/02 21:38:54.033, 0, 0 %, 21659 MiB
2026/09/02 21:38:54.033, 1, 0 %, 0 MiB
2026/09/02 21:38:59.033, 0, 0 %, 21659 MiB
2026/09/02 21:38:59.034, 1, 0 %, 0 MiB
2026/09/02 21:39:04.034, 0, 0 %, 21659 MiB
2026/09/02 21:39:04.034, 1, 0 %, 0 MiB
2026/09/02 21:39:09.035, 0, 0 %, 21659 MiB
2026/09/02 21:39:09.035, 1, 0 %, 0 MiB
2026/09/02 21:39:14.035, 0, 0 %, 21659 MiB
2026/09/02 21:39:14.035, 1, 0 %, 0 MiB
2026/09/02 21:39:19.036, 0, 0 %, 21659 MiB
2026/09/02 21:39:19.036, 1, 0 %, 0 MiB
2026/09/02 21:39:24.036, 0, 0 %, 21659 MiB
2026/09/02 21:39:24.037, 1, 0 %, 0 MiB
2026/09/02 21:39:29.037, 0, 0 %, 21659 MiB
2026/09/02 21:39:29.037, 1, 0 %, 0 MiB
2026/09/02 21:39:34.038, 0, 0 %, 21659 MiB
2026/09/02 21:39:34.038, 1, 0 %, 0 MiB
2026/09/02 21:39:39.038, 0, 0 %, 21659 MiB
2026/09/02 21:39:39.038, 1, 0 %, 0 MiB
2026/09/02 21:39:44.039, 0, 0 %, 21659 MiB
2026/09/02 21:39:44.039, 1, 0 %, 0 MiB
2026/09/02 21:39:49.039, 0, 0 %, 21659 MiB
2026/09/02 21:39:49.040, 1, 0 %, 0 MiB
2026/09/02 21:39:54.040, 0, 0 %, 21659 MiB
2026/09/02 21:39:54.040, 1, 0 %, 0 MiB
2026/09/02 21:39:59.041, 0, 0 %, 21659 MiB
2026/09/02 21:39:59.041, 1, 0 %, 0 MiB
2026/09/02 21:40:04.042, 0, 0 %, 21659 MiB
2026/09/02 21:40:04.042, 1, 0 %, 0 MiB
2026/09/02 21:40:09.043, 0, 0 %, 21659 MiB
2026/09/02 21:40:09.043, 1, 0 %, 0 MiB
2026/09/02 21:40:14.043, 0, 0 %, 21659 MiB
2026/09/02 21:40:14.043, 1, 0 %, 0 MiB
2026/09/02 21:40:19.044, 0, 0 %, 21659 MiB
2026/09/02 21:40:19.044, 1, 0 %, 0 MiB
2026/09/02 21:40:24.044, 0, 0 %, 21659 MiB
2026/09/02 21:40:24.044, 1, 0 %, 0 MiB
2026/09/02 21:40:29.045, 0, 0 %, 21659 MiB
2026/09/02 21:40:29.045, 1, 0 %, 0 MiB
2026/09/02 21:40:34.046, 0, 0 %, 21659 MiB
2026/09/02 21:40:34.046, 1, 0 %, 0 MiB
2026/09/02 21:40:39.046, 0, 0 %, 21659 MiB
2026/09/02 21:40:39.046, 1, 0 %, 0 MiB
2026/09/02 21:40:44.047, 0, 0 %, 21659 MiB
2026/09/02 21:40:44.047, 1, 0 %, 0 MiB
2026/09/02 21:40:49.047, 0, 0 %, 21659 MiB
2026/09/02 21:40:49.047, 1, 0 %, 0 MiB
2026/09/02 21:40:54.048, 0, 0 %, 21659 MiB
2026/09/02 21:40:54.048, 1, 0 %, 0 MiB
2026/09/02 21:40:59.048, 0, 0 %, 21659 MiB
2026/09/02 21:40:59.049, 1, 0 %, 0 MiB
2026/09/02 21:41:04.049, 0, 0 %, 21659 MiB
2026/09/02 21:41:04.049, 1, 0 %, 0 MiB
2026/09/02 21:41:09.050, 0, 0 %, 21659 MiB
2026/09/02 21:41:09.050, 1, 0 %, 0 MiB
2026/09/02 21:41:14.050, 0, 0 %, 21659 MiB
2026/09/02 21:41:14.051, 1, 0 %, 0 MiB
2026/09/02 21:41:19.051, 0, 0 %, 21659 MiB
2026/09/02 21:41:19.051, 1, 0 %, 0 MiB
2026/09/02 21:41:24.052, 0, 0 %, 21659 MiB
2026/09/02 21:41:24.052, 1, 0 %, 0 MiB
2026/09/02 21:41:29.052, 0, 0 %, 21659 MiB
2026/09/02 21:41:29.052, 1, 0 %, 0 MiB
2026/09/02 21:41:34.053, 0, 0 %, 21659 MiB
2026/09/02 21:41:34.053, 1, 0 %, 0 MiB
2026/09/02 21:41:39.054, 0, 0 %, 21659 MiB
2026/09/02 21:41:39.054, 1, 0 %, 0 MiB
2026/09/02 21:41:44.054, 0, 0 %, 21659 MiB
2026/09/02 21:41:44.054, 1, 0 %, 0 MiB
2026/09/02 21:41:49.055, 0, 0 %, 21659 MiB
2026/09/02 21:41:49.055, 1, 0 %, 0 MiB
2026/09/02 21:41:54.055, 0, 0 %, 21659 MiB
2026/09/02 21:41:54.055, 1, 0 %, 0 MiB
2026/09/02 21:41:59.056, 0, 0 %, 21659 MiB
2026/09/02 21:41:59.056, 1, 0 %, 0 MiB
2026/09/02 21:42:04.056, 0, 0 %, 21659 MiB
2026/09/02 21:42:04.056, 1, 0 %, 0 MiB
2026/09/02 21:42:09.057, 0, 0 %, 21659 MiB
2026/09/02 21:42:09.057, 1, 0 %, 0 MiB
2026/09/02 21:42:14.058, 0, 0 %, 21659 MiB
2026/09/02 21:42:14.058, 1, 0 %, 0 MiB
2026/09/02 21:42:19.058, 0, 0 %, 21659 MiB
2026/09/02 21:42:19.058, 1, 0 %, 0 MiB
2026/09/02 21:42:24.059, 0, 0 %, 21659 MiB
2026/09/02 21:42:24.059, 1, 0 %, 0 MiB
2026/09/02 21:42:29.059, 0, 0 %, 21659 MiB
2026/09/02 21:42:29.059, 1, 0 %, 0 MiB
2026/09/02 21:42:34.060, 0, 0 %, 21659 MiB
2026/09/02 21:42:34.060, 1, 0 %, 0 MiB
2026/09/02 21:42:39.061, 0, 0 %, 21659 MiB
2026/09/02 21:42:39.061, 1, 0 %, 0 MiB
2026/09/02 21:42:44.061, 0, 0 %, 21659 MiB
2026/09/02 21:42:44.061, 1, 0 %, 0 MiB
2026/09/02 21:42:49.062, 0, 0 %, 21659 MiB
2026/09/02 21:42:49.062, 1, 0 %, 0 MiB
2026/09/02 21:42:54.062, 0, 0 %, 21659 MiB
2026/09/02 21:42:54.063, 1, 0 %, 0 MiB
2026/09/02 21:42:59.063, 0, 0 %, 21659 MiB
2026/09/02 21:42:59.063, 1, 0 %, 0 MiB
2026/09/02 21:43:04.064, 0, 0 %, 21659 MiB
2026/09/02 21:43:04.064, 1, 0 %, 0 MiB
2026/09/02 21:43:09.064, 0, 0 %, 21659 MiB
2026/09/02 21:43:09.064, 1, 0 %, 0 MiB
2026/09/02 21:43:14.065, 0, 0 %, 21659 MiB
2026/09/02 21:43:14.065, 1, 0 %, 0 MiB
2026/09/02 21:43:19.066, 0, 0 %, 21659 MiB
2026/09/02 21:43:19.066, 1, 0 %, 0 MiB
2026/09/02 21:43:24.066, 0, 0 %, 21659 MiB
2026/09/02 21:43:24.066, 1, 0 %, 0 MiB
2026/09/02 21:43:29.067, 0, 0 %, 21659 MiB
2026/09/02 21:43:29.067, 1, 0 %, 0 MiB
2026/09/02 21:43:34.068, 0, 0 %, 21659 MiB
2026/09/02 21:43:34.068, 1, 0 %, 0 MiB
2026/09/02 21:43:39.068, 0, 0 %, 21659 MiB
2026/09/02 21:43:39.068, 1, 0 %, 0 MiB
2026/09/02 21:43:44.069, 0, 0 %, 21659 MiB
2026/09/02 21:43:44.069, 1, 0 %, 0 MiB
2026/09/02 21:43:49.069, 0, 0 %, 21659 MiB
2026/09/02 21:43:49.070, 1, 0 %, 0 MiB
2026/09/02 21:43:54.070, 0, 0 %, 21659 MiB
2026/09/02 21:43:54.070, 1, 0 %, 0 MiB
2026/09/02 21:43:59.071, 0, 0 %, 21659 MiB
2026/09/02 21:43:59.071, 1, 0 %, 0 MiB
2026/09/02 21:44:04.071, 0, 0 %, 21659 MiB
2026/09/02 21:44:04.071, 1, 0 %, 0 MiB
2026/09/02 21:44:09.072, 0, 0 %, 21659 MiB
2026/09/02 21:44:09.072, 1, 0 %, 0 MiB
2026/09/02 21:44:14.073, 0, 0 %, 21659 MiB
2026/09/02 21:44:14.073, 1, 0 %, 0 MiB
2026/09/02 21:44:19.073, 0, 0 %, 21659 MiB
2026/09/02 21:44:19.073, 1, 0 %, 0 MiB
2026/09/02 21:44:24.074, 0, 68 %, 21659 MiB
2026/09/02 21:44:24.074, 1, 0 %, 0 MiB
2026/09/02 21:44:29.075, 0, 67 %, 21659 MiB
2026/09/02 21:44:29.075, 1, 0 %, 0 MiB
2026/09/02 21:44:34.075, 0, 67 %, 21659 MiB
2026/09/02 21:44:34.075, 1, 0 %, 0 MiB
2026/09/02 21:44:39.076, 0, 67 %, 21659 MiB
2026/09/02 21:44:39.076, 1, 0 %, 0 MiB
2026/09/02 21:44:44.076, 0, 68 %, 21659 MiB
2026/09/02 21:44:44.077, 1, 0 %, 0 MiB
2026/09/02 21:44:49.077, 0, 67 %, 21659 MiB
2026/09/02 21:44:49.077, 1, 0 %, 0 MiB
2026/09/02 21:44:54.078, 0, 67 %, 21659 MiB
2026/09/02 21:44:54.078, 1, 0 %, 0 MiB
2026/09/02 21:44:59.078, 0, 67 %, 21659 MiB
2026/09/02 21:44:59.078, 1, 0 %, 0 MiB
2026/09/02 21:45:04.079, 0, 67 %, 21659 MiB
2026/09/02 21:45:04.079, 1, 0 %, 0 MiB
2026/09/02 21:45:09.079, 0, 67 %, 21659 MiB
2026/09/02 21:45:09.080, 1, 0 %, 0 MiB
2026/09/02 21:45:14.080, 0, 67 %, 21659 MiB
2026/09/02 21:45:14.080, 1, 0 %, 0 MiB
2026/09/02 21:45:19.081, 0, 67 %, 21659 MiB
2026/09/02 21:45:19.081, 1, 0 %, 0 MiB
2026/09/02 21:45:24.081, 0, 67 %, 21659 MiB
2026/09/02 21:45:24.081, 1, 0 %, 0 MiB
2026/09/02 21:45:29.082, 0, 67 %, 21659 MiB
2026/09/02 21:45:29.082, 1, 0 %, 0 MiB
2026/09/02 21:45:34.082, 0, 68 %, 21659 MiB
2026/09/02 21:45:34.083, 1, 0 %, 0 MiB
2026/09/02 21:45:39.083, 0, 67 %, 21659 MiB
2026/09/02 21:45:39.083, 1, 0 %, 0 MiB
2026/09/02 21:45:44.084, 0, 67 %, 21659 MiB
2026/09/02 21:45:44.084, 1, 0 %, 0 MiB
2026/09/02 21:45:49.084, 0, 67 %, 21659 MiB
2026/09/02 21:45:49.084, 1, 0 %, 0 MiB
2026/09/02 21:45:54.085, 0, 0 %, 21659 MiB
2026/09/02 21:45:54.085, 1, 0 %, 0 MiB
2026/09/02 21:45:59.086, 0, 0 %, 21659 MiB
2026/09/02 21:45:59.086, 1, 0 %, 0 MiB
2026/09/02 21:46:04.087, 0, 0 %, 21659 MiB
2026/09/02 21:46:04.087, 1, 0 %, 0 MiB
2026/09/02 21:46:09.088, 0, 0 %, 21659 MiB
2026/09/02 21:46:09.088, 1, 0 %, 0 MiB
2026/09/02 21:46:14.088, 0, 0 %, 21659 MiB
2026/09/02 21:46:14.089, 1, 0 %, 0 MiB
2026/09/02 21:46:19.089, 0, 0 %, 21659 MiB
2026/09/02 21:46:19.089, 1, 0 %, 0 MiB
2026/09/02 21:46:24.090, 0, 0 %, 21659 MiB
2026/09/02 21:46:24.090, 1, 0 %, 0 MiB
2026/09/02 21:46:29.091, 0, 0 %, 21659 MiB
2026/09/02 21:46:29.091, 1, 0 %, 0 MiB
2026/09/02 21:46:34.091, 0, 0 %, 21659 MiB
2026/09/02 21:46:34.092, 1, 0 %, 0 MiB
2026/09/02 21:46:39.092, 0, 0 %, 21659 MiB
2026/09/02 21:46:39.092, 1, 0 %, 0 MiB
2026/09/02 21:46:44.093, 0, 0 %, 21659 MiB
2026/09/02 21:46:44.093, 1, 0 %, 0 MiB
2026/09/02 21:46:49.094, 0, 0 %, 21659 MiB
2026/09/02 21:46:49.094, 1, 0 %, 0 MiB
2026/09/02 21:46:54.094, 0, 0 %, 21659 MiB
2026/09/02 21:46:54.094, 1, 0 %, 0 MiB
2026/09/02 21:46:59.095, 0, 0 %, 21659 MiB
2026/09/02 21:46:59.095, 1, 0 %, 0 MiB
2026/09/02 21:47:04.096, 0, 0 %, 21659 MiB
2026/09/02 21:47:04.096, 1, 0 %, 0 MiB
2026/09/02 21:47:09.097, 0, 0 %, 21659 MiB
2026/09/02 21:47:09.097, 1, 0 %, 0 MiB
2026/09/02 21:47:14.098, 0, 0 %, 21659 MiB
2026/09/02 21:47:14.098, 1, 0 %, 0 MiB
2026/09/02 21:47:19.099, 0, 0 %, 21659 MiB
2026/09/02 21:47:19.099, 1, 0 %, 0 MiB
2026/09/02 21:47:24.100, 0, 0 %, 21659 MiB
2026/09/02 21:47:24.100, 1, 0 %, 0 MiB
2026/09/02 21:47:29.100, 0, 0 %, 21659 MiB
2026/09/02 21:47:29.100, 1, 0 %, 0 MiB
2026/09/02 21:47:34.101, 0, 0 %, 21659 MiB
2026/09/02 21:47:34.102, 1, 0 %, 0 MiB
2026/09/02 21:47:39.102, 0, 0 %, 21659 MiB
2026/09/02 21:47:39.102, 1, 0 %, 0 MiB
2026/09/02 21:47:44.103, 0, 0 %, 21659 MiB
2026/09/02 21:47:44.103, 1, 0 %, 0 MiB
2026/09/02 21:47:49.104, 0, 0 %, 21659 MiB
2026/09/02 21:47:49.104, 1, 0 %, 0 MiB
2026/09/02 21:47:54.104, 0, 0 %, 21659 MiB
2026/09/02 21:47:54.104, 1, 0 %, 0 MiB
2026/09/02 21:47:59.105, 0, 0 %, 21659 MiB
2026/09/02 21:47:59.105, 1, 0 %, 0 MiB
2026/09/02 21:48:04.105, 0, 0 %, 21659 MiB
2026/09/02 21:48:04.106, 1, 0 %, 0 MiB
2026/09/02 21:48:09.106, 0, 0 %, 21659 MiB
2026/09/02 21:48:09.106, 1, 0 %, 0 MiB
2026/09/02 21:48:14.107, 0, 0 %, 21659 MiB
2026/09/02 21:48:14.107, 1, 0 %, 0 MiB
2026/09/02 21:48:19.107, 0, 0 %, 21659 MiB
2026/09/02 21:48:19.107, 1, 0 %, 0 MiB
2026/09/02 21:48:24.108, 0, 0 %, 21659 MiB
2026/09/02 21:48:24.108, 1, 0 %, 0 MiB
2026/09/02 21:48:29.109, 0, 0 %, 21659 MiB
2026/09/02 21:48:29.109, 1, 0 %, 0 MiB
2026/09/02 21:48:34.109, 0, 0 %, 21659 MiB
2026/09/02 21:48:34.109, 1, 0 %, 0 MiB
2026/09/02 21:48:39.110, 0, 0 %, 21659 MiB
2026/09/02 21:48:39.110, 1, 0 %, 0 MiB
2026/09/02 21:48:44.110, 0, 0 %, 21659 MiB
2026/09/02 21:48:44.111, 1, 0 %, 0 MiB
2026/09/02 21:48:49.111, 0, 0 %, 21659 MiB
2026/09/02 21:48:49.111, 1, 0 %, 0 MiB
2026/09/02 21:48:54.112, 0, 0 %, 21659 MiB
2026/09/02 21:48:54.112, 1, 0 %, 0 MiB
2026/09/02 21:48:59.112, 0, 0 %, 21659 MiB
2026/09/02 21:48:59.113, 1, 0 %, 0 MiB
2026/09/02 21:49:04.113, 0, 0 %, 21659 MiB
2026/09/02 21:49:04.113, 1, 0 %, 0 MiB
2026/09/02 21:49:09.114, 0, 0 %, 21659 MiB
2026/09/02 21:49:09.114, 1, 0 %, 0 MiB
2026/09/02 21:49:14.114, 0, 0 %, 21659 MiB
2026/09/02 21:49:14.114, 1, 0 %, 0 MiB
2026/09/02 21:49:19.115, 0, 0 %, 21659 MiB
2026/09/02 21:49:19.115, 1, 0 %, 0 MiB
2026/09/02 21:49:24.115, 0, 0 %, 21659 MiB
2026/09/02 21:49:24.115, 1, 0 %, 0 MiB
2026/09/02 21:49:29.116, 0, 0 %, 21659 MiB
2026/09/02 21:49:29.116, 1, 0 %, 0 MiB
2026/09/02 21:49:34.116, 0, 0 %, 21659 MiB
2026/09/02 21:49:34.117, 1, 0 %, 0 MiB
2026/09/02 21:49:39.117, 0, 19 %, 21659 MiB
2026/09/02 21:49:39.117, 1, 0 %, 0 MiB
2026/09/02 21:49:44.118, 0, 61 %, 21659 MiB
2026/09/02 21:49:44.118, 1, 0 %, 0 MiB
2026/09/02 21:49:49.118, 0, 60 %, 21659 MiB
2026/09/02 21:49:49.118, 1, 0 %, 0 MiB
2026/09/02 21:49:54.119, 0, 61 %, 21659 MiB
2026/09/02 21:49:54.119, 1, 0 %, 0 MiB
2026/09/02 21:49:59.119, 0, 61 %, 21659 MiB
2026/09/02 21:49:59.120, 1, 0 %, 0 MiB
2026/09/02 21:50:04.120, 0, 61 %, 21659 MiB
2026/09/02 21:50:04.120, 1, 0 %, 0 MiB
2026/09/02 21:50:09.121, 0, 61 %, 21659 MiB
2026/09/02 21:50:09.121, 1, 0 %, 0 MiB
2026/09/02 21:50:14.121, 0, 61 %, 21659 MiB
2026/09/02 21:50:14.121, 1, 0 %, 0 MiB
2026/09/02 21:50:19.122, 0, 62 %, 21659 MiB
2026/09/02 21:50:19.122, 1, 0 %, 0 MiB
2026/09/02 21:50:24.122, 0, 61 %, 21659 MiB
2026/09/02 21:50:24.122, 1, 0 %, 0 MiB
2026/09/02 21:50:29.123, 0, 60 %, 21659 MiB
2026/09/02 21:50:29.123, 1, 0 %, 0 MiB
2026/09/02 21:50:34.124, 0, 61 %, 21659 MiB
2026/09/02 21:50:34.124, 1, 0 %, 0 MiB
2026/09/02 21:50:39.124, 0, 61 %, 21659 MiB
2026/09/02 21:50:39.124, 1, 0 %, 0 MiB
2026/09/02 21:50:44.125, 0, 61 %, 21659 MiB
2026/09/02 21:50:44.125, 1, 0 %, 0 MiB
2026/09/02 21:50:49.125, 0, 61 %, 21659 MiB
2026/09/02 21:50:49.126, 1, 0 %, 0 MiB
2026/09/02 21:50:54.126, 0, 61 %, 21659 MiB
2026/09/02 21:50:54.126, 1, 0 %, 0 MiB
2026/09/02 21:50:59.127, 0, 61 %, 21659 MiB
2026/09/02 21:50:59.127, 1, 0 %, 0 MiB
2026/09/02 21:51:04.127, 0, 0 %, 21659 MiB
2026/09/02 21:51:04.127, 1, 0 %, 0 MiB
2026/09/02 21:51:09.128, 0, 0 %, 21659 MiB
2026/09/02 21:51:09.128, 1, 0 %, 0 MiB
