claim_id,qkey,value,unit,category,claim_type,tex_line,section,quoted_context
T-001,misc_manuscript_date,March 2026,date (manuscript),external-fact,setup,83,front matter,"""\date{March 2026}"""
T-002,dataset_metadata_rows,>200 million,predicted protein structures,external-fact,background,91,abstract,"""The AlphaFold database contains over 200 million predicted protein structures"" [cf. lines 101, 129]"
T-003,dense_gb,>200,GB (dense boolean representation),deterministic,setup,91,abstract,"""a standard boolean representation requires over 200\,GB, exceeding GPU memory capacity"" [cf. lines 105, 120, 167, 402: ~206 GB]"
T-004,vocab_items_frequent,"1,002",features (base vocabulary),deterministic,setup,91,abstract,"""With a base vocabulary of 1,002 features"" [cf. lines 105, 115, 134, 146, 171, 268, 376, 393, 425, 496]"
T-005,dataset_multi_feature,76.9 million,proteins (transactions mined),deterministic,setup,91,abstract,"""this enables exhaustive Apriori computation across 76.9 million proteins in 7.3\,minutes (mining only) on a single NVIDIA H100"" [cf. 152: 76,890,945]"
T-006,run_opus_time_min,7.3,minutes (mining only),hardware-dependent,result,91,abstract,"""exhaustive Apriori computation across 76.9 million proteins in 7.3\,minutes (mining only) on a single NVIDIA H100"" [cf. 120, 129, 230, 425, 496]"
T-007,hw_gpu_model,1 × NVIDIA H100,GPU count and model,hardware-dependent,setup,91,abstract,"""in 7.3\,minutes (mining only) on a single NVIDIA H100"" [cf. 213]"
T-008,run_opus_itemsets,26.8 million,"co-occurrence patterns (itemsets, Opus run)",deterministic,result,91,abstract,"""revealing 26.8 million co-occurrence patterns reaching $K{=}22$"" [cf. 230: 26,849,505]"
T-009,run_opus_kmax,22,K (maximum itemset length),deterministic,result,91,abstract,"""revealing 26.8 million co-occurrence patterns reaching $K{=}22$"""
T-010,null_z_min_k4to6,">3,700","Z (standardized effect size, 5 permutations)",deterministic,result,91,abstract,"""A permutation-based null model supports biological significance ($Z{>}3{,}700$ for $K{=}4$--$6$ at 0.001\% support"" [cf. 379-381, 498]"
T-011,null_z_headline_k_range,4–6,"K range with Z>3,700",deterministic,result,91,abstract,"""($Z{>}3{,}700$ for $K{=}4$--$6$ at 0.001\% support; see Section~\ref{sec:null-model} for scope)"""
T-012,null_support_pct,0.001,% support (null-model threshold),method-parameter,parameter,91,abstract,"""($Z{>}3{,}700$ for $K{=}4$--$6$ at 0.001\% support; see Section~\ref{sec:null-model} for scope)"" [cf. 226, 362]"
T-013,dataset_metadata_rows,>200 million,proteins with predicted structures,external-fact,background,101,intro,"""With predicted structures for over 200 million proteins spanning virtually all known organisms"""
T-014,ext_prior_domain_cooccurrence_kmax,2 (pairwise),K of prior domain co-occurrence work,external-fact,background,101,intro,"""Protein domain co-occurrence has been studied primarily through pairwise network approaches~\cite{wang2011,coin2009}"""
T-015,dataset_metadata_rows,hundreds of millions,proteins,external-fact,background,103,intro,"""which combinations of protein features appear together more often than expected across hundreds of millions of proteins?"""
T-016,misc_example_triple_k,3,"features in illustrative combination (PF00270, GO:0003724, GO:0045087)",external-fact,background,103,intro,"""A protein annotated with a DEAD-box helicase domain (PF00270), RNA helicase activity (GO:0003724), and innate immune response (GO:0045087)"" [illustrative example]"
T-017,misc_example_triple_support,thousands,proteins (hypothetical support of example),external-fact,background,103,intro,"""If this 3-feature combination appears in thousands of proteins across distant evolutionary lineages, it reveals a conserved molecular machine"" [hypothetical]"
T-018,ext_prior_gpu_fim_speedup_range,50–350×,speedup (prior GPU FIM vs classical CPU algorithms),external-fact,background,105,intro,"""GPU-accelerated FIM systems~\cite{...} have achieved $50$--$350\times$ speedups over classical CPU algorithms such as Eclat"""
T-019,ext_prior_gpu_fim_max_transactions,a few million,transactions (largest prior GPU FIM datasets),external-fact,background,105,intro,"""all existing GPU implementations were evaluated on datasets of at most a few million transactions"" [cf. 408]"
T-020,ext_prior_gpu_fim_scale_gap_orders,3,orders of magnitude (prior datasets smaller than proteome),external-fact,background,105,intro,"""three orders of magnitude smaller than our proteome dataset"" [cf. 408]"
T-021,dense_gb,~206,"GB (dense boolean matrix, full set)",deterministic,setup,105,intro,"""The standard dense boolean matrix representation requires ${\sim}206$\,GB for 205.6~million proteins with 1,002 features (one byte per boolean entry)"""
T-022,dataset_plddt_pass,205.6 million,proteins (full processed set),deterministic,setup,105,intro,"""requires ${\sim}206$\,GB for 205.6~million proteins with 1,002 features"" [cf. 129: 205,620,298]"
T-023,vocab_items_frequent,"1,002",features,deterministic,setup,105,intro,"""for 205.6~million proteins with 1,002 features (one byte per boolean entry)"""
T-024,alg_dense_bytes_per_bool,1,byte per boolean entry (dense representation assumption),method-parameter,setup,105,intro,"""(one byte per boolean entry)"" [cf. 167]"
T-025,ext_highend_gpu_vram_gb,80,GB (capacity of highest-end GPUs),external-fact,background,105,intro,"""far exceeding even the 80\,GB capacity of the highest-end GPUs"" [cf. 213, 216]"
T-026,misc_concept_figure_k,4,K (schematic pattern),deterministic,background,114,figure fig:concept caption,"""A $K{=}4$ pattern (yellow highlight) is shared by three proteins."" [illustrative schematic]"
T-027,misc_concept_figure_support,3,proteins sharing schematic pattern,deterministic,background,114,figure fig:concept caption,"""A $K{=}4$ pattern (yellow highlight) is shared by three proteins."" [illustrative schematic]"
T-028,dataset_multi_feature,76.9M,proteins (boolean matrix rows),deterministic,setup,115,figure fig:concept caption,"""The transaction database as a boolean matrix (76.9M proteins $\times$ 1,002 features)."""
T-029,vocab_items_frequent,"1,002",features (boolean matrix columns),deterministic,setup,115,figure fig:concept caption,"""The transaction database as a boolean matrix (76.9M proteins $\times$ 1,002 features)."""
T-030,dense_gb,206,"GB (dense, before CSR)",deterministic,setup,120,intro,"""a compressed sparse row (CSR) representation constructed directly from the transaction list, reducing 206\,GB to ${\sim}5.1$\,GB"""
T-031,csr_bytes_gb,~5.1,GB (CSR representation),deterministic,result,120,intro,"""reducing 206\,GB to ${\sim}5.1$\,GB"" [cf. 167, 402]"
T-032,dataset_multi_feature,76.9 million,multi-feature proteins,deterministic,setup,120,intro,"""Applied to 76.9~million multi-feature proteins, ET-miner discovers the complete feature co-occurrence landscape in 7.3\,minutes of mining"""
T-033,run_opus_time_min,7.3,minutes (mining),hardware-dependent,result,120,intro,"""discovers the complete feature co-occurrence landscape in 7.3\,minutes of mining on a single NVIDIA H100"""
T-034,hw_gpu_model,1 × NVIDIA H100,GPU count and model,hardware-dependent,setup,120,intro,"""in 7.3\,minutes of mining on a single NVIDIA H100"""
T-035,dataset_metadata_rows,214 million,proteins (AlphaFold DB coverage),external-fact,background,129,methods,"""The AlphaFold Protein Structure Database~\cite{varadi2024} provides predicted structures for 214 million proteins across UniProt."" [cf. 878, 885]"
T-036,dataset_plddt_pass,"205,620,298",proteins processed (UniProt TrEMBL),deterministic,setup,129,methods,"""We processed 205,620,298 proteins from UniProt TrEMBL and obtained protein annotations"" [cf. 152]"
T-037,dataset_uniprot_release,2025_01,UniProt release (data version),software,setup,129,methods,"""from the UniProt~\cite{uniprot2023} cross-reference pipeline (release 2025\_01, accessed February 2026)"" [cf. 478, 529]"
T-038,dataset_access_date,February 2026,data access date,software,setup,129,methods,"""(release 2025\_01, accessed February 2026)"""
T-039,vocab_pfam_defined,500,"Pfam domains (most frequent, vocabulary)",method-parameter,parameter,129,methods,"""The feature vocabulary comprises the 500 most frequent Pfam domains and the 500 most frequent GO terms"""
T-040,vocab_go_defined,500,"GO terms (most frequent, vocabulary)",method-parameter,parameter,129,methods,"""The feature vocabulary comprises the 500 most frequent Pfam domains and the 500 most frequent GO terms"""
T-041,dataset_pfam_families_observed,"24,291",Pfam families observed across corpus,deterministic,result,129,methods,"""(drawn from 24{,}291 Pfam and 25{,}993 GO families observed across the corpus)"""
T-042,dataset_go_families_observed,"25,993",GO families observed across corpus,deterministic,result,129,methods,"""(drawn from 24{,}291 Pfam and 25{,}993 GO families observed across the corpus)"""
T-043,vocab_plddt_defined,6,pLDDT confidence bins,method-parameter,parameter,129,methods,"""together with 6 pLDDT confidence bins, for 1{,}006 defined items"""
T-044,vocab_items_defined,"1,006",defined items (500+500+6),deterministic,setup,129,methods,"""together with 6 pLDDT confidence bins, for 1{,}006 defined items"""
T-045,run_opus_min_count,8,"proteins (minimum support threshold, applied during mining)",method-parameter,parameter,129,methods,"""the minimum support threshold of 8 proteins is applied during \emph{mining}, not during vocabulary construction"""
T-046,dataset_annotation_gb,150,GB compressed annotation data (feature extraction input),deterministic,setup,129,methods,"""Feature extraction processed 150\,GB of compressed annotation data in 63\,minutes"""
T-047,extract_time_min,63,minutes (feature extraction / preprocessing),hardware-dependent,result,129,methods,"""Feature extraction processed 150\,GB of compressed annotation data in 63\,minutes"" [cf. 496]"
T-048,run_opus_time_min,7.3,minutes (mining runtime),hardware-dependent,result,129,methods,"""this preprocessing is separate from the 7.3\,minute mining runtime reported below"""
T-049,vocab_items_defined,"1,006",items defined,deterministic,setup,134,table tab:features caption,"""Feature vocabulary composition: 1,006 items are defined (6 pLDDT confidence bins, 500 Pfam domains, 500 GO terms)"""
T-050,vocab_plddt_defined,6,pLDDT confidence bins (defined),method-parameter,parameter,134,table tab:features caption,"""1,006 items are defined (6 pLDDT confidence bins, 500 Pfam domains, 500 GO terms)"""
T-051,vocab_pfam_defined,500,Pfam domains (defined),method-parameter,parameter,134,table tab:features caption,"""1,006 items are defined (6 pLDDT confidence bins, 500 Pfam domains, 500 GO terms)"""
T-052,vocab_go_defined,500,GO terms (defined),method-parameter,parameter,134,table tab:features caption,"""1,006 items are defined (6 pLDDT confidence bins, 500 Pfam domains, 500 GO terms)"""
T-053,vocab_items_frequent,"1,002",items passing support threshold,deterministic,result,134,table tab:features caption,"""and 1,002 pass the support threshold of 8 proteins (all 1,000 Pfam/GO items plus 2 pLDDT bins)"""
T-054,run_opus_min_count,8,proteins (support threshold),method-parameter,parameter,134,table tab:features caption,"""1,002 pass the support threshold of 8 proteins"""
T-055,vocab_pfam_go_frequent,"1,000",Pfam/GO items frequent,deterministic,result,134,table tab:features caption,"""(all 1,000 Pfam/GO items plus 2 pLDDT bins)"""
T-056,vocab_plddt_frequent,2,pLDDT bins frequent,deterministic,result,134,table tab:features caption,"""(all 1,000 Pfam/GO items plus 2 pLDDT bins)"""
T-057,vocab_pfam_defined,500,"Pfam domains, Defined",method-parameter,parameter,142,table tab:features,"""Pfam domains & InterPro/Pfam & 500 & 500"""
T-058,vocab_pfam_frequent,500,"Pfam domains, Frequent",deterministic,result,142,table tab:features,"""Pfam domains & InterPro/Pfam & 500 & 500"""
T-059,vocab_go_defined,500,"GO terms, Defined",method-parameter,parameter,143,table tab:features,"""GO terms & Gene Ontology & 500 & 500"""
T-060,vocab_go_frequent,500,"GO terms, Frequent",deterministic,result,143,table tab:features,"""GO terms & Gene Ontology & 500 & 500"""
T-061,vocab_plddt_defined,6,"pLDDT confidence bins, Defined",method-parameter,parameter,144,table tab:features,"""pLDDT confidence bins & AlphaFold & 6 & 2"""
T-062,vocab_plddt_frequent,2,"pLDDT confidence bins, Frequent",deterministic,result,144,table tab:features,"""pLDDT confidence bins & AlphaFold & 6 & 2"""
T-063,vocab_items_defined,"1,006","Total, Defined",deterministic,setup,146,table tab:features,"""\textbf{Total} & & \textbf{1,006} & \textbf{1,002}"""
T-064,vocab_items_frequent,"1,002","Total, Frequent",deterministic,result,146,table tab:features,"""\textbf{Total} & & \textbf{1,006} & \textbf{1,002}"""
T-065,dataset_plddt_pass,"205,620,298",total proteins,deterministic,setup,152,methods,"""Of the 205,620,298 total proteins, 76,890,945 (37.4\%) have more than one annotated feature under this vocabulary"""
T-066,dataset_multi_feature,"76,890,945",proteins with >1 feature (transaction set mined),deterministic,result,152,methods,"""Of the 205,620,298 total proteins, 76,890,945 (37.4\%) have more than one annotated feature under this vocabulary and form the transaction set"""
T-067,dataset_multi_feature_pct,37.4,% of total proteins with >1 feature,deterministic,result,152,methods,"""76,890,945 (37.4\%) have more than one annotated feature under this vocabulary"" [cf. 480: 62.6% excluded]"
T-068,alg_transaction_min_features,>1,annotated features (transaction inclusion filter),method-parameter,parameter,152,methods,"""have more than one annotated feature under this vocabulary and form the transaction set mined in this work"" [cf. 480]"
T-069,sw_execution_paths,3,execution paths (CPU; GPU direct CSR; GPU-accelerated resident),software,setup,156,methods,"""ET-miner implements a GPU-accelerated Apriori algorithm with three execution paths: (1)~a CPU path ... (2)~a GPU path ... (3)~a GPU-accelerated path"""
T-070,sw_execution_path_used,path (3) GPU-accelerated,execution path used for all reported results,software,setup,156,methods,"""The GPU-accelerated path is the primary contribution and was used for all results reported in this paper."""
T-071,dataset_multi_feature,76.9M,proteins (mining subset),deterministic,setup,167,methods,"""For the 76.9M-protein mining subset, the resulting matrix contains 316~million non-zero entries"""
T-072,csr_nnz,316 million,non-zero entries (CSR of mining subset),deterministic,result,167,methods,"""the resulting matrix contains 316~million non-zero entries occupying ${\sim}5.1$\,GB in coordinate format (two 64-bit integers per entry)"""
T-073,csr_bytes_gb,~5.1,"GB (coordinate format, mining subset)",deterministic,result,167,methods,"""316~million non-zero entries occupying ${\sim}5.1$\,GB in coordinate format (two 64-bit integers per entry)"" [cf. 120, 402; 171/440: ~3 GB; 886: 19 GB]"
T-074,alg_coo_bytes_per_entry,2 × 64-bit integers (16 B),per non-zero entry (COO encoding),method-parameter,setup,167,methods,"""(two 64-bit integers per entry)"" [cf. 878: 8 bytes/entry]"
T-075,csr_vs_dense_subset_ratio,~15×,reduction vs dense representation of same subset,deterministic,result,167,methods,"""a ${\sim}15\times$ reduction from the ${\sim}77$\,GB dense representation of that same subset (one byte per boolean entry)"" [cf. 402]"
T-076,dense_subset_gb,~77,GB (dense representation of 76.9M subset),deterministic,setup,167,methods,"""a ${\sim}15\times$ reduction from the ${\sim}77$\,GB dense representation of that same subset (one byte per boolean entry)"""
T-077,alg_dense_bytes_per_bool,1,byte per boolean entry,method-parameter,setup,167,methods,"""(one byte per boolean entry)"""
T-078,dense_gb,~206,"GB (dense matrix, full 205.6M set)",deterministic,setup,167,methods,"""relative to the ${\sim}206$\,GB dense matrix of the full 205.6M-protein set it is ${\sim}40\times$ smaller"""
T-079,dataset_plddt_pass,205.6M,proteins (full set),deterministic,setup,167,methods,"""relative to the ${\sim}206$\,GB dense matrix of the full 205.6M-protein set it is ${\sim}40\times$ smaller"""
T-080,csr_vs_dense_full_ratio,~40×,smaller than full-set dense matrix,deterministic,result,167,methods,"""relative to the ${\sim}206$\,GB dense matrix of the full 205.6M-protein set it is ${\sim}40\times$ smaller"""
T-081,bitvec_gb,~26,GB (bit-packed dense form),deterministic,setup,167,methods,"""The bit-packed dense form is smaller (${\sim}26$\,GB) but still exceeds the CSR footprint."" [cf. 171, 402, 769, 886]"
T-082,dataset_plddt_pass,205.6M,proteins (bitvector rows),deterministic,setup,171,methods,"""With 205.6M proteins and 1,002 features, the total bitvector matrix occupies ${\sim}26$\,GB of GPU memory"""
T-083,vocab_items_frequent,"1,002",features (bitvectors),deterministic,setup,171,methods,"""With 205.6M proteins and 1,002 features, the total bitvector matrix occupies ${\sim}26$\,GB of GPU memory"""
T-084,bitvec_gb,~26,GB GPU memory (bitvector matrix),deterministic,result,171,methods,"""the total bitvector matrix occupies ${\sim}26$\,GB of GPU memory, built directly on-GPU from the CSR column indices"" [cf. 886: 27 GB; 440: ~10 GB subset]"
T-085,csr_h2d_transfer_gb,~3,GB (single host-to-device transfer of CSR column indices),deterministic,result,171,methods,"""built directly on-GPU from the CSR column indices via a single host-to-device transfer (${\sim}3$\,GB)"" [cf. 440, 859]"
T-086,pipe_h2d_transfer_count,1,host-to-device transfer,deterministic,setup,171,methods,"""via a single host-to-device transfer (${\sim}3$\,GB)"""
T-087,alg_pcie_reduction_vs_conventional,orders of magnitude less,per-level PCIe traffic vs conventional,deterministic,result,193,methods,"""the per-level PCIe traffic is limited to prefix group metadata and result indices---orders of magnitude less than conventional approaches"""
T-088,pipe_h2d_transfer_count,once,bitvector load to GPU (count of loads),deterministic,setup,196,methods,"""the algorithm loads bitvectors onto the GPU once, where they remain resident across all $K$-levels"""
T-089,hw_gpu_count,1,GPU (all experiments),hardware-dependent,setup,196,methods,"""though all experiments in this paper use a single GPU"" [cf. 446]"
T-090,alg_bits_per_word,64,proteins per bitvector operation,deterministic,background,200,methods,"""The bitvector representation processes 64 proteins in a single operation"""
T-091,alg_bitvec_speedup_factor,64×,speedup over element-wise comparison,deterministic,background,201,methods,"""providing a $64\times$ speedup over element-wise comparison"" [cf. 743, 753]"
T-092,hw_gpu_count,1,GPU (all experiments),hardware-dependent,setup,213,results,"""All experiments were performed on a single NVIDIA H100 80\,GB SXM5 with 128\,GB host RAM"""
T-093,hw_gpu_model,NVIDIA H100 SXM5,GPU model,hardware-dependent,setup,213,results,"""All experiments were performed on a single NVIDIA H100 80\,GB SXM5 with 128\,GB host RAM"""
T-094,hw_gpu_vram_gb,80,GB VRAM,hardware-dependent,setup,213,results,"""a single NVIDIA H100 80\,GB SXM5"""
T-095,hw_host_ram_gb,128,GB host RAM,hardware-dependent,setup,213,results,"""with 128\,GB host RAM"""
T-096,sw_python,3.10,Python version,software,setup,213,results,"""running Python~3.10, CuPy~13.0, NumPy~1.26, CUDA~12.4, and Ubuntu~22.04"""
T-097,sw_cupy,13.0,CuPy version,software,setup,213,results,"""running Python~3.10, CuPy~13.0, NumPy~1.26, CUDA~12.4, and Ubuntu~22.04"""
T-098,sw_numpy,1.26,NumPy version,software,setup,213,results,"""running Python~3.10, CuPy~13.0, NumPy~1.26, CUDA~12.4, and Ubuntu~22.04"""
T-099,sw_cuda,12.4,CUDA version,software,setup,213,results,"""running Python~3.10, CuPy~13.0, NumPy~1.26, CUDA~12.4, and Ubuntu~22.04"""
T-100,sw_os,22.04,Ubuntu version,software,setup,213,results,"""running Python~3.10, CuPy~13.0, NumPy~1.26, CUDA~12.4, and Ubuntu~22.04"""
T-101,campaign_n_runs,6,mining runs,method-parameter,setup,213,results,"""We conducted six mining runs at progressively lower support thresholds, spanning four orders of magnitude"""
T-102,campaign_support_span_orders,4,orders of magnitude (support threshold span),method-parameter,setup,213,results,"""spanning four orders of magnitude (Table~\ref{tab:campaign})"""
T-103,campaign_n_runs,6,support thresholds,method-parameter,setup,216,table tab:campaign caption,"""Mining campaign results across six support thresholds on a single NVIDIA H100 80\,GB."""
T-104,hw_gpu_model,1 × NVIDIA H100,GPU count and model,hardware-dependent,setup,216,table tab:campaign caption,"""on a single NVIDIA H100 80\,GB"""
T-105,hw_gpu_vram_gb,80,GB VRAM,hardware-dependent,setup,216,table tab:campaign caption,"""on a single NVIDIA H100 80\,GB"""
T-106,run_ultra_min_count,16,minimum protein count (Ultra),method-parameter,parameter,216,table tab:campaign caption,"""actual thresholds correspond to minimum protein counts of 16 and 8 respectively"""
T-107,run_opus_min_count,8,minimum protein count (Opus),method-parameter,parameter,216,table tab:campaign caption,"""actual thresholds correspond to minimum protein counts of 16 and 8 respectively"""
T-108,run_base_support_pct,0.1,% support (Base),method-parameter,parameter,224,table tab:campaign,"""Base & 0.1\% & 76,891 & 5,305 & 9 & 1.9\,min & Streaming SON"""
T-109,run_base_min_count,"76,891",min. proteins (Base),method-parameter,parameter,224,table tab:campaign,"""Base & 0.1\% & 76,891 & 5,305 & 9 & 1.9\,min & Streaming SON"""
T-110,run_base_itemsets,"5,305",itemsets (Base),deterministic,result,224,table tab:campaign,"""Base & 0.1\% & 76,891 & 5,305 & 9 & 1.9\,min & Streaming SON"""
T-111,run_base_kmax,9,max K (Base),deterministic,result,224,table tab:campaign,"""Base & 0.1\% & 76,891 & 5,305 & 9 & 1.9\,min & Streaming SON"""
T-112,run_base_time_min,1.9,min wall-clock (Base),hardware-dependent,result,224,table tab:campaign,"""Base & 0.1\% & 76,891 & 5,305 & 9 & 1.9\,min & Streaming SON"""
T-113,run_base_method,Streaming SON,method (Base),method-parameter,setup,224,table tab:campaign,"""Base & 0.1\% & 76,891 & 5,305 & 9 & 1.9\,min & Streaming SON"""
T-114,run_super_support_pct,0.01,% support (Super),method-parameter,parameter,225,table tab:campaign,"""Super & 0.01\% & 7,689 & 51,124 & 13 & 4.3\,min & Streaming SON"""
T-115,run_super_min_count,"7,689",min. proteins (Super),method-parameter,parameter,225,table tab:campaign,"""Super & 0.01\% & 7,689 & 51,124 & 13 & 4.3\,min & Streaming SON"""
T-116,run_super_itemsets,"51,124",itemsets (Super),deterministic,result,225,table tab:campaign,"""Super & 0.01\% & 7,689 & 51,124 & 13 & 4.3\,min & Streaming SON"""
T-117,run_super_kmax,13,max K (Super),deterministic,result,225,table tab:campaign,"""Super & 0.01\% & 7,689 & 51,124 & 13 & 4.3\,min & Streaming SON"""
T-118,run_super_time_min,4.3,min wall-clock (Super),hardware-dependent,result,225,table tab:campaign,"""Super & 0.01\% & 7,689 & 51,124 & 13 & 4.3\,min & Streaming SON"""
T-119,run_super_method,Streaming SON,method (Super),method-parameter,setup,225,table tab:campaign,"""Super & 0.01\% & 7,689 & 51,124 & 13 & 4.3\,min & Streaming SON"""
T-120,run_power_support_pct,0.001,% support (Power),method-parameter,parameter,226,table tab:campaign,"""Power & 0.001\% & 768 & 22,846 & 13 & 18.1\,min & Streaming SON"""
T-121,run_power_min_count,768,min. proteins (Power),method-parameter,parameter,226,table tab:campaign,"""Power & 0.001\% & 768 & 22,846 & 13 & 18.1\,min & Streaming SON"" [cf. 362, 393: min_count=769]"
T-122,run_power_itemsets,"22,846","itemsets (Power, SON)",deterministic,result,226,table tab:campaign,"""Power & 0.001\% & 768 & 22,846 & 13 & 18.1\,min & Streaming SON"" [cf. 238, 404]"
T-123,run_power_kmax,13,"max K (Power, SON)",deterministic,result,226,table tab:campaign,"""Power & 0.001\% & 768 & 22,846 & 13 & 18.1\,min & Streaming SON"" [cf. 393: Direct at 0.001% reaches K=14]"
T-124,run_power_time_min,18.1,min wall-clock (Power),hardware-dependent,result,226,table tab:campaign,"""Power & 0.001\% & 768 & 22,846 & 13 & 18.1\,min & Streaming SON"" [cf. 238: 1,085.6 s]"
T-125,run_power_method,Streaming SON,method (Power),method-parameter,setup,226,table tab:campaign,"""Power & 0.001\% & 768 & 22,846 & 13 & 18.1\,min & Streaming SON"""
T-126,run_blitz_support_pct,0.0001,% support (Blitz),method-parameter,parameter,228,table tab:campaign,"""Blitz & 0.0001\% & 77 & 2,841,280 & 19 & 2.0\,min & Direct CSR$\to$GPU & $9\times$ faster, $124\times$ more itemsets"""
T-127,run_blitz_min_count,77,min. proteins (Blitz),method-parameter,parameter,228,table tab:campaign,"""Blitz & 0.0001\% & 77 & 2,841,280 & 19 & 2.0\,min & Direct CSR$\to$GPU"""
T-128,run_blitz_itemsets,"2,841,280",itemsets (Blitz),deterministic,result,228,table tab:campaign,"""Blitz & 0.0001\% & 77 & 2,841,280 & 19 & 2.0\,min & Direct CSR$\to$GPU"""
T-129,run_blitz_kmax,19,max K (Blitz),deterministic,result,228,table tab:campaign,"""Blitz & 0.0001\% & 77 & 2,841,280 & 19 & 2.0\,min & Direct CSR$\to$GPU"""
T-130,run_blitz_time_min,2.0,min wall-clock (Blitz),hardware-dependent,result,228,table tab:campaign,"""Blitz & 0.0001\% & 77 & 2,841,280 & 19 & 2.0\,min & Direct CSR$\to$GPU"""
T-131,run_blitz_method,Direct CSR→GPU,method (Blitz),method-parameter,setup,228,table tab:campaign,"""Blitz & 0.0001\% & 77 & 2,841,280 & 19 & 2.0\,min & Direct CSR$\to$GPU"""
T-132,run_blitz_vs_power_speedup,9×,"faster (Blitz vs Power, key transition)",hardware-dependent,result,228,table tab:campaign,"""$9\times$ faster, $124\times$ more itemsets\textsuperscript{$\dagger$}"" [cf. 238, 243]"
T-133,run_blitz_vs_power_itemset_ratio,124×,more itemsets (Blitz vs Power),deterministic,result,228,table tab:campaign,"""$9\times$ faster, $124\times$ more itemsets\textsuperscript{$\dagger$}"" [cf. 238]"
T-134,run_ultra_support_pct,0.00002,"% support (Ultra, nominal)",method-parameter,parameter,229,table tab:campaign,"""Ultra & 0.00002\% & 16 & 14,558,875 & 20 & 4.7\,min & Direct CSR$\to$GPU"""
T-135,run_ultra_min_count,16,min. proteins (Ultra),method-parameter,parameter,229,table tab:campaign,"""Ultra & 0.00002\% & 16 & 14,558,875 & 20 & 4.7\,min & Direct CSR$\to$GPU"""
T-136,run_ultra_itemsets,"14,558,875",itemsets (Ultra),deterministic,result,229,table tab:campaign,"""Ultra & 0.00002\% & 16 & 14,558,875 & 20 & 4.7\,min & Direct CSR$\to$GPU"""
T-137,run_ultra_kmax,20,max K (Ultra),deterministic,result,229,table tab:campaign,"""Ultra & 0.00002\% & 16 & 14,558,875 & 20 & 4.7\,min & Direct CSR$\to$GPU"""
T-138,run_ultra_time_min,4.7,min wall-clock (Ultra),hardware-dependent,result,229,table tab:campaign,"""Ultra & 0.00002\% & 16 & 14,558,875 & 20 & 4.7\,min & Direct CSR$\to$GPU"""
T-139,run_ultra_method,Direct CSR→GPU,method (Ultra),method-parameter,setup,229,table tab:campaign,"""Ultra & 0.00002\% & 16 & 14,558,875 & 20 & 4.7\,min & Direct CSR$\to$GPU"""
T-140,run_opus_support_pct,0.00001,"% support (Opus, nominal)",method-parameter,parameter,230,table tab:campaign,"""Opus & 0.00001\% & 8 & 26,849,505 & 22 & 7.3\,min & Direct CSR$\to$GPU"""
T-141,run_opus_min_count,8,min. proteins (Opus),method-parameter,parameter,230,table tab:campaign,"""Opus & 0.00001\% & 8 & 26,849,505 & 22 & 7.3\,min & Direct CSR$\to$GPU"""
T-142,run_opus_itemsets,"26,849,505",itemsets (Opus),deterministic,result,230,table tab:campaign,"""Opus & 0.00001\% & 8 & 26,849,505 & 22 & 7.3\,min & Direct CSR$\to$GPU"" [cf. 91, 254, 259: 26.8M]"
T-143,run_opus_kmax,22,max K (Opus),deterministic,result,230,table tab:campaign,"""Opus & 0.00001\% & 8 & 26,849,505 & 22 & 7.3\,min & Direct CSR$\to$GPU"""
T-144,run_opus_time_min,7.3,min wall-clock (Opus),hardware-dependent,result,230,table tab:campaign,"""Opus & 0.00001\% & 8 & 26,849,505 & 22 & 7.3\,min & Direct CSR$\to$GPU"""
T-145,run_opus_method,Direct CSR→GPU,method (Opus),method-parameter,setup,230,table tab:campaign,"""Opus & 0.00001\% & 8 & 26,849,505 & 22 & 7.3\,min & Direct CSR$\to$GPU"""
T-146,run_power_support_pct,0.001,"% support (Power, compared)",method-parameter,parameter,235,table tab:campaign footnote,"""Compares Power (0.001\%) to Blitz (0.0001\%), varying both method and threshold."""
T-147,run_blitz_support_pct,0.0001,"% support (Blitz, compared)",method-parameter,parameter,235,table tab:campaign footnote,"""Compares Power (0.001\%) to Blitz (0.0001\%), varying both method and threshold."""
T-148,son_speedup,21×,controlled same-support speedup (Direct vs SON),hardware-dependent,result,235,table tab:campaign footnote,"""Controlled same-support comparison: $21\times$ (\S\ref{sec:results})."" [cf. 238, 243, 404]"
T-149,run_blitz_vs_power_support_ratio,10×,support threshold lowering (Power→Blitz),method-parameter,parameter,238,results,"""Despite lowering the support threshold by $10\times$, the Blitz run completes $9\times$ faster and finds $124\times$ more itemsets"""
T-150,run_blitz_vs_power_speedup,9×,faster (Blitz vs Power),hardware-dependent,result,238,results,"""the Blitz run completes $9\times$ faster and finds $124\times$ more itemsets (Figure~\ref{fig:campaign})"""
T-151,run_blitz_vs_power_itemset_ratio,124×,more itemsets (Blitz vs Power),deterministic,result,238,results,"""the Blitz run completes $9\times$ faster and finds $124\times$ more itemsets (Figure~\ref{fig:campaign})"""
T-152,run_power_support_pct,0.001,% support (controlled comparison),method-parameter,parameter,238,results,"""A controlled comparison at identical support (0.001\%) isolates the method effect"""
T-153,run_power_direct_itemsets,"475,865",itemsets (Direct GPU at 0.001%),deterministic,result,238,results,"""Direct GPU discovers 475,865 itemsets in 50.7\,s versus SON's 22,846 in 1,085.6\,s---a $21\times$ speedup"" [cf. 393, 404]"
T-154,run_power_direct_time_s,50.7,s (Direct GPU at 0.001%),hardware-dependent,result,238,results,"""Direct GPU discovers 475,865 itemsets in 50.7\,s versus SON's 22,846 in 1,085.6\,s---a $21\times$ speedup"" [cf. 404]"
T-155,run_power_son_itemsets,"22,846",itemsets (SON at 0.001%),deterministic,result,238,results,"""versus SON's 22,846 in 1,085.6\,s---a $21\times$ speedup"" [cf. 226, 404]"
T-156,run_power_son_time_s,"1,085.6",s (SON at 0.001%),hardware-dependent,result,238,results,"""versus SON's 22,846 in 1,085.6\,s---a $21\times$ speedup"" [cf. 226: 18.1 min; 404]"
T-157,son_speedup,21×,"speedup (Direct vs SON, same support)",hardware-dependent,result,238,results,"""versus SON's 22,846 in 1,085.6\,s---a $21\times$ speedup"""
T-158,son_miss_rate_pct,95.2,% of patterns missed by SON,deterministic,result,238,results,"""SON misses 95.2\% of patterns through two compounding mechanisms."" [cf. 404]"
T-159,son_k2_recovery,most,K=2 patterns recovered by SON (qualitative),deterministic,result,238,results,"""explaining why SON recovers most $K{=}2$ patterns but progressively fewer at higher levels"""
T-160,campaign_n_runs,6,support thresholds,method-parameter,setup,243,figure fig:campaign caption,"""Mining campaign across six support thresholds. Bars show itemsets discovered (log scale); line shows wall-clock time."""
T-161,run_power_support_pct,0.001,% support (SON side of transition),method-parameter,parameter,243,figure fig:campaign caption,"""The SON$\to$Direct GPU transition at 0.001\%$\to$0.0001\% yields $9\times$ speedup despite $10\times$ lower support"""
T-162,run_blitz_support_pct,0.0001,% support (Direct side of transition),method-parameter,parameter,243,figure fig:campaign caption,"""The SON$\to$Direct GPU transition at 0.001\%$\to$0.0001\% yields $9\times$ speedup despite $10\times$ lower support"""
T-163,run_blitz_vs_power_speedup,9×,speedup,hardware-dependent,result,243,figure fig:campaign caption,"""yields $9\times$ speedup despite $10\times$ lower support"""
T-164,run_blitz_vs_power_support_ratio,10×,lower support,method-parameter,parameter,243,figure fig:campaign caption,"""yields $9\times$ speedup despite $10\times$ lower support"""
T-165,son_speedup,21×,controlled same-support speedup,hardware-dependent,result,243,figure fig:campaign caption,"""a controlled comparison at identical support shows $21\times$ (Section~\ref{sec:results})"""
T-166,kdist_opus_peak_k,9,K (distribution peak),deterministic,result,249,results,"""The distribution is unimodal, peaking at $K{=}9$ with 3,529,257 itemsets (13.14\% of total)"" [cf. 254, 276, 462]"
T-167,kdist_opus_peak_count,"3,529,257",itemsets at K=9,deterministic,result,249,results,"""peaking at $K{=}9$ with 3,529,257 itemsets (13.14\% of total)"" [cf. 276]"
T-168,kdist_opus_peak_pct,13.14,% of total itemsets at K=9,deterministic,result,249,results,"""peaking at $K{=}9$ with 3,529,257 itemsets (13.14\% of total)"""
T-169,null_kmax,6,K (max producible by null model),deterministic,result,249,results,"""a permutation-based null model ... cannot produce patterns beyond $K{=}6$"" [cf. 364, 391]"
T-170,kdist_opus_peak_k,9,K peak (second mention),deterministic,result,249,results,"""confirming that the $K{=}9$ peak and all deeper patterns reflect genuine biological co-occurrence rather than statistical artifacts"""
T-171,run_opus_support_pct,0.00001,% support,method-parameter,parameter,254,figure fig:kdist caption,"""$K$-distribution of frequent itemsets at 0.00001\% support (26.8M total)."""
T-172,run_opus_itemsets,26.8M,total itemsets,deterministic,result,254,figure fig:kdist caption,"""$K$-distribution of frequent itemsets at 0.00001\% support (26.8M total)."""
T-173,kdist_opus_peak_k,9,K (peak),deterministic,result,254,figure fig:kdist caption,"""The unimodal distribution peaks at $K{=}9$ (3.53M itemsets)."""
T-174,kdist_opus_peak_count,3.53M,itemsets at peak,deterministic,result,254,figure fig:kdist caption,"""The unimodal distribution peaks at $K{=}9$ (3.53M itemsets)."""
T-175,kdist_opus_k22_count,1,itemset at maximum depth,deterministic,result,254,figure fig:kdist caption,"""A single itemset at maximum depth is shared by exactly 8 proteins."""
T-176,k22_support,8,proteins sharing the max-depth itemset,deterministic,result,254,figure fig:kdist caption,"""A single itemset at maximum depth is shared by exactly 8 proteins."" [cf. 286, 289, 335]"
T-177,run_opus_support_pct,0.00001,% support,method-parameter,parameter,259,table tab:kdist caption,"""$K$-distribution at 0.00001\% support (26.8M total)."""
T-178,run_opus_itemsets,26.8M,total itemsets,deterministic,result,259,table tab:kdist caption,"""$K$-distribution at 0.00001\% support (26.8M total)."""
T-179,kdist_opus_k1_count,"1,002",itemsets at K=1,deterministic,result,268,table tab:kdist,"""1 & 1,002 & 0.00 & 12 & 1,996,772 & 7.44"""
T-180,kdist_opus_k1_pct,0.00,% at K=1,deterministic,result,268,table tab:kdist,"""1 & 1,002 & 0.00 & 12 & 1,996,772 & 7.44"""
T-181,kdist_opus_k12_count,"1,996,772",itemsets at K=12,deterministic,result,268,table tab:kdist,"""1 & 1,002 & 0.00 & 12 & 1,996,772 & 7.44"""
T-182,kdist_opus_k12_pct,7.44,% at K=12,deterministic,result,268,table tab:kdist,"""1 & 1,002 & 0.00 & 12 & 1,996,772 & 7.44"""
T-183,kdist_opus_k2_count,"73,786",itemsets at K=2,deterministic,result,269,table tab:kdist,"""2 & 73,786 & 0.27 & 13 & 1,259,045 & 4.69"""
T-184,kdist_opus_k2_pct,0.27,% at K=2,deterministic,result,269,table tab:kdist,"""2 & 73,786 & 0.27 & 13 & 1,259,045 & 4.69"""
T-185,kdist_opus_k13_count,"1,259,045",itemsets at K=13,deterministic,result,269,table tab:kdist,"""2 & 73,786 & 0.27 & 13 & 1,259,045 & 4.69"""
T-186,kdist_opus_k13_pct,4.69,% at K=13,deterministic,result,269,table tab:kdist,"""2 & 73,786 & 0.27 & 13 & 1,259,045 & 4.69"""
T-187,kdist_opus_k3_count,"452,777",itemsets at K=3,deterministic,result,270,table tab:kdist,"""3 & 452,777 & 1.69 & 14 & 679,471 & 2.53"""
T-188,kdist_opus_k3_pct,1.69,% at K=3,deterministic,result,270,table tab:kdist,"""3 & 452,777 & 1.69 & 14 & 679,471 & 2.53"""
T-189,kdist_opus_k14_count,"679,471",itemsets at K=14,deterministic,result,270,table tab:kdist,"""3 & 452,777 & 1.69 & 14 & 679,471 & 2.53"""
T-190,kdist_opus_k14_pct,2.53,% at K=14,deterministic,result,270,table tab:kdist,"""3 & 452,777 & 1.69 & 14 & 679,471 & 2.53"""
T-191,kdist_opus_k4_count,"1,184,461",itemsets at K=4,deterministic,result,271,table tab:kdist,"""4 & 1,184,461 & 4.41 & 15 & 310,527 & 1.16"""
T-192,kdist_opus_k4_pct,4.41,% at K=4,deterministic,result,271,table tab:kdist,"""4 & 1,184,461 & 4.41 & 15 & 310,527 & 1.16"""
T-193,kdist_opus_k15_count,"310,527",itemsets at K=15,deterministic,result,271,table tab:kdist,"""4 & 1,184,461 & 4.41 & 15 & 310,527 & 1.16"""
T-194,kdist_opus_k15_pct,1.16,% at K=15,deterministic,result,271,table tab:kdist,"""4 & 1,184,461 & 4.41 & 15 & 310,527 & 1.16"""
T-195,kdist_opus_k5_count,"1,974,126",itemsets at K=5,deterministic,result,272,table tab:kdist,"""5 & 1,974,126 & 7.35 & 16 & 118,659 & 0.44"""
T-196,kdist_opus_k5_pct,7.35,% at K=5,deterministic,result,272,table tab:kdist,"""5 & 1,974,126 & 7.35 & 16 & 118,659 & 0.44"""
T-197,kdist_opus_k16_count,"118,659",itemsets at K=16,deterministic,result,272,table tab:kdist,"""5 & 1,974,126 & 7.35 & 16 & 118,659 & 0.44"""
T-198,kdist_opus_k16_pct,0.44,% at K=16,deterministic,result,272,table tab:kdist,"""5 & 1,974,126 & 7.35 & 16 & 118,659 & 0.44"""
T-199,kdist_opus_k6_count,"2,626,332",itemsets at K=6,deterministic,result,273,table tab:kdist,"""6 & 2,626,332 & 9.78 & 17 & 37,261 & 0.14"""
T-200,kdist_opus_k6_pct,9.78,% at K=6,deterministic,result,273,table tab:kdist,"""6 & 2,626,332 & 9.78 & 17 & 37,261 & 0.14"""
T-201,kdist_opus_k17_count,"37,261",itemsets at K=17,deterministic,result,273,table tab:kdist,"""6 & 2,626,332 & 9.78 & 17 & 37,261 & 0.14"""
T-202,kdist_opus_k17_pct,0.14,% at K=17,deterministic,result,273,table tab:kdist,"""6 & 2,626,332 & 9.78 & 17 & 37,261 & 0.14"""
T-203,kdist_opus_k7_count,"3,118,459",itemsets at K=7,deterministic,result,274,table tab:kdist,"""7 & 3,118,459 & 11.61 & 18 & 9,375 & 0.03"""
T-204,kdist_opus_k7_pct,11.61,% at K=7,deterministic,result,274,table tab:kdist,"""7 & 3,118,459 & 11.61 & 18 & 9,375 & 0.03"""
T-205,kdist_opus_k18_count,"9,375",itemsets at K=18,deterministic,result,274,table tab:kdist,"""7 & 3,118,459 & 11.61 & 18 & 9,375 & 0.03"""
T-206,kdist_opus_k18_pct,0.03,% at K=18,deterministic,result,274,table tab:kdist,"""7 & 3,118,459 & 11.61 & 18 & 9,375 & 0.03"""
T-207,kdist_opus_k8_count,"3,442,954",itemsets at K=8,deterministic,result,275,table tab:kdist,"""8 & 3,442,954 & 12.82 & 19 & 1,818 & 0.01"""
T-208,kdist_opus_k8_pct,12.82,% at K=8,deterministic,result,275,table tab:kdist,"""8 & 3,442,954 & 12.82 & 19 & 1,818 & 0.01"""
T-209,kdist_opus_k19_count,"1,818",itemsets at K=19,deterministic,result,275,table tab:kdist,"""8 & 3,442,954 & 12.82 & 19 & 1,818 & 0.01"""
T-210,kdist_opus_k19_pct,0.01,% at K=19,deterministic,result,275,table tab:kdist,"""8 & 3,442,954 & 12.82 & 19 & 1,818 & 0.01"""
T-211,kdist_opus_k9_count,"3,529,257","itemsets at K=9 (peak, bold)",deterministic,result,276,table tab:kdist,"""\textbf{9} & \textbf{3,529,257} & \textbf{13.14} & 20 & 255 & $<\!$0.01"" [cf. 249, 254, 462]"
T-212,kdist_opus_k9_pct,13.14,% at K=9 (bold),deterministic,result,276,table tab:kdist,"""\textbf{9} & \textbf{3,529,257} & \textbf{13.14} & 20 & 255 & $<\!$0.01"""
T-213,kdist_opus_k20_count,255,itemsets at K=20,deterministic,result,276,table tab:kdist,"""\textbf{9} & \textbf{3,529,257} & \textbf{13.14} & 20 & 255 & $<\!$0.01"""
T-214,kdist_opus_k20_pct,<0.01,% at K=20,deterministic,result,276,table tab:kdist,"""\textbf{9} & \textbf{3,529,257} & \textbf{13.14} & 20 & 255 & $<\!$0.01"""
T-215,kdist_opus_k10_count,"3,293,612",itemsets at K=10,deterministic,result,277,table tab:kdist,"""10 & 3,293,612 & 12.27 & 21 & 23 & $<\!$0.01"""
T-216,kdist_opus_k10_pct,12.27,% at K=10,deterministic,result,277,table tab:kdist,"""10 & 3,293,612 & 12.27 & 21 & 23 & $<\!$0.01"""
T-217,kdist_opus_k21_count,23,itemsets at K=21,deterministic,result,277,table tab:kdist,"""10 & 3,293,612 & 12.27 & 21 & 23 & $<\!$0.01"""
T-218,kdist_opus_k21_pct,<0.01,% at K=21,deterministic,result,277,table tab:kdist,"""10 & 3,293,612 & 12.27 & 21 & 23 & $<\!$0.01"""
T-219,kdist_opus_k11_count,"2,739,532",itemsets at K=11,deterministic,result,278,table tab:kdist,"""11 & 2,739,532 & 10.20 & 22 & 1 & $<\!$0.01"""
T-220,kdist_opus_k11_pct,10.20,% at K=11,deterministic,result,278,table tab:kdist,"""11 & 2,739,532 & 10.20 & 22 & 1 & $<\!$0.01"""
T-221,kdist_opus_k22_count,1,itemsets at K=22,deterministic,result,278,table tab:kdist,"""11 & 2,739,532 & 10.20 & 22 & 1 & $<\!$0.01"" [cf. 254, 286]"
T-222,kdist_opus_k22_pct,<0.01,% at K=22,deterministic,result,278,table tab:kdist,"""11 & 2,739,532 & 10.20 & 22 & 1 & $<\!$0.01"""
T-223,kdist_opus_k22_count,1,K=22 itemset (count),deterministic,result,286,results,"""The single $K{=}22$ itemset is shared by exactly 8 proteins and comprises 22 co-occurring features (Table~\ref{tab:k22})."""
T-224,run_opus_kmax,22,K (ceiling),deterministic,result,286,results,"""The single $K{=}22$ itemset is shared by exactly 8 proteins and comprises 22 co-occurring features"""
T-225,k22_support,8,proteins sharing the K=22 itemset,deterministic,result,286,results,"""The single $K{=}22$ itemset is shared by exactly 8 proteins and comprises 22 co-occurring features"""
T-226,k22_n_features,22,co-occurring features in the itemset,deterministic,result,286,results,"""is shared by exactly 8 proteins and comprises 22 co-occurring features (Table~\ref{tab:k22})"""
T-227,run_opus_kmax,22,K,deterministic,result,289,table tab:k22 caption,"""$K{=}22$ itemset: 22 co-occurring features in 8 proteins."""
T-228,k22_n_features,22,co-occurring features,deterministic,result,289,table tab:k22 caption,"""$K{=}22$ itemset: 22 co-occurring features in 8 proteins."""
T-229,k22_support,8,proteins,deterministic,result,289,table tab:k22 caption,"""$K{=}22$ itemset: 22 co-occurring features in 8 proteins."""
T-230,k22_n_pfam,2,Pfam domains in K=22 itemset,deterministic,result,297,table tab:k22,"""\multicolumn{3}{l}{\textit{Pfam domains (2)}}"""
T-231,k22_feature_1,PF00270,Pfam member of K=22 itemset,deterministic,result,298,table tab:k22,"""& PF00270 & DEAD/DEAH helicase N-terminal"""
T-232,k22_feature_2,PF00271,Pfam member of K=22 itemset,deterministic,result,299,table tab:k22,"""& PF00271 & Helicase C-terminal"""
T-233,k22_n_go_mf,8,Molecular Function GO terms in K=22 itemset,deterministic,result,301,table tab:k22,"""\multicolumn{3}{l}{\textit{Molecular Function (8)}}"""
T-234,k22_feature_3,GO:0005524,MF member (ATP binding),deterministic,result,302,table tab:k22,"""& GO:0005524 & ATP binding"" [cf. 333: the single definitional link]"
T-235,k22_feature_4,GO:0016787,MF member (Hydrolase activity),deterministic,result,303,table tab:k22,"""& GO:0016787 & Hydrolase activity"""
T-236,k22_feature_5,GO:0000287,MF member (Magnesium ion binding),deterministic,result,304,table tab:k22,"""& GO:0000287 & Magnesium ion binding"""
T-237,k22_feature_6,GO:0003697,MF member (ssDNA binding),deterministic,result,305,table tab:k22,"""& GO:0003697 & ssDNA binding"""
T-238,k22_feature_7,GO:0003724,MF member (RNA helicase activity),deterministic,result,306,table tab:k22,"""& GO:0003724 & RNA helicase activity"""
T-239,k22_feature_8,GO:0003725,MF member (dsRNA binding),deterministic,result,307,table tab:k22,"""& GO:0003725 & dsRNA binding"""
T-240,k22_feature_9,GO:0003678,MF member (DNA helicase activity),deterministic,result,308,table tab:k22,"""& GO:0003678 & DNA helicase activity"""
T-241,k22_feature_10,GO:0000978,MF member (RNA Pol II regulatory binding),deterministic,result,309,table tab:k22,"""& GO:0000978 & RNA Pol II regulatory binding"""
T-242,k22_n_go_bp,4,Biological Process GO terms in K=22 itemset,deterministic,result,311,table tab:k22,"""\multicolumn{3}{l}{\textit{Biological Process (4)}}"""
T-243,k22_feature_11,GO:0030154,BP member (Cell differentiation),deterministic,result,312,table tab:k22,"""& GO:0030154 & Cell differentiation"""
T-244,k22_feature_12,GO:0045087,BP member (Innate immune response),deterministic,result,313,table tab:k22,"""& GO:0045087 & Innate immune response"""
T-245,k22_feature_13,GO:0051607,BP member (Defense response to virus),deterministic,result,314,table tab:k22,"""& GO:0051607 & Defense response to virus"""
T-246,k22_feature_14,GO:0034605,BP member (Cellular response to heat),deterministic,result,315,table tab:k22,"""& GO:0034605 & Cellular response to heat"""
T-247,k22_n_go_cc,7,Cellular Component GO terms in K=22 itemset,deterministic,result,317,table tab:k22,"""\multicolumn{3}{l}{\textit{Cellular Component (7)}}"""
T-248,k22_feature_15,GO:0005737,CC member (Cytoplasm),deterministic,result,318,table tab:k22,"""& GO:0005737 & Cytoplasm"""
T-249,k22_feature_16,GO:0005829,CC member (Cytosol),deterministic,result,319,table tab:k22,"""& GO:0005829 & Cytosol"""
T-250,k22_feature_17,GO:0005634,CC member (Nucleus),deterministic,result,320,table tab:k22,"""& GO:0005634 & Nucleus"""
T-251,k22_feature_18,GO:0005739,CC member (Mitochondrion),deterministic,result,321,table tab:k22,"""& GO:0005739 & Mitochondrion"""
T-252,k22_feature_19,GO:0030424,CC member (Axon),deterministic,result,322,table tab:k22,"""& GO:0030424 & Axon"""
T-253,k22_feature_20,GO:0030425,CC member (Dendrite),deterministic,result,323,table tab:k22,"""& GO:0030425 & Dendrite"""
T-254,k22_feature_21,GO:0016607,CC member (Nuclear speckle),deterministic,result,324,table tab:k22,"""& GO:0016607 & Nuclear speckle"""
T-255,k22_n_plddt,1,Structural property item in K=22 itemset,deterministic,result,326,table tab:k22,"""\multicolumn{3}{l}{\textit{Structural property (1)}}"""
T-256,k22_feature_22,plddt_mean = Medium confidence,structural item member (pLDDT bin),deterministic,result,327,table tab:k22,"""& plddt\_mean & Medium confidence (70--90)"""
T-257,vocab_plddt_bin_medium_edges,70–90,pLDDT bin edges (Medium confidence),method-parameter,parameter,327,table tab:k22,"""& plddt\_mean & Medium confidence (70--90)"" [only pLDDT bin edges stated anywhere in the paper]"
T-258,k22_n_features,22,features in signature,deterministic,result,333,results,"""This 22-feature signature is \emph{consistent with} a neuronal antiviral RNA-helicase profile"""
T-259,k22_go_parent_child_pairs,0 (none),GO parent–child pairs among the 22 features,deterministic,result,333,results,"""The 22 features contain \emph{no} GO parent--child pairs, so the depth is not an artifact of the GO true-path rule"" [cf. 476]"
T-260,k22_definitional_links,1,definitional link (GO:0005524 derivable from PF00270 via InterPro2GO),deterministic,result,333,results,"""the single definitional link is GO:0005524 (ATP binding), which is auto-derivable from PF00270 via InterPro2GO"""
T-261,k22_independent_features,21,independently annotated features,deterministic,result,333,results,"""leaving 21 independently annotated features"""
T-262,k22_support,8,matching proteins (identified during original mining run),deterministic,result,333,results,"""The eight matching proteins were identified during the original mining run; because the full transaction matrix is not deposited"""
T-263,k22_support,8,proteins (each with exactly 22 vocabulary features),deterministic,result,335,results,"""Each of the 8 proteins possesses \emph{exactly} 22 annotated features in our vocabulary, making $K{=}23$ impossible"""
T-264,k22_proteins_features_each,22,annotated vocabulary features per K=22 protein (exactly),deterministic,result,335,results,"""Each of the 8 proteins possesses \emph{exactly} 22 annotated features in our vocabulary"""
T-265,k22_impossible_k,23,K (impossible regardless of threshold),deterministic,result,335,results,"""making $K{=}23$ impossible regardless of the support threshold"""
T-266,dataset_max_features_per_protein,22,maximum vocabulary features carried by any protein,deterministic,result,335,results,"""no support threshold can produce a $K{=}23$ itemset when no protein carries more than 22 vocabulary features"""
T-267,k22_impossible_k,23,K (second mention),deterministic,result,335,results,"""no support threshold can produce a $K{=}23$ itemset when no protein carries more than 22 vocabulary features"""
T-268,pattern_n_highlighted,5,intermediate patterns highlighted,method-parameter,setup,339,results,"""We highlight five intermediate patterns, selected to span distinct $K$-levels and biological systems."" [cf. 464]"
T-269,pattern_k19_k,19,K (RNA Spliceosome Processing Hub),deterministic,result,341,results,"""\paragraph{$K{=}19$: RNA Spliceosome Processing Hub} (187 proteins)."""
T-270,pattern_k19_support,187,supporting proteins (K=19 pattern),deterministic,result,341,results,"""\paragraph{$K{=}19$: RNA Spliceosome Processing Hub} (187 proteins)."" [footnote 353: order-of-magnitude estimates]"
T-271,pattern_k17_k,17,K (Receptor Tyrosine Kinase Signaling Hub),deterministic,result,343,results,"""\paragraph{$K{=}17$: Receptor Tyrosine Kinase Signaling Hub}"""
T-272,pattern_k17_support,~611,supporting proteins (K=17 pattern),deterministic,result,344,results,"""(${\sim}611$ proteins). Protein tyrosine kinase (PF07714) with SH2 (PF00017)"""
T-273,pattern_k17_member_1,PF07714,Pfam member of K=17 pattern (Protein tyrosine kinase),deterministic,result,344,results,"""Protein tyrosine kinase (PF07714) with SH2 (PF00017)"""
T-274,pattern_k17_member_2,PF00017,Pfam member of K=17 pattern (SH2),deterministic,result,344,results,"""Protein tyrosine kinase (PF07714) with SH2 (PF00017)"""
T-275,pattern_k17_member_3,PF00018,Pfam member of K=17 pattern (SH3),deterministic,result,345,results,"""and SH3 (PF00018) adaptor domains---the canonical Src-family kinase"""
T-276,pattern_k17_k,17,features in RTK combination,deterministic,result,348,results,"""This 17-feature combination describes the core receptor tyrosine kinase (RTK) signaling machinery"""
T-277,pattern_k13_k,13,K (Helicase-Recombinase DNA Repair Module),deterministic,result,353,results,"""\paragraph{$K{=}13$: Helicase-Recombinase DNA Repair Module} (${\sim}11{,}000$ proteins"""
T-278,pattern_k13_support,"~11,000",supporting proteins (K=13 pattern),deterministic,result,353,results,"""(${\sim}11{,}000$ proteins\footnote{...})"""
T-279,pattern_support_precision,order-of-magnitude estimate,precision of supporting-protein counts for highlighted patterns,deterministic,result,353,footnote,"""Supporting-protein counts for the highlighted intermediate-$K$ patterns are order-of-magnitude estimates read from the decoded-pattern summaries."""
T-280,pattern_k12_k,12,K (Bacterial Cell Wall Synthase),deterministic,result,355,results,"""\paragraph{$K{=}12$: Bacterial Cell Wall Synthase} (${\sim}10{,}500$ proteins)."" [cf. 464]"
T-281,pattern_k12_support,"~10,500",supporting proteins (K=12 pattern),deterministic,result,355,results,"""\paragraph{$K{=}12$: Bacterial Cell Wall Synthase} (${\sim}10{,}500$ proteins)."""
T-282,pattern_k12_member_1,PF00905,Pfam member of K=12 pattern (transpeptidase),deterministic,result,355,results,"""Penicillin-binding protein domains (PF00905 transpeptidase, PF00912 transglycosylase)"""
T-283,pattern_k12_member_2,PF00912,Pfam member of K=12 pattern (transglycosylase),deterministic,result,355,results,"""Penicillin-binding protein domains (PF00905 transpeptidase, PF00912 transglycosylase)"""
T-284,pattern_k11_k,11,K (AAA+ ATPase Proteasome Complex),deterministic,result,357,results,"""\paragraph{$K{=}11$: AAA+ ATPase Proteasome Complex} (${\sim}16{,}000$ proteins)."""
T-285,pattern_k11_support,"~16,000",supporting proteins (K=11 pattern),deterministic,result,357,results,"""\paragraph{$K{=}11$: AAA+ ATPase Proteasome Complex} (${\sim}16{,}000$ proteins)."""
T-286,null_support_pct,0.001,% support (null-model re-mining threshold),method-parameter,parameter,362,results (sec:null-model),"""before re-mining at the 0.001\% support threshold ($\text{min\_count}{=}769$)"""
T-287,null_min_count,769,min_count (null-model threshold),method-parameter,parameter,362,results (sec:null-model),"""re-mining at the 0.001\% support threshold ($\text{min\_count}{=}769$)"" [cf. 226: 768; 393]"
T-288,null_permutations,5,permutations,method-parameter,parameter,362,results (sec:null-model),"""Five permutations were performed (seed~42, total runtime 662\,s on the same H100)."""
T-289,null_seed,42,random seed,method-parameter,parameter,362,results (sec:null-model),"""Five permutations were performed (seed~42, total runtime 662\,s on the same H100)."""
T-290,null_total_time_s,662,s total runtime (5 permutations),hardware-dependent,result,362,results (sec:null-model),"""Five permutations were performed (seed~42, total runtime 662\,s on the same H100)."" [cf. 393: ~130 s each]"
T-291,hw_gpu_model,1 × H100 (same),GPU used for null model,hardware-dependent,setup,362,results (sec:null-model),"""(seed~42, total runtime 662\,s on the same H100)"""
T-292,null_peak_k,3,K (null-model peak),deterministic,result,364,results (sec:null-model),"""The null model peaks at $K{=}3$ (46.2\% of null itemsets) and generates at most 23 itemsets at $K{=}6$"""
T-293,null_peak_pct,46.2,% of null itemsets at K=3,deterministic,result,364,results (sec:null-model),"""The null model peaks at $K{=}3$ (46.2\% of null itemsets)"""
T-294,null_k6_max,23,max null itemsets at K=6 (over permutations),deterministic,result,364,results (sec:null-model),"""and generates at most 23 itemsets at $K{=}6$"" [cf. 381: mean 22, sigma 1.1]"
T-295,null_kge7_mean,0,null patterns at K>=7 (any permutation),deterministic,result,364,results (sec:null-model),"""no permutation produced any pattern at $K{\geq}7$"""
T-296,null_kge7_bio,"88,745",biological itemsets at K>=7 (0.001%),deterministic,result,364,results (sec:null-model),"""In contrast, the biological data contains 88,745 itemsets at $K{\geq}7$ and extends to $K{=}14$."" [cf. 382]"
T-297,run_power_direct_kmax,14,"K max (biological, 0.001%)",deterministic,result,364,results (sec:null-model),"""the biological data contains 88,745 itemsets at $K{\geq}7$ and extends to $K{=}14$"" [cf. 393]"
T-298,null_support_pct,0.001,% support,method-parameter,parameter,367,table tab:null-model caption,"""Biological vs.\ null model $K$-distributions at 0.001\% support (5 permutations)."""
T-299,null_permutations,5,permutations,method-parameter,parameter,367,table tab:null-model caption,"""Biological vs.\ null model $K$-distributions at 0.001\% support (5 permutations)."""
T-300,null_enriched_from_k,>=4,K (all strongly enriched),deterministic,result,367,table tab:null-model caption,"""All $K{\geq}4$ patterns are strongly enriched."""
T-301,null_permutations,5,permutations used to estimate sigma,method-parameter,parameter,367,table tab:null-model caption,"""The $Z$ column reports standardized effect sizes with $\sigma$ estimated from only 5 permutations"""
T-302,null_t_df,4,degrees of freedom (t-statistics),method-parameter,parameter,367,table tab:null-model caption,"""(equivalently, $t$-statistics with 4 degrees of freedom)"""
T-303,null_kmax,>=7,K absent from all null runs,deterministic,result,367,table tab:null-model caption,"""$K{\geq}7$ patterns are absent from all 5 null runs ($p < 0.45$"""
T-304,null_permutations,5,null runs (none with K>=7),deterministic,result,367,table tab:null-model caption,"""$K{\geq}7$ patterns are absent from all 5 null runs"""
T-305,null_p_bound_kge7,<0.45,"p (K>=7, one-sided binomial bound)",deterministic,result,367,table tab:null-model caption,"""($p < 0.45$, the exact one-sided binomial 95\% upper bound $1-0.05^{1/5}$ for 0 of 5)"""
T-306,null_p_bound_confidence_pct,95,% (one-sided binomial upper bound level),method-parameter,parameter,367,table tab:null-model caption,"""the exact one-sided binomial 95\% upper bound $1-0.05^{1/5}$ for 0 of 5"""
T-307,null_p_bound_formula,1-0.05^(1/5),formula for p bound,method-parameter,parameter,367,table tab:null-model caption,"""the exact one-sided binomial 95\% upper bound $1-0.05^{1/5}$ for 0 of 5"""
T-308,null_perms_reaching_kge7,0 of 5,null runs producing K>=7,deterministic,result,367,table tab:null-model caption,"""the exact one-sided binomial 95\% upper bound $1-0.05^{1/5}$ for 0 of 5"""
T-309,null_k1_bio,"1,002","Bio itemsets, K=1",deterministic,result,376,table tab:null-model,"""1 & 1,002 & 1,002 & 0.0 & 0.0 & 1.0 & preserved"""
T-310,null_k1_mean,"1,002","Null mu, K=1",deterministic,result,376,table tab:null-model,"""1 & 1,002 & 1,002 & 0.0 & 0.0 & 1.0 & preserved"""
T-311,null_k1_std,0.0,"Null sigma, K=1",deterministic,result,376,table tab:null-model,"""1 & 1,002 & 1,002 & 0.0 & 0.0 & 1.0 & preserved"""
T-312,null_k1_z,0.0,"Z, K=1",deterministic,result,376,table tab:null-model,"""1 & 1,002 & 1,002 & 0.0 & 0.0 & 1.0 & preserved"""
T-313,null_k1_p,1.0,"p, K=1 (preserved)",deterministic,result,376,table tab:null-model,"""1 & 1,002 & 1,002 & 0.0 & 0.0 & 1.0 & preserved"""
T-314,null_k2_bio,"22,019","Bio itemsets, K=2",deterministic,result,377,table tab:null-model,"""2 & 22,019 & 63,702 & 42.2 & $-987$ & 1.0 & depleted"""
T-315,null_k2_mean,"63,702","Null mu, K=2",deterministic,result,377,table tab:null-model,"""2 & 22,019 & 63,702 & 42.2 & $-987$ & 1.0 & depleted"""
T-316,null_k2_std,42.2,"Null sigma, K=2",deterministic,result,377,table tab:null-model,"""2 & 22,019 & 63,702 & 42.2 & $-987$ & 1.0 & depleted"""
T-317,null_k2_z,-987,"Z, K=2",deterministic,result,377,table tab:null-model,"""2 & 22,019 & 63,702 & 42.2 & $-987$ & 1.0 & depleted"" [cf. 391]"
T-318,null_k2_p,1.0,"p, K=2 (depleted)",deterministic,result,377,table tab:null-model,"""2 & 22,019 & 63,702 & 42.2 & $-987$ & 1.0 & depleted"""
T-319,null_k3_bio,"73,205","Bio itemsets, K=3",deterministic,result,378,table tab:null-model,"""3 & 73,205 & 79,134 & 41.5 & $-143$ & 1.0 & depleted"""
T-320,null_k3_mean,"79,134","Null mu, K=3",deterministic,result,378,table tab:null-model,"""3 & 73,205 & 79,134 & 41.5 & $-143$ & 1.0 & depleted"""
T-321,null_k3_std,41.5,"Null sigma, K=3",deterministic,result,378,table tab:null-model,"""3 & 73,205 & 79,134 & 41.5 & $-143$ & 1.0 & depleted"""
T-322,null_k3_z,-143,"Z, K=3",deterministic,result,378,table tab:null-model,"""3 & 73,205 & 79,134 & 41.5 & $-143$ & 1.0 & depleted"" [cf. 391]"
T-323,null_k3_p,1.0,"p, K=3 (depleted)",deterministic,result,378,table tab:null-model,"""3 & 73,205 & 79,134 & 41.5 & $-143$ & 1.0 & depleted"""
T-324,null_k4_bio,"108,059","Bio itemsets, K=4",deterministic,result,379,table tab:null-model,"""4 & 108,059 & 25,468 & 21.8 & $+3{,}791$ & ${\approx}\,0$ & enriched"""
T-325,null_k4_mean,"25,468","Null mu, K=4",deterministic,result,379,table tab:null-model,"""4 & 108,059 & 25,468 & 21.8 & $+3{,}791$ & ${\approx}\,0$ & enriched"""
T-326,null_k4_std,21.8,"Null sigma, K=4",deterministic,result,379,table tab:null-model,"""4 & 108,059 & 25,468 & 21.8 & $+3{,}791$ & ${\approx}\,0$ & enriched"""
T-327,null_k4_z,"+3,791","Z, K=4",deterministic,result,379,table tab:null-model,"""4 & 108,059 & 25,468 & 21.8 & $+3{,}791$ & ${\approx}\,0$ & enriched"" [cf. 91, 391, 462, 498]"
T-328,null_k4_p,~0,"p, K=4 (enriched)",deterministic,result,379,table tab:null-model,"""4 & 108,059 & 25,468 & 21.8 & $+3{,}791$ & ${\approx}\,0$ & enriched"""
T-329,null_k5_bio,"104,239","Bio itemsets, K=5",deterministic,result,380,table tab:null-model,"""5 & 104,239 & 1,992 & 13.8 & $+7{,}402$ & ${\approx}\,0$ & enriched"""
T-330,null_k5_mean,"1,992","Null mu, K=5",deterministic,result,380,table tab:null-model,"""5 & 104,239 & 1,992 & 13.8 & $+7{,}402$ & ${\approx}\,0$ & enriched"""
T-331,null_k5_std,13.8,"Null sigma, K=5",deterministic,result,380,table tab:null-model,"""5 & 104,239 & 1,992 & 13.8 & $+7{,}402$ & ${\approx}\,0$ & enriched"""
T-332,null_k5_z,"+7,402","Z, K=5",deterministic,result,380,table tab:null-model,"""5 & 104,239 & 1,992 & 13.8 & $+7{,}402$ & ${\approx}\,0$ & enriched"""
T-333,null_k5_p,~0,"p, K=5 (enriched)",deterministic,result,380,table tab:null-model,"""5 & 104,239 & 1,992 & 13.8 & $+7{,}402$ & ${\approx}\,0$ & enriched"""
T-334,null_k6_bio,"78,596","Bio itemsets, K=6",deterministic,result,381,table tab:null-model,"""6 & 78,596 & 22 & 1.1 & $+71{,}728$ & ${\approx}\,0$ & enriched"""
T-335,null_k6_mean,22,"Null mu, K=6",deterministic,result,381,table tab:null-model,"""6 & 78,596 & 22 & 1.1 & $+71{,}728$ & ${\approx}\,0$ & enriched"" [cf. 364: at most 23; 391]"
T-336,null_k6_std,1.1,"Null sigma, K=6",deterministic,result,381,table tab:null-model,"""6 & 78,596 & 22 & 1.1 & $+71{,}728$ & ${\approx}\,0$ & enriched"" [cf. 391]"
T-337,null_k6_z,"+71,728","Z, K=6",deterministic,result,381,table tab:null-model,"""6 & 78,596 & 22 & 1.1 & $+71{,}728$ & ${\approx}\,0$ & enriched"""
T-338,null_k6_p,~0,"p, K=6 (enriched)",deterministic,result,381,table tab:null-model,"""6 & 78,596 & 22 & 1.1 & $+71{,}728$ & ${\approx}\,0$ & enriched"""
T-339,null_kge7_bio,"88,745","Bio itemsets, K=7-14",deterministic,result,382,table tab:null-model,"""7--14 & 88,745 & 0 & 0.0 & --- & $<0.45$ & enriched"" [cf. 364]"
T-340,null_kge7_mean,0,"Null mu, K=7-14",deterministic,result,382,table tab:null-model,"""7--14 & 88,745 & 0 & 0.0 & --- & $<0.45$ & enriched"""
T-341,null_kge7_std,0.0,"Null sigma, K=7-14",deterministic,result,382,table tab:null-model,"""7--14 & 88,745 & 0 & 0.0 & --- & $<0.45$ & enriched"""
T-342,null_kge7_z,--- (undefined),"Z, K=7-14",deterministic,result,382,table tab:null-model,"""7--14 & 88,745 & 0 & 0.0 & --- & $<0.45$ & enriched"""
T-343,null_p_bound_kge7,<0.45,"p, K=7-14 (enriched)",deterministic,result,382,table tab:null-model,"""7--14 & 88,745 & 0 & 0.0 & --- & $<0.45$ & enriched"""
T-344,null_permutations,5,permutations (Z estimate),method-parameter,parameter,388,table tab:null-model footnote,"""Estimated from 5 permutations ($t$-statistic, 4 df); large magnitude indicates strong enrichment, not a calibrated large-sample $Z$."""
T-345,null_t_df,4,degrees of freedom,method-parameter,parameter,388,table tab:null-model footnote,"""Estimated from 5 permutations ($t$-statistic, 4 df)"""
T-346,null_k2_z,-987,Z at K=2 (depleted),deterministic,result,391,results (sec:null-model),"""$K{=}2$ and $K{=}3$ patterns are \emph{depleted} in biological data relative to the null ($Z{=}{-}987$ and ${-}143$, respectively)"""
T-347,null_k3_z,-143,Z at K=3 (depleted),deterministic,result,391,results (sec:null-model),"""($Z{=}{-}987$ and ${-}143$, respectively)"""
T-348,null_enriched_from_k,>=4,K (biological exceeds null),deterministic,result,391,results (sec:null-model),"""Second, for $K{\geq}4$, biological co-occurrence massively exceeds the null expectation"""
T-349,null_k4_z,"+3,791",standardized effect size at K=4,deterministic,result,391,results (sec:null-model),"""the corresponding standardized effect sizes are enormous ($+3{,}791$ at $K{=}4$)"""
T-350,null_permutations,5,permutations (caveat),method-parameter,parameter,391,results (sec:null-model),"""though we caution that with only 5 permutations these are $t$-statistics (4 df) rather than calibrated large-sample $Z$-scores"""
T-351,null_t_df,4,degrees of freedom,method-parameter,parameter,391,results (sec:null-model),"""these are $t$-statistics (4 df) rather than calibrated large-sample $Z$-scores"""
T-352,null_perms_reaching_kge7,0 of 5,permutations with itemsets beyond K=6,deterministic,result,391,results (sec:null-model),"""In 0 of 5 permutations did the null model produce itemsets beyond $K{=}6$, yielding $p < 0.45$"""
T-353,null_p_bound_kge7,<0.45,p,deterministic,result,391,results (sec:null-model),"""yielding $p < 0.45$ (the exact one-sided binomial 95\% upper bound $1-0.05^{1/5}$ for 0 of 5)"""
T-354,null_p_bound_confidence_pct,95,% upper bound level,method-parameter,parameter,391,results (sec:null-model),"""(the exact one-sided binomial 95\% upper bound $1-0.05^{1/5}$ for 0 of 5)"""
T-355,null_p_bound_formula,1-0.05^(1/5),p-bound formula,method-parameter,parameter,391,results (sec:null-model),"""(the exact one-sided binomial 95\% upper bound $1-0.05^{1/5}$ for 0 of 5)"""
T-356,null_kmax,6,K (null model maximum depth),deterministic,result,391,results (sec:null-model),"""Third, the null model's maximum depth of $K{=}6$ (with a mean of 22 itemsets, std~1.1, across 5 permutations)"""
T-357,null_k6_mean,22,mean null itemsets at K=6,deterministic,result,391,results (sec:null-model),"""(with a mean of 22 itemsets, std~1.1, across 5 permutations)"""
T-358,null_k6_std,1.1,std of null itemsets at K=6,deterministic,result,391,results (sec:null-model),"""(with a mean of 22 itemsets, std~1.1, across 5 permutations)"""
T-359,null_permutations,5,permutations,method-parameter,parameter,391,results (sec:null-model),"""(with a mean of 22 itemsets, std~1.1, across 5 permutations)"""
T-360,null_k1_mean,"1,002",features remaining frequent after shuffling,deterministic,result,393,results (sec:null-model),"""The $K{=}1$ row confirms that all 1,002 features remain frequent after shuffling, verifying that marginal frequencies are preserved."""
T-361,null_support_pct,0.001,% support level validated,method-parameter,parameter,393,results (sec:null-model),"""This null model directly validates significance at the 0.001\% support level ($\text{min\_count}{=}769$)"""
T-362,null_min_count,769,min_count at 0.001%,method-parameter,parameter,393,results (sec:null-model),"""at the 0.001\% support level ($\text{min\_count}{=}769$)"" [cf. 226: 768; 362]"
T-363,run_power_direct_itemsets,"475,865","itemsets (exhaustive Direct CSR->GPU at 0.001%, biological reference)",deterministic,result,393,results (sec:null-model),"""the exhaustive Direct CSR$\to$GPU mining at this threshold (475,865 itemsets, reaching $K{=}14$), not the SON approximation"""
T-364,run_power_direct_kmax,14,K max (Direct at 0.001%),deterministic,result,393,results (sec:null-model),"""(475,865 itemsets, reaching $K{=}14$), not the SON approximation listed as ``Power'' in Table~\ref{tab:campaign}"" [cf. 226: SON K=13]"
T-365,run_opus_min_count,8,min_count (Opus threshold),method-parameter,parameter,393,results (sec:null-model),"""The Opus threshold results ($\text{min\_count}{=}8$, $K_\text{max}{=}22$, Table~\ref{tab:kdist}) were obtained at a more permissive threshold"""
T-366,run_opus_kmax,22,K_max (Opus),deterministic,result,393,results (sec:null-model),"""The Opus threshold results ($\text{min\_count}{=}8$, $K_\text{max}{=}22$, Table~\ref{tab:kdist})"""
T-367,null_perms_for_p001,100+,permutations needed for p<0.01 (hypothetical),method-parameter,background,393,results (sec:null-model),"""A full validation with 100+ permutations would be needed to establish $p < 0.01$ bounds at either threshold"""
T-368,null_p_target,<0.01,p bound (hypothetical target),method-parameter,background,393,results (sec:null-model),"""A full validation with 100+ permutations would be needed to establish $p < 0.01$ bounds at either threshold"""
T-369,null_per_perm_time_s,~130,s per permutation (full mining run),hardware-dependent,result,393,results (sec:null-model),"""computational constraints (each permutation requires a full mining run at ${\sim}$130\,s) limited us to 5 trials"" [cf. 362: 662 s total]"
T-370,null_permutations,5,trials (permutations),method-parameter,parameter,393,results (sec:null-model),"""computational constraints (each permutation requires a full mining run at ${\sim}$130\,s) limited us to 5 trials"""
T-371,misc_transaction_scale_claim,100-million,transaction scale (feasibility claim),deterministic,result,402,discussion,"""ET-miner demonstrates that exact Apriori computation is feasible at the 100-million-transaction scale on a single high-end datacenter GPU."" [actual mined set 76.9M]"
T-372,hw_gpu_count,1,GPU (single high-end datacenter GPU),hardware-dependent,setup,402,discussion,"""feasible at the 100-million-transaction scale on a single high-end datacenter GPU"""
T-373,dense_gb,206,GB (full-set dense matrix),deterministic,setup,402,discussion,"""The full-set $206\text{\,GB}$ dense matrix, the $5.1\text{\,GB}$ CSR of the mined subset, and the $26\text{\,GB}$ GPU bitvector matrix"""
T-374,csr_bytes_gb,5.1,GB (CSR of mined subset),deterministic,result,402,discussion,"""the $5.1\text{\,GB}$ CSR of the mined subset"""
T-375,bitvec_gb,26,GB (GPU bitvector matrix),deterministic,result,402,discussion,"""and the $26\text{\,GB}$ GPU bitvector matrix illustrate a compression path"""
T-376,csr_vs_dense_subset_ratio,~15×,same-subset dense-to-CSR reduction,deterministic,result,402,discussion,"""(the same-subset dense-to-CSR reduction is ${\sim}15\times$)"""
T-377,run_opus_kmax,22,iterations (K-levels) with bitvectors on-GPU,deterministic,result,402,discussion,"""bitvectors stay on-GPU across all 22 iterations, with only lightweight metadata (prefix groups and result indices) crossing the PCIe bus"" [cf. 813]"
T-378,run_power_support_pct,0.001,% support (controlled comparison),method-parameter,parameter,404,discussion,"""A controlled comparison at identical support threshold (0.001\%) reveals a $21\times$ speedup (50.7\,s vs.\ 1,085.6\,s)"""
T-379,son_speedup,21×,speedup (Direct vs SON),hardware-dependent,result,404,discussion,"""reveals a $21\times$ speedup (50.7\,s vs.\ 1,085.6\,s)"""
T-380,run_power_direct_time_s,50.7,s (Direct CSR->GPU at 0.001%),hardware-dependent,result,404,discussion,"""reveals a $21\times$ speedup (50.7\,s vs.\ 1,085.6\,s)"""
T-381,run_power_son_time_s,"1,085.6",s (SON at 0.001%),hardware-dependent,result,404,discussion,"""reveals a $21\times$ speedup (50.7\,s vs.\ 1,085.6\,s)"""
T-382,son_miss_rate_pct,95.2,% frequent itemsets missed by SON,deterministic,result,404,discussion,"""and shows that SON misses 95.2\% of frequent itemsets (22,846 vs.\ 475,865)"""
T-383,run_power_son_itemsets,"22,846",itemsets (SON),deterministic,result,404,discussion,"""SON misses 95.2\% of frequent itemsets (22,846 vs.\ 475,865)"""
T-384,run_power_direct_itemsets,"475,865",itemsets (Direct),deterministic,result,404,discussion,"""SON misses 95.2\% of frequent itemsets (22,846 vs.\ 475,865)"""
T-385,ext_gpapriori_speedup,100×,"speedup (GPApriori, prior work)",external-fact,background,408,discussion,"""GPApriori~\cite{zhang2011} achieved up to $100\times$ speedup on FIMI benchmarks using static bitsets."""
T-386,ext_bigminer_transactions,100M,"transactions (BIGMiner, prior work)",external-fact,background,408,discussion,"""BIGMiner~\cite{chon2018b} achieved the largest prior scale at 100M transactions on 30 MapReduce nodes."""
T-387,ext_bigminer_nodes,30,MapReduce nodes (BIGMiner),external-fact,background,408,discussion,"""BIGMiner~\cite{chon2018b} achieved the largest prior scale at 100M transactions on 30 MapReduce nodes."""
T-388,ext_prior_gpu_fim_max_transactions,a few million,transactions (prior systems max),external-fact,background,408,discussion,"""(2)~they were evaluated on datasets of at most a few million transactions, three orders of magnitude smaller than our proteome dataset"""
T-389,ext_prior_gpu_fim_scale_gap_orders,3,orders of magnitude,external-fact,background,408,discussion,"""three orders of magnitude smaller than our proteome dataset"""
T-390,run_opus_vs_gminer_transaction_ratio,5.1×,more transactions than largest prior single-machine GPU system,deterministic,result,411,table tab:scale-comparison caption,"""ET-miner processes $5.1\times$ more transactions than the largest prior single-machine GPU system (GMiner, 15M synthetic transactions; 1.7M real)"""
T-391,ext_gminer_transactions,15M,synthetic transactions (GMiner),external-fact,background,411,table tab:scale-comparison caption,"""(GMiner, 15M synthetic transactions; 1.7M real)"""
T-392,ext_gminer_transactions_real,1.7M,real transactions (GMiner),external-fact,background,411,table tab:scale-comparison caption,"""(GMiner, 15M synthetic transactions; 1.7M real)"" [cf. 843]"
T-393,run_opus_kmax,22,K (deepest GPU FIM result reported),deterministic,result,411,table tab:scale-comparison caption,"""and mines exhaustively to $K{=}22$, deeper than any previously reported GPU FIM result"""
T-394,ext_borgelt_transactions,100K,transactions (Borgelt),external-fact,background,420,table tab:scale-comparison,"""Borgelt~\cite{borgelt2003} & 100K & 500 & $\sim$10 & 1$\times$ CPU & 1--100\,s"""
T-395,ext_borgelt_items,500,items (Borgelt),external-fact,background,420,table tab:scale-comparison,"""Borgelt~\cite{borgelt2003} & 100K & 500 & $\sim$10 & 1$\times$ CPU & 1--100\,s"""
T-396,ext_borgelt_kmax,~10,max K (Borgelt),external-fact,background,420,table tab:scale-comparison,"""Borgelt~\cite{borgelt2003} & 100K & 500 & $\sim$10 & 1$\times$ CPU & 1--100\,s"""
T-397,ext_borgelt_hardware,1× CPU,hardware (Borgelt),external-fact,background,420,table tab:scale-comparison,"""Borgelt~\cite{borgelt2003} & 100K & 500 & $\sim$10 & 1$\times$ CPU & 1--100\,s"""
T-398,ext_borgelt_time_s,1–100,s (Borgelt time),external-fact,background,420,table tab:scale-comparison,"""Borgelt~\cite{borgelt2003} & 100K & 500 & $\sim$10 & 1$\times$ CPU & 1--100\,s"""
T-399,ext_fang_transactions,100K,transactions (Fang),external-fact,background,421,table tab:scale-comparison,"""Fang~\cite{fang2009} & 100K & 1K & $\sim$5 & 1$\times$ GTX 280 & 1--10\,s"""
T-400,ext_fang_items,1K,items (Fang),external-fact,background,421,table tab:scale-comparison,"""Fang~\cite{fang2009} & 100K & 1K & $\sim$5 & 1$\times$ GTX 280 & 1--10\,s"""
T-401,ext_fang_kmax,~5,max K (Fang),external-fact,background,421,table tab:scale-comparison,"""Fang~\cite{fang2009} & 100K & 1K & $\sim$5 & 1$\times$ GTX 280 & 1--10\,s"""
T-402,ext_fang_hardware,1× GTX 280,hardware (Fang),external-fact,background,421,table tab:scale-comparison,"""Fang~\cite{fang2009} & 100K & 1K & $\sim$5 & 1$\times$ GTX 280 & 1--10\,s"""
T-403,ext_fang_time_s,1–10,s (Fang time),external-fact,background,421,table tab:scale-comparison,"""Fang~\cite{fang2009} & 100K & 1K & $\sim$5 & 1$\times$ GTX 280 & 1--10\,s"""
T-404,ext_gminer_transactions,15M,transactions (GMiner),external-fact,background,422,table tab:scale-comparison,"""GMiner~\cite{chon2018} & 15M & 20K & $\sim$30 & 4$\times$ GTX 1080 & 20--150\,s"""
T-405,ext_gminer_items,20K,items (GMiner),external-fact,background,422,table tab:scale-comparison,"""GMiner~\cite{chon2018} & 15M & 20K & $\sim$30 & 4$\times$ GTX 1080 & 20--150\,s"""
T-406,ext_gminer_kmax,~30,max K (GMiner),external-fact,background,422,table tab:scale-comparison,"""GMiner~\cite{chon2018} & 15M & 20K & $\sim$30 & 4$\times$ GTX 1080 & 20--150\,s"""
T-407,ext_gminer_hardware,4× GTX 1080,hardware (GMiner),external-fact,background,422,table tab:scale-comparison,"""GMiner~\cite{chon2018} & 15M & 20K & $\sim$30 & 4$\times$ GTX 1080 & 20--150\,s"""
T-408,ext_gminer_time_s,20–150,s (GMiner time),external-fact,background,422,table tab:scale-comparison,"""GMiner~\cite{chon2018} & 15M & 20K & $\sim$30 & 4$\times$ GTX 1080 & 20--150\,s"""
T-409,ext_bigminer_transactions,100M,transactions (BIGMiner),external-fact,background,423,table tab:scale-comparison,"""BIGMiner~\cite{chon2018b} & 100M & 100K & --- & 30$\times$ servers & 1--20K\,s"""
T-410,ext_bigminer_items,100K,items (BIGMiner),external-fact,background,423,table tab:scale-comparison,"""BIGMiner~\cite{chon2018b} & 100M & 100K & --- & 30$\times$ servers & 1--20K\,s"""
T-411,ext_bigminer_kmax,--- (not reported),max K (BIGMiner),external-fact,background,423,table tab:scale-comparison,"""BIGMiner~\cite{chon2018b} & 100M & 100K & --- & 30$\times$ servers & 1--20K\,s"""
T-412,ext_bigminer_nodes,30× servers,hardware (BIGMiner),external-fact,background,423,table tab:scale-comparison,"""BIGMiner~\cite{chon2018b} & 100M & 100K & --- & 30$\times$ servers & 1--20K\,s"""
T-413,ext_bigminer_time_s,1–20K,s (BIGMiner time),external-fact,background,423,table tab:scale-comparison,"""BIGMiner~\cite{chon2018b} & 100M & 100K & --- & 30$\times$ servers & 1--20K\,s"""
T-414,dataset_multi_feature,76.9M,transactions (ET-miner),deterministic,setup,425,table tab:scale-comparison,"""ET-miner & \textbf{76.9M} & 1,002 & \textbf{22} & 1$\times$ H100 & 7.3\,min"""
T-415,vocab_items_frequent,"1,002",items (ET-miner),deterministic,setup,425,table tab:scale-comparison,"""ET-miner & \textbf{76.9M} & 1,002 & \textbf{22} & 1$\times$ H100 & 7.3\,min"""
T-416,run_opus_kmax,22,max K (ET-miner),deterministic,result,425,table tab:scale-comparison,"""ET-miner & \textbf{76.9M} & 1,002 & \textbf{22} & 1$\times$ H100 & 7.3\,min"""
T-417,hw_gpu_model,1× H100,hardware (ET-miner),hardware-dependent,setup,425,table tab:scale-comparison,"""ET-miner & \textbf{76.9M} & 1,002 & \textbf{22} & 1$\times$ H100 & 7.3\,min"""
T-418,run_opus_time_min,7.3,min (ET-miner time),hardware-dependent,result,425,table tab:scale-comparison,"""ET-miner & \textbf{76.9M} & 1,002 & \textbf{22} & 1$\times$ H100 & 7.3\,min"""
T-419,csr_h2d_transfer_gb,~3,GB (CSR column indices transferred to GPU),deterministic,result,440,discussion,"""transferred to the GPU once (${\sim}3$\,GB of CSR column indices versus ${\sim}10$\,GB for the equivalent bit-packed dense bitmap of the 76.9M mining subset"""
T-420,bitvec_subset_gb,~10,GB (bit-packed dense bitmap of 76.9M subset),deterministic,setup,440,discussion,"""versus ${\sim}10$\,GB for the equivalent bit-packed dense bitmap of the 76.9M mining subset, a saving that grows with sparsity"""
T-421,dataset_multi_feature,76.9M,proteins (mining subset),deterministic,setup,440,discussion,"""the equivalent bit-packed dense bitmap of the 76.9M mining subset"""
T-422,pipe_h2d_transfer_count,once,CSR transfer to GPU (count),deterministic,setup,440,discussion,"""The transaction database is stored in compressed sparse format (CSR), transferred to the GPU once"""
T-423,alg_pcie_bytes_per_level,~12,bytes per iteration (single integer of surviving-pattern count),deterministic,result,443,discussion,"""The only per-iteration communication is a single integer indicating how many patterns survived (${\sim}12$\,bytes)."" [cf. 808-810, 839; 852/868: ~4 bytes]"
T-424,hw_gpu_model,1 × H100,GPU (all experiments),hardware-dependent,setup,446,discussion,"""All experiments in this paper used a single H100; the 76.9M multi-feature proteins were mined without manual tuning."""
T-425,dataset_multi_feature,76.9M,multi-feature proteins mined,deterministic,setup,446,discussion,"""All experiments in this paper used a single H100; the 76.9M multi-feature proteins were mined without manual tuning."""
T-426,ext_prior_domain_cooccurrence_kmax,2,"K (Wang et al. domain co-occurrence networks, pairwise)",external-fact,background,454,discussion,"""but this approach is inherently pairwise ($K{=}2$) and limited to individual proteomes"""
T-427,ext_prior_domain_cooccurrence_kmax,2 (pairs),K (Terrapon et al.),external-fact,background,454,discussion,"""Terrapon et al.~\cite{coin2009} used statistical co-occurrence for novel domain detection in \emph{Plasmodium falciparum}, again limited to pairs."""
T-428,ext_meysman_structures,~32K,"structures (Meysman et al., PDB)",external-fact,background,454,discussion,"""but addressed 3D proximity rather than domain-level combinations and was limited to ${\sim}32$K structures"""
T-429,ext_prior_domain_cooccurrence_kmax,2,K (limit of prior exhaustive itemset mining),external-fact,background,456,discussion,"""None of these approaches perform exhaustive itemset mining beyond $K{=}2$."""
T-430,run_opus_kmax,22,co-occurring features (max pattern span),deterministic,result,456,discussion,"""ET-miner's discovery of patterns spanning up to 22 co-occurring features across the full AlphaFold universe"""
T-431,run_opus_kmax,22,K (neuronal antiviral sentinel),deterministic,result,460,discussion,"""The $K{=}22$ neuronal antiviral sentinel combines four distinct functional roles"""
T-432,k22_functional_roles,4,distinct functional roles (interpretive grouping),deterministic,result,460,discussion,"""combines four distinct functional roles: (1)~RNA/DNA unwinding, (2)~innate immune sensing, (3)~gene regulation, and (4)~neuronal function"""
T-433,k22_n_features,22,"annotations (co-occurrence, not mechanism)",deterministic,result,460,discussion,"""the co-occurrence of these 22 annotations does not by itself demonstrate functional coupling"""
T-434,run_opus_kmax,22,K ceiling (reflects annotation depth),deterministic,result,460,discussion,"""The $K{=}22$ ceiling reflects the depth of current UniProt annotations rather than a fundamental limit of biological complexity"""
T-435,kdist_opus_peak_k,9,K (unimodal peak),deterministic,result,462,discussion,"""The unimodal peak at $K{=}9$ (3.53 million itemsets, 13.14\% of all patterns) occurs where combinatorial growth and support decay intersect."""
T-436,kdist_opus_peak_count,3.53 million,itemsets at K=9,deterministic,result,462,discussion,"""The unimodal peak at $K{=}9$ (3.53 million itemsets, 13.14\% of all patterns)"""
T-437,kdist_opus_peak_pct,13.14,% of all patterns at K=9,deterministic,result,462,discussion,"""The unimodal peak at $K{=}9$ (3.53 million itemsets, 13.14\% of all patterns)"""
T-438,null_kmax,>=7,K (random shuffling produces none),deterministic,result,462,discussion,"""random shuffling cannot produce any patterns at $K{\geq}7$"""
T-439,null_enriched_from_k,4,K (biological exceeds null by many orders of magnitude),deterministic,result,462,discussion,"""and even at $K{=}4$ the biological count exceeds the null expectation by many orders of magnitude"""
T-440,null_k4_enrichment_ratio,many orders of magnitude,bio/null excess at K=4 (qualitative),deterministic,result,462,discussion,"""the biological count exceeds the null expectation by many orders of magnitude (a standardized effect size of $+3{,}791$ estimated from 5 permutations)"""
T-441,null_k4_z,"+3,791",standardized effect size at K=4,deterministic,result,462,discussion,"""(a standardized effect size of $+3{,}791$ estimated from 5 permutations)"""
T-442,null_permutations,5,permutations,method-parameter,parameter,462,discussion,"""(a standardized effect size of $+3{,}791$ estimated from 5 permutations)"""
T-443,pattern_k12_k,12,K (bacterial cell wall synthase module),deterministic,result,464,discussion,"""The $K{=}12$ bacterial cell wall synthase module (Section~\ref{sec:results}) validates the approach"""
T-444,pattern_n_highlighted,5,highlighted patterns,method-parameter,setup,464,discussion,"""The five highlighted patterns ($K{=}11$ to $K{=}19$) were selected to illustrate the diversity of function across the $K$-distribution"""
T-445,pattern_k11_k,11,K (lowest highlighted pattern),deterministic,result,464,discussion,"""The five highlighted patterns ($K{=}11$ to $K{=}19$)"""
T-446,pattern_k19_k,19,K (highest highlighted pattern),deterministic,result,464,discussion,"""The five highlighted patterns ($K{=}11$ to $K{=}19$)"""
T-447,null_enriched_from_k,>=4,K (higher-order patterns not explained by annotation structure),deterministic,result,466,discussion,"""the null model analysis (Section~\ref{sec:null-model}) demonstrates that the higher-order patterns ($K{\geq}4$) cannot be explained by annotation structure alone"""
T-448,run_opus_itemsets,millions,patterns tested (FDR-correction context),deterministic,background,474,discussion (sec:limitations),"""with false discovery rate correction for the millions of patterns tested"""
T-449,run_opus_kmax,22,K (deepest itemset),deterministic,result,476,discussion (sec:limitations),"""We note, however, that the deepest ($K{=}22$) itemset contains 0 parent--child pairs, so its depth is not driven by this effect"""
T-450,k22_go_parent_child_pairs,0,GO parent-child pairs in K=22 itemset,deterministic,result,476,discussion (sec:limitations),"""the deepest ($K{=}22$) itemset contains 0 parent--child pairs"" [cf. 333]"
T-451,ext_go_update_frequency,monthly,GO annotation update frequency,external-fact,background,478,discussion (sec:limitations),"""GO annotations are updated monthly; our results reflect UniProt TrEMBL release 2025\_01"""
T-452,dataset_uniprot_release,2025_01,UniProt TrEMBL release,software,setup,478,discussion (sec:limitations),"""our results reflect UniProt TrEMBL release 2025\_01 and may vary with different releases"""
T-453,dataset_single_feature,128.7 million,proteins excluded (single annotated feature),deterministic,result,480,discussion (sec:limitations),"""Our analysis excludes 128.7 million proteins (62.6\%) with only a single annotated feature."" [cf. 152]"
T-454,dataset_single_feature_pct,62.6,% of proteins excluded,deterministic,result,480,discussion (sec:limitations),"""Our analysis excludes 128.7 million proteins (62.6\%) with only a single annotated feature."""
T-455,alg_transaction_min_features,1,annotated feature (exclusion criterion),method-parameter,parameter,480,discussion (sec:limitations),"""excludes 128.7 million proteins (62.6\%) with only a single annotated feature"" [cf. 152: >1 kept]"
T-456,ext_afdb_homodimers_highconf,1.7 million,high-confidence homodimer predictions (AlphaFold DB),external-fact,background,486,discussion (sec:limitations),"""1.7 million high-confidence homodimer predictions have been added to the database"""
T-457,ext_afdb_homodimers_lowconf,18 million,lower-confidence homodimers (bulk download),external-fact,background,486,discussion (sec:limitations),"""with an additional 18 million lower-confidence homodimers available via bulk download"""
T-458,ext_embl_ebi_statement_year,2026,year of quoted EMBL-EBI statement,external-fact,background,486,discussion (sec:limitations),"""``a first step towards a comprehensive description of the human interactome'' (EMBL-EBI, 2026)"""
T-459,misc_transaction_scale_claim,100-million,transaction scale,deterministic,result,496,conclusion,"""ET-miner demonstrates that exhaustive frequent itemset mining at the 100-million-transaction scale is practical on current-generation datacenter GPUs."""
T-460,vocab_items_frequent,"1,002",features (base vocabulary),deterministic,setup,496,conclusion,"""With a base vocabulary of 1,002 features on a single H100, mining completes in 7.3 minutes"""
T-461,hw_gpu_model,1 × H100,GPU,hardware-dependent,setup,496,conclusion,"""With a base vocabulary of 1,002 features on a single H100"""
T-462,run_opus_time_min,7.3,minutes (mining),hardware-dependent,result,496,conclusion,"""mining completes in 7.3 minutes (excluding the one-time 63-minute feature extraction) and reaches $K{=}22$"""
T-463,extract_time_min,63,minutes (one-time feature extraction),hardware-dependent,result,496,conclusion,"""(excluding the one-time 63-minute feature extraction)"""
T-464,run_opus_kmax,22,K reached,deterministic,result,496,conclusion,"""mining completes in 7.3 minutes (excluding the one-time 63-minute feature extraction) and reaches $K{=}22$"""
T-465,null_support_pct,Power threshold (0.001%),null-model support threshold,method-parameter,parameter,498,conclusion,"""A permutation-based null model at the Power threshold supports biological significance"""
T-466,null_z_min_k4to6,">3,700",Z (t-statistics),deterministic,result,498,conclusion,"""($Z{>}3{,}700$ for $K{=}4$--$6$, as $t$-statistics from 5 permutations; no null run reached $K{\geq}7$"""
T-467,null_z_headline_k_range,4–6,K range,deterministic,result,498,conclusion,"""($Z{>}3{,}700$ for $K{=}4$--$6$, as $t$-statistics from 5 permutations"""
T-468,null_permutations,5,permutations,method-parameter,parameter,498,conclusion,"""as $t$-statistics from 5 permutations; no null run reached $K{\geq}7$"""
T-469,null_kmax,>=7,K (no null run reached),deterministic,result,498,conclusion,"""no null run reached $K{\geq}7$; see Section~\ref{sec:null-model}"""
T-470,ext_zenodo_doi,10.5281/zenodo.18674353,Zenodo DOI (preprint),external-fact,setup,500,conclusion,"""A preprint of this work is archived at Zenodo (DOI: \texttt{10.5281/zenodo.18674353})."""
T-471,ext_zenodo_doi,10.5281/zenodo.18674353,Zenodo DOI (preprint),external-fact,setup,529,back matter (data availability),"""This manuscript is a revised version of the preprint archived at Zenodo (DOI \texttt{10.5281/zenodo.18674353})."""
T-472,dataset_uniprot_release,2025_01,UniProt release (regeneration source),software,setup,529,back matter (data availability),"""it is regenerable from UniProt release 2025\_01 via the released feature-extraction pipeline"""
T-473,alg_bits_per_word,64,proteins per CPU/GPU operation,deterministic,background,743,appendix A (app:complexity),"""The bitvector representation processes 64 proteins per CPU/GPU operation, providing a $64\times$ constant-factor speedup over na\""ive element-wise comparison."""
T-474,alg_bitvec_speedup_factor,64×,constant-factor speedup,deterministic,background,743,appendix A (app:complexity),"""providing a $64\times$ constant-factor speedup over na\""ive element-wise comparison"""
T-475,alg_bits_per_word,64,word width in complexity terms (ceil(N/64)),deterministic,background,746–751,appendix A (app:complexity),"""GPU: $O(|F_1| \times \lceil N/64 \rceil)$ for bitvectors (persistent across all $K$-levels)"" and the per-level $O(\cdot \times \lceil N/64 \rceil / P)$ terms"
T-476,alg_bitvec_speedup_factor,64×,constant factor improvement (O(N) to O(ceil(N/64))),deterministic,background,753,appendix A (app:complexity),"""reduces support counting from $O(N)$ integer comparisons to $O(\lceil N/64 \rceil)$ bitwise AND + popcount operations---a $64\times$ constant factor improvement"""
T-477,alg_min_count_rule,min_count = ceil(sigma * n),minimum count rule,method-parameter,parameter,766,appendix B (alg:etminer),"""\State $n \gets |T|$; $\text{min\_count} \gets \lceil \sigma \cdot n \rceil$"""
T-478,bitvec_gb,~26,GB VRAM (bitvector matrix B),deterministic,result,769,appendix B (alg:etminer),"""\State $B \gets \text{GPU\_CSR\_TO\_BITVEC}(\text{CSR})$ \Comment{${\sim}26$\,GB VRAM}"""
T-479,alg_prefix_loop_start_k,3,starting k for prefix-group loop,method-parameter,parameter,775,appendix B (alg:etminer),"""\State $k \gets 3$"""
T-480,alg_loop_continue_condition,freq_{k-1} >= k,loop-continuation condition,method-parameter,parameter,776,appendix B (alg:etminer),"""\While{$|\text{freq}_{k-1}| \geq k$}"""
T-481,pipe_pcie_result_collection,1 (single),bulk result transfer at end,deterministic,setup,782,appendix B (alg:etminer),"""\State $F \gets \text{BULK\_TRANSFER}(\text{results})$ \Comment{Single transfer}"""
T-482,arch_support_counting_intrinsic,64-bit,popcount word width (__popcll),software,background,797,appendix C (app:gpu-details),"""maps to the GPU's native \texttt{\_\_popcll} instruction---a hardware intrinsic that counts set bits in a 64-bit word in a single clock cycle"""
T-483,hw_popcll_cycles,1,clock cycle per __popcll,hardware-dependent,background,797,appendix C (app:gpu-details),"""a hardware intrinsic that counts set bits in a 64-bit word in a single clock cycle"""
T-484,alg_bits_per_word,64,proteins processed per operation,deterministic,background,797,appendix C (app:gpu-details),"""Each operation processes 64 proteins simultaneously, compared to 32 with the 32-bit \texttt{\_\_popc} used by prior systems"""
T-485,ext_prior_gpu_fim_popcount_width_bits,32,proteins per operation (prior systems),external-fact,background,797,appendix C (app:gpu-details),"""compared to 32 with the 32-bit \texttt{\_\_popc} used by prior systems~\cite{chon2018,chon2024}"""
T-486,ext_prior_gpu_fim_popcount_width_bits,32-bit,"popcount width (__popc, prior systems)",external-fact,background,797,appendix C (app:gpu-details),"""compared to 32 with the 32-bit \texttt{\_\_popc} used by prior systems~\cite{chon2018,chon2024}"""
T-487,alg_k2_pairs_per_thread,1,candidate pair per GPU thread (K=2),software,setup,801,appendix C (app:gpu-details),"""For pairs ($K{=}2$), each GPU thread evaluates one candidate pair using a triangular-number inverse mapping"""
T-488,alg_early_termination_condition,0 (AND result),early-termination condition (K>=3),method-parameter,parameter,801,appendix C (app:gpu-details),"""with early termination when an intermediate AND result is zero---meaning no protein carries all features in the candidate set"""
T-489,alg_pcie_bytes_per_level,~12,bytes transferred at K=1,deterministic,result,808,appendix C (app:gpu-details),"""$K{=}1$: ... Transfer: ${\sim}12$\,bytes (frequent item count and loop control)."""
T-490,alg_pcie_bytes_per_level,~12,bytes transferred at K=2,deterministic,result,809,appendix C (app:gpu-details),"""$K{=}2$: Fused pair kernel produces a frequent pair array in GPU memory. Transfer: ${\sim}12$\,bytes (result count and loop control)."""
T-491,alg_pcie_bytes_per_level,~12,bytes transferred per level at K>=3,deterministic,result,810,appendix C (app:gpu-details),"""$K{\geq}3$: ... Results sorted in GPU memory. Transfer: ${\sim}12$\,bytes (scalar counters)."""
T-492,run_opus_kmax,22,K-levels (total),deterministic,result,813,appendix C (app:gpu-details),"""The total data transfer across all 22 $K$-levels is ${\sim}264$~bytes"""
T-493,alg_pcie_bytes_total,~264,bytes total CPU-GPU transfer across all K-levels,deterministic,result,813,appendix C (app:gpu-details),"""The total data transfer across all 22 $K$-levels is ${\sim}264$~bytes---compared to gigabytes in conventional GPU FIM implementations"" [22 x 12 = 264]"
T-494,ext_conventional_gpu_fim_pcie_bytes,gigabytes,per-campaign transfer in conventional GPU FIM,external-fact,background,813,appendix C (app:gpu-details),"""compared to gigabytes in conventional GPU FIM implementations that transfer candidate sets and count arrays at each iteration"""
T-495,ext_gminer_support_counting_intrinsic,32-bit,__popc width (GMiner),external-fact,background,834,table tab:gpu-arch,"""Support counting & \texttt{\_\_popc} (32-bit) & \texttt{\_\_popc} (32-bit) & \textbf{\texttt{\_\_popcll} (64-bit)}"""
T-496,ext_gminerpp_support_counting_intrinsic,32-bit,__popc width (GMiner++),external-fact,background,834,table tab:gpu-arch,"""Support counting & \texttt{\_\_popc} (32-bit) & \texttt{\_\_popc} (32-bit) & \textbf{\texttt{\_\_popcll} (64-bit)}"""
T-497,arch_support_counting_intrinsic,64-bit,__popcll width (ET-miner),software,setup,834,table tab:gpu-arch,"""Support counting & \texttt{\_\_popc} (32-bit) & \texttt{\_\_popc} (32-bit) & \textbf{\texttt{\_\_popcll} (64-bit)}"""
T-498,alg_pcie_bytes_per_level,~12,bytes PCIe per K-level (ET-miner),deterministic,result,839,table tab:gpu-arch,"""PCIe per $K$-level & $O(|TB| + |C_L| + |PS|)$ & $O(\text{bit array blocks})$ & \textbf{${\sim}12$\,bytes}"""
T-499,ext_gminer_transactions_real,1.7M,"transactions, max tested dataset (GMiner, real)",external-fact,background,843,table tab:gpu-arch,"""Max tested dataset & 1.7M txns (real) & Not reported & \textbf{76.9M txns (proteome)}"""
T-500,dataset_multi_feature,76.9M,"transactions, max tested dataset (ET-miner, proteome)",deterministic,setup,843,table tab:gpu-arch,"""Max tested dataset & 1.7M txns (real) & Not reported & \textbf{76.9M txns (proteome)}"""
T-501,alg_pcie_bytes_per_level,~4,bytes per K-level (CPU loop control),deterministic,result,852,table tab:gpu-pipeline caption,"""with CPU involvement limited to loop control ($\sim$4 bytes per $K$-level)"" [cf. 443, 808-810, 839: ~12 bytes]"
T-502,csr_h2d_transfer_gb,"~3 GB, once","PCIe traffic, database encoding",deterministic,result,859,table tab:gpu-pipeline,"""Database encoding & CPU (dense bitmap) & CPU (CSR) $\to$ GPU (\texttt{atomicOr}) & Once ($\sim$3\,GB)"""
T-503,pipe_pcie_k1_support_count,None (0),"PCIe traffic, K=1 support count",deterministic,result,860,table tab:gpu-pipeline,"""$K{=}1$ support count & GPU & GPU (\texttt{popcount}) & None"""
T-504,pipe_pcie_k1_frequency_filter,None (0),"PCIe traffic, K=1 frequency filter",deterministic,result,861,table tab:gpu-pipeline,"""$K{=}1$ frequency filter & CPU & GPU (\texttt{cp.where}) & None"""
T-505,pipe_pcie_k2_candidate_gen,None (0),"PCIe traffic, K=2 candidate gen",deterministic,result,862,table tab:gpu-pipeline,"""$K{=}2$ candidate gen & CPU (enumerate pairs) & GPU (triangular number inverse) & None"""
T-506,pipe_pcie_k2_support_count,None (0),"PCIe traffic, K=2 support count",deterministic,result,863,table tab:gpu-pipeline,"""$K{=}2$ support count & GPU (AND + \texttt{\_\_popc}) & GPU (AND + \texttt{\_\_popcll}) & None"""
T-507,pipe_pcie_k2_min_support_filter,None (0),"PCIe traffic, K=2 min-support filter",deterministic,result,864,table tab:gpu-pipeline,"""$K{=}2$ min-support filter & CPU & GPU (\texttt{atomicAdd} sparse output) & None"""
T-508,pipe_pcie_k3plus_candidate_gen,None (0),"PCIe traffic, K>=3 candidate gen",deterministic,result,865,table tab:gpu-pipeline,"""$K{\geq}3$ candidate gen & CPU (prefix tree) & GPU (binary search + triangular inverse) & None"""
T-509,pipe_pcie_k3plus_support_count,None (0),"PCIe traffic, K>=3 support count",deterministic,result,866,table tab:gpu-pipeline,"""$K{\geq}3$ support count & GPU (AND + \texttt{\_\_popc}) & GPU (AND + \texttt{\_\_popcll}) & None"""
T-510,pipe_pcie_k3plus_filter_sort,None (0),"PCIe traffic, K>=3 filter + sort",deterministic,result,867,table tab:gpu-pipeline,"""$K{\geq}3$ filter + sort & CPU & GPU (\texttt{atomicAdd} + \texttt{lexsort}) & None"""
T-511,alg_pcie_bytes_per_level,~4,"bytes PCIe traffic, loop control",deterministic,result,868,table tab:gpu-pipeline,"""Loop control & CPU & CPU reads \texttt{n\_results} & $\sim$4 bytes"""
T-512,pipe_pcie_result_collection,Once at end,"PCIe traffic, result collection (bulk)",deterministic,result,869,table tab:gpu-pipeline,"""Result collection & CPU (per iteration) & GPU $\to$ CPU (bulk, once) & Once at end"""
T-513,mem_ratio_0p01pct,7.8×,CSR transfer saving at 0.01% density,deterministic,background,874,appendix D (app:gpu-comparison),"""CSR transfer savings over dense bitmaps depend on dataset sparsity: from $7.8\times$ at $0.01\%$ density to no savings at ${\geq}1\%$ density"""
T-514,mem_density_0p01pct,0.01,% density (max CSR saving case),method-parameter,background,874,appendix D (app:gpu-comparison),"""from $7.8\times$ at $0.01\%$ density to no savings at ${\geq}1\%$ density, where CSR overhead exceeds the dense representation"""
T-515,mem_breakeven_density_pct,>=1,% density (no CSR savings),deterministic,background,874,appendix D (app:gpu-comparison),"""to no savings at ${\geq}1\%$ density, where CSR overhead exceeds the dense representation"""
T-516,mem_proteome_density_pct,~1,% density (proteome dataset),deterministic,result,874,appendix D (app:gpu-comparison),"""For our proteome dataset (${\sim}1\%$ density), CSR provides a modest $1.4\times$ reduction."""
T-517,mem_ratio_214m,1.4×,CSR reduction (proteome dataset),deterministic,result,874,appendix D (app:gpu-comparison),"""For our proteome dataset (${\sim}1\%$ density), CSR provides a modest $1.4\times$ reduction."" [cf. 167: ~15x; 886]"
T-518,mem_csr_bytes_per_entry,8,bytes per CSR entry,method-parameter,setup,878,table tab:memory-comparison caption,"""Memory footprint: dense bitmap ($|D| \times |F_1|$ bits packed) vs.\ CSR (8\,bytes/entry)."" [cf. 167: two 64-bit integers per entry]"
T-519,dataset_metadata_rows,214M,proteins (full bitvector matrix in AlphaFold proteome row),deterministic,setup,878,table tab:memory-comparison caption,"""The ``AlphaFold proteome'' row uses the full 214M-protein bitvector matrix"" [cf. 129: 214 million; 105/167/171: 205.6M]"
T-520,dataset_multi_feature,76.9M,multi-feature subset (mining campaign),deterministic,setup,878,table tab:memory-comparison caption,"""the mining campaign (Section~\ref{sec:results}) operates on the 76.9M multi-feature subset"""
T-521,dataset_metadata_rows,214M,transactions (AlphaFold proteome row header),deterministic,setup,885,table tab:memory-comparison,"""\emph{AlphaFold proteome} ($|D|{=}214$M, $|F_1|{=}1{,}002$)"""
T-522,vocab_items_frequent,"1,002",frequent items (AlphaFold proteome row header),deterministic,setup,885,table tab:memory-comparison,"""\emph{AlphaFold proteome} ($|D|{=}214$M, $|F_1|{=}1{,}002$)"""
T-523,mem_items_per_txn_214m,~10,items per transaction (Actual),deterministic,result,886,table tab:memory-comparison,"""\quad Actual & $\sim$10 & 27\,GB & 19\,GB & $1.4\times$"""
T-524,mem_dense_214m_gb,27,"GB dense bitmap (Actual, 214M)",deterministic,setup,886,table tab:memory-comparison,"""\quad Actual & $\sim$10 & 27\,GB & 19\,GB & $1.4\times$"" [cf. 171/402/769: ~26 GB]"
T-525,mem_csr_214m_gb,19,"GB CSR (Actual, 214M)",deterministic,result,886,table tab:memory-comparison,"""\quad Actual & $\sim$10 & 27\,GB & 19\,GB & $1.4\times$"" [cf. 167: 5.1 GB; 171/440: ~3 GB]"
T-526,mem_ratio_214m,1.4×,Dense/CSR ratio (Actual),deterministic,result,886,table tab:memory-comparison,"""\quad Actual & $\sim$10 & 27\,GB & 19\,GB & $1.4\times$"""
T-527,dataset_multi_feature,76.9M,transactions (Theoretical rows header),deterministic,setup,888,table tab:memory-comparison,"""\emph{Theoretical} ($|D|{=}76.9$M, $|F_1|{=}1{,}000$)"""
T-528,mem_theoretical_items,"1,000",items (Theoretical rows header),method-parameter,background,888,table tab:memory-comparison,"""\emph{Theoretical} ($|D|{=}76.9$M, $|F_1|{=}1{,}000$)"""
T-529,mem_density_0p01pct,0.01,% density (Theoretical row),method-parameter,background,889,table tab:memory-comparison,"""\quad 0.01\% density & 1 & 9.6\,GB & 1.2\,GB & $7.8\times$"""
T-530,mem_items_per_txn_0p01pct,1,items/txn at 0.01% density,deterministic,background,889,table tab:memory-comparison,"""\quad 0.01\% density & 1 & 9.6\,GB & 1.2\,GB & $7.8\times$"""
T-531,mem_dense_76p9m_gb,9.6,GB dense (0.01% density),deterministic,background,889,table tab:memory-comparison,"""\quad 0.01\% density & 1 & 9.6\,GB & 1.2\,GB & $7.8\times$"""
T-532,mem_csr_0p01pct_gb,1.2,GB CSR (0.01% density),deterministic,background,889,table tab:memory-comparison,"""\quad 0.01\% density & 1 & 9.6\,GB & 1.2\,GB & $7.8\times$"""
T-533,mem_ratio_0p01pct,7.8×,Dense/CSR ratio (0.01% density),deterministic,background,889,table tab:memory-comparison,"""\quad 0.01\% density & 1 & 9.6\,GB & 1.2\,GB & $7.8\times$"""
T-534,mem_density_0p1pct,0.1,% density (Theoretical row),method-parameter,background,890,table tab:memory-comparison,"""\quad 0.1\% density  & 10  & 9.6\,GB & 6.8\,GB & $1.4\times$"""
T-535,mem_items_per_txn_0p1pct,10,items/txn at 0.1% density,deterministic,background,890,table tab:memory-comparison,"""\quad 0.1\% density  & 10  & 9.6\,GB & 6.8\,GB & $1.4\times$"""
T-536,mem_dense_76p9m_gb,9.6,GB dense (0.1% density),deterministic,background,890,table tab:memory-comparison,"""\quad 0.1\% density  & 10  & 9.6\,GB & 6.8\,GB & $1.4\times$"""
T-537,mem_csr_0p1pct_gb,6.8,GB CSR (0.1% density),deterministic,background,890,table tab:memory-comparison,"""\quad 0.1\% density  & 10  & 9.6\,GB & 6.8\,GB & $1.4\times$"""
T-538,mem_ratio_0p1pct,1.4×,Dense/CSR ratio (0.1% density),deterministic,background,890,table tab:memory-comparison,"""\quad 0.1\% density  & 10  & 9.6\,GB & 6.8\,GB & $1.4\times$"""
T-539,mem_density_1pct,1,% density (Theoretical row),method-parameter,background,891,table tab:memory-comparison,"""\quad 1\% density    & 100 & 9.6\,GB & 62.1\,GB & $0.15\times$"""
T-540,mem_items_per_txn_1pct,100,items/txn at 1% density,deterministic,background,891,table tab:memory-comparison,"""\quad 1\% density    & 100 & 9.6\,GB & 62.1\,GB & $0.15\times$"""
T-541,mem_dense_76p9m_gb,9.6,GB dense (1% density),deterministic,background,891,table tab:memory-comparison,"""\quad 1\% density    & 100 & 9.6\,GB & 62.1\,GB & $0.15\times$"""
T-542,mem_csr_1pct_gb,62.1,GB CSR (1% density),deterministic,background,891,table tab:memory-comparison,"""\quad 1\% density    & 100 & 9.6\,GB & 62.1\,GB & $0.15\times$"""
T-543,mem_ratio_1pct,0.15×,Dense/CSR ratio (1% density),deterministic,background,891,table tab:memory-comparison,"""\quad 1\% density    & 100 & 9.6\,GB & 62.1\,GB & $0.15\times$"""
