claim_id,qkey,value,unit,category,stance,file,line,quoted_context
R1-001,meta_review_f1_verification_buckets,9,verification buckets,external-fact,asserts-own,F1,7,"""Across 9 verification buckets, 73 claims were adjudicated"""
R1-002,meta_review_f1_claims_adjudicated,73,claims adjudicated,external-fact,asserts-own,F1,7,"""Across 9 verification buckets, 73 claims were adjudicated"""
R1-003,meta_review_f1_claims_confirmed,62,claims CONFIRMED,external-fact,asserts-own,F1,11,"""CONFIRMED / 62"" (verdict table)"
R1-004,meta_review_f1_claims_discrepant,4,claims DISCREPANT,external-fact,asserts-own,F1,12,"""DISCREPANT / 4"" (verdict table)"
R1-005,meta_review_f1_claims_unverifiable,7,claims UNVERIFIABLE,external-fact,asserts-own,F1,13,"""UNVERIFIABLE / 7"" (verdict table)"
R1-006,meta_review_f1_campaign_rows_verified,6/6,campaign-table rows verified,external-fact,asserts-own,F1,15,"""the campaign table (6/6)"""
R1-007,run_opus_kmax,22,K-distribution rows,deterministic,quotes-paper,F1,15,"""the full 22-row K-distribution (8/8, line-for-line)"""
R1-008,meta_review_f1_kdist_checks,8/8,K-distribution checks passed,external-fact,asserts-own,F1,15,"""the full 22-row K-distribution (8/8, line-for-line)"""
R1-009,meta_review_f1_direct_vs_son_checks,6/6,Direct-vs-SON checks passed,external-fact,asserts-own,F1,15,"""the Direct-vs-SON comparison (6/6)"""
R1-010,vocab_v1_pfam,247,Pfam items (v1 Table 1),deterministic,disputes,F1,15,"""The old fabricated v1 Table 1 (247/752/3) has been corrected"""
R1-011,vocab_v1_go,752,GO items (v1 Table 1),deterministic,disputes,F1,15,"""The old fabricated v1 Table 1 (247/752/3) has been corrected"""
R1-012,vocab_v1_plddt,3,pLDDT items (v1 Table 1),deterministic,disputes,F1,15,"""The old fabricated v1 Table 1 (247/752/3) has been corrected"""
R1-013,vocab_pfam_defined,500,Pfam items (verified),method-parameter,asserts-own,F1,15,"""corrected to the verified 500/500/6 = 1,006 ground truth"""
R1-014,vocab_go_defined,500,GO items (verified),method-parameter,asserts-own,F1,15,"""corrected to the verified 500/500/6 = 1,006 ground truth"""
R1-015,vocab_plddt_defined,6,pLDDT bins (verified),method-parameter,asserts-own,F1,15,"""corrected to the verified 500/500/6 = 1,006 ground truth"""
R1-016,vocab_items_defined,"1,006",total items,deterministic,asserts-own,F1,15,"""corrected to the verified 500/500/6 = 1,006 ground truth"""
R1-017,run_opus_min_count,>=8,"proteins (feature-retention cutoff, paper wording)",method-parameter,disputes,F1,19,"""'retained all features occurring in at least 8 proteins' does not describe how the vocabulary was built"""
R1-018,vocab_pfam_defined,500,top-N Pfam frequency cap,method-parameter,asserts-own,F1,19,"""the vocabulary is a top-500-Pfam + top-500-GO frequency cap"""
R1-019,vocab_go_defined,500,top-N GO frequency cap,method-parameter,asserts-own,F1,19,"""the vocabulary is a top-500-Pfam + top-500-GO frequency cap"""
R1-020,dataset_pfam_families_observed,"24,291",unique Pfam terms,deterministic,asserts-own,F1,19,"""out of 24,291 / 25,993 unique terms"""
R1-021,dataset_go_families_observed,"25,993",unique GO terms,deterministic,asserts-own,F1,19,"""out of 24,291 / 25,993 unique terms"""
R1-022,run_opus_min_count,>=8,mining min-support (proteins),method-parameter,asserts-own,F1,19,"""the '>=8' is the mining min-support, a different quantity"""
R1-023,csr_vs_dense_full_ratio,40x,memory reduction (dense to CSR),deterministic,disputes,F1,20,"""Inflated 40x memory-reduction claim (lines 167, 402)"""
R1-024,csr_bytes_gb,5.1,GB (CSR),deterministic,quotes-paper,F1,20,"""the 5.1 GB CSR is the 76.9M mined subset"""
R1-025,dataset_multi_feature,76.9M,proteins (mined subset),deterministic,asserts-own,F1,20,"""the 5.1 GB CSR is the 76.9M mined subset"""
R1-026,dense_gb,206,GB (dense),deterministic,quotes-paper,F1,20,"""the 206 GB dense is the 205.6M full set"""
R1-027,dataset_plddt_pass,205.6M,proteins (full set),deterministic,asserts-own,F1,20,"""the 206 GB dense is the 205.6M full set"""
R1-028,csr_vs_dense_subset_ratio,~15x,memory reduction (same dataset),deterministic,asserts-own,F1,20,"""Within one dataset the reduction is ~15x, not 40x"""
R1-029,k22_support,8,proteins (K=22 accessions),deterministic,quotes-paper,F1,21,"""the paper says the 8 K=22 accessions 'can be recovered by querying the source transaction data'"""
R1-030,run_opus_kmax,22,K (deepest itemset),deterministic,quotes-paper,F1,21,"""the paper says the 8 K=22 accessions 'can be recovered'"""
R1-031,null_p_bound_kge7,<0.45,p (upper bound),deterministic,quotes-paper,F1,22,"""the p<0.45 bound is the exact one-sided binomial 95% bound"""
R1-032,null_p_bound_confidence_pct,95%,one-sided confidence level,method-parameter,asserts-own,F1,22,"""the exact one-sided binomial 95% bound (1-0.05^(1/5)=0.451)"""
R1-033,null_p_bound_kge7,1-0.05^(1/5)=0.451,exact binomial bound,deterministic,asserts-own,F1,22,"""the exact one-sided binomial 95% bound (1-0.05^(1/5)=0.451)"""
R1-034,null_p_bound_rule_of_three,3/5=0.60,rule-of-three bound,deterministic,asserts-own,F1,22,"""'the rule of three,' which actually gives 3/5=0.60"""
R1-035,run_minc4_min_count,4,min_count (verification run),method-parameter,disputes,F1,24,"""unbacked min_count=4 claim"""
R1-036,run_opus_min_count,>=8,support cutoff (heading),method-parameter,disputes,F1,30,"""D1 - Vocabulary construction misdescribed as an >=8-support cutoff"""
R1-037,run_opus_min_count,>=8,proteins (feature retention),method-parameter,quotes-paper,F1,31,"""We retained all features occurring in at least 8 proteins (the lowest support threshold used)."""
R1-038,dataset_pfam_families_observed,24291,unique Pfam,deterministic,asserts-own,F1,32,"""24291 unique Pfam, 25993 unique GO from 205620298 proteins"""
R1-039,dataset_go_families_observed,25993,unique GO,deterministic,asserts-own,F1,32,"""24291 unique Pfam, 25993 unique GO from 205620298 proteins"""
R1-040,dataset_plddt_pass,205620298,proteins,deterministic,asserts-own,F1,32,"""24291 unique Pfam, 25993 unique GO from 205620298 proteins"""
R1-041,vocab_plddt_defined,6,pLDDT items,method-parameter,asserts-own,F1,32,"""Item encoding: 6 pLDDT + 500 Pfam + 500 GO = 1006 total items"""
R1-042,vocab_pfam_defined,500,Pfam items,method-parameter,asserts-own,F1,32,"""Item encoding: 6 pLDDT + 500 Pfam + 500 GO = 1006 total items"""
R1-043,vocab_go_defined,500,GO items,method-parameter,asserts-own,F1,32,"""Item encoding: 6 pLDDT + 500 Pfam + 500 GO = 1006 total items"""
R1-044,vocab_items_defined,1006,total items,deterministic,asserts-own,F1,32,"""Item encoding: 6 pLDDT + 500 Pfam + 500 GO = 1006 total items"""
R1-045,vocab_pfam_defined,top-500,per-type frequency cap,method-parameter,asserts-own,F1,32,"""The vocabulary is a top-500-per-type frequency cap, not a >=8-support retention"""
R1-046,run_opus_min_count,>=8,mining min_count,method-parameter,asserts-own,F1,32,"""The '>=8' is the mining min_count (godmode_mining.log:2), a separate quantity"""
R1-047,dataset_plddt_pass,205.6M,proteins,deterministic,asserts-own,F1,33,"""At 205.6M proteins, vastly more than 500 Pfam/GO families occur in >=8 proteins"""
R1-048,dataset_pfam_go_families_ge8,>500,Pfam/GO families occurring in >=8 proteins,deterministic,asserts-own,F1,33,"""vastly more than 500 Pfam/GO families occur in >=8 proteins"""
R1-049,run_opus_min_count,>=8,proteins,method-parameter,asserts-own,F1,33,"""vastly more than 500 Pfam/GO families occur in >=8 proteins"""
R1-050,csr_vs_dense_full_ratio,40x,reduction (heading),deterministic,disputes,F1,36,"""D2 - '40x reduction' conflates two different datasets"""
R1-051,csr_nnz,316 million,non-zero entries,deterministic,quotes-paper,F1,37,"""316 million non-zero entries occupying ~5.1 GB ... a 40x reduction from the ~206 GB naive dense"""
R1-052,csr_bytes_gb,~5.1,GB (coordinate format),deterministic,quotes-paper,F1,37,"""316 million non-zero entries occupying ~5.1 GB"""
R1-053,csr_vs_dense_full_ratio,40x,reduction,deterministic,disputes,F1,37,"""a 40x reduction from the ~206 GB naive dense representation"""
R1-054,dense_gb,~206,GB (naive dense),deterministic,quotes-paper,F1,37,"""a 40x reduction from the ~206 GB naive dense representation"""
R1-055,csr_nnz,"316,421,093",non-zeros,deterministic,asserts-own,F1,38,"""ties the 316,421,093 non-zeros / 5.1 GB CSR to the 76,890,945-transaction subset"""
R1-056,csr_bytes_gb,5.1,GB (CSR),deterministic,asserts-own,F1,38,"""ties the 316,421,093 non-zeros / 5.1 GB CSR to the 76,890,945-transaction subset"""
R1-057,dataset_multi_feature,"76,890,945",transactions (subset),deterministic,asserts-own,F1,38,"""ties the 316,421,093 non-zeros / 5.1 GB CSR to the 76,890,945-transaction subset"""
R1-058,dense_gb,206,GB dense (full set),deterministic,asserts-own,F1,38,"""the 206 GB dense figure is for the 205.6M full set"""
R1-059,dataset_plddt_pass,205.6M,proteins (full set),deterministic,asserts-own,F1,38,"""the 206 GB dense figure is for the 205.6M full set"""
R1-060,dataset_plddt_pass,"205,620,298",transactions,deterministic,asserts-own,F1,38,"""205,620,298 x 1002 x 1 B = 206 GB"""
R1-061,vocab_items_frequent,1002,items (dense columns),deterministic,asserts-own,F1,38,"""205,620,298 x 1002 x 1 B = 206 GB"""
R1-062,alg_dense_bytes_per_bool,1,byte per dense entry,method-parameter,asserts-own,F1,38,"""205,620,298 x 1002 x 1 B = 206 GB"""
R1-063,dense_gb,206,GB (computed),deterministic,asserts-own,F1,38,"""205,620,298 x 1002 x 1 B = 206 GB"""
R1-064,dataset_multi_feature,76.9M,transactions (subset),deterministic,asserts-own,F1,38,"""Within the 76.9M subset: dense = 76.9M x 1002 x 1 B = 77 GB"""
R1-065,dense_subset_gb,77,GB dense (subset),deterministic,asserts-own,F1,38,"""dense = 76.9M x 1002 x 1 B = 77 GB"""
R1-066,csr_bytes_gb,5.06,GB (CSR),deterministic,asserts-own,F1,38,"""so 77/5.06 = ~15x, not 40x"""
R1-067,csr_vs_dense_subset_ratio,~15x,reduction (same subset),deterministic,asserts-own,F1,38,"""so 77/5.06 = ~15x, not 40x"""
R1-068,csr_vs_dense_full_ratio,40x,reduction,deterministic,disputes,F1,38,"""so 77/5.06 = ~15x, not 40x"""
R1-069,csr_vs_dense_full_ratio,40x,reduction,deterministic,disputes,F1,39,"""The 40x figure is manufactured by pairing a smaller-dataset CSR against a larger-dataset dense"""
R1-070,mem_ratio_214m,1.4x,"reduction (bit-packed, appendix)",deterministic,quotes-paper,F1,39,"""already reports the honest same-dataset ratio (1.4x bit-packed, 7.8x at 0.01% density)"""
R1-071,mem_ratio_0p01pct,7.8x,"reduction (at 0.01% density, appendix)",deterministic,quotes-paper,F1,39,"""already reports the honest same-dataset ratio (1.4x bit-packed, 7.8x at 0.01% density)"""
R1-072,mem_density_0p01pct,0.01%,density,deterministic,quotes-paper,F1,39,"""7.8x at 0.01% density"""
R1-073,csr_nnz,"316,421,093",nz,deterministic,asserts-own,F1,40,"""direct_mining.log (316,421,093 nz on 76,890,945 txns)"""
R1-074,dataset_multi_feature,"76,890,945",txns,deterministic,asserts-own,F1,40,"""direct_mining.log (316,421,093 nz on 76,890,945 txns)"""
R1-075,dataset_plddt_pass,"205,620,298",total transactions,deterministic,asserts-own,F1,40,"""beyond_mining.log (Total transactions 205,620,298)"""
R1-076,k22_support,8,K=22 accessions (heading),deterministic,quotes-paper,F1,42,"""D3 - 8 K=22 accessions 'recoverable' contradicts 'matrix not deposited'"""
R1-077,run_opus_kmax,22,K (heading),deterministic,quotes-paper,F1,42,"""D3 - 8 K=22 accessions 'recoverable' contradicts 'matrix not deposited'"""
R1-078,k22_support,8 (eight),matching proteins (K=22),deterministic,quotes-paper,F1,43,"""The eight matching proteins can be recovered by querying the source transaction data"""
R1-079,k22_support,8,IDs (K=22 proteins),deterministic,asserts-own,F1,45,"""The 8 IDs are neither listed in the paper nor regenerable from this repo"""
R1-080,null_p_bound_kge7,<0.45,p (heading),deterministic,disputes,F1,49,"""D4 - p<0.45 mis-attributed to the 'rule of three'"""
R1-081,null_p_bound_kge7,<0.45,p,deterministic,quotes-paper,F1,50,"""p < 0.45, the 95% one-sided upper bound for 0 of 5 by the rule of three"""
R1-082,null_p_bound_confidence_pct,95%,one-sided upper bound,method-parameter,quotes-paper,F1,50,"""the 95% one-sided upper bound for 0 of 5 by the rule of three"""
R1-083,null_perms_reaching_kge7,0 of 5,null runs reaching K>=7,deterministic,quotes-paper,F1,50,"""the 95% one-sided upper bound for 0 of 5 by the rule of three"""
R1-084,null_perms_reaching_kge7,0/5,null runs reaching K>=7,deterministic,asserts-own,F1,51,"""0/5 null runs reach K>=7 is confirmed"""
R1-085,null_kmax,>=7,K (deep-pattern cutoff),method-parameter,asserts-own,F1,51,"""0/5 null runs reach K>=7 is confirmed"""
R1-086,null_p_bound_kge7,1-0.05^(1/5)=0.4507,exact binomial 95% bound,deterministic,asserts-own,F1,51,"""The exact one-sided binomial 95% bound is 1-0.05^(1/5)=0.4507"""
R1-087,null_p_bound_confidence_pct,95%,confidence level,method-parameter,asserts-own,F1,51,"""The exact one-sided binomial 95% bound is 1-0.05^(1/5)=0.4507"""
R1-088,null_p_bound_rule_of_three,3/5=0.60,rule-of-three bound,deterministic,asserts-own,F1,51,"""The rule of three gives 3/n = 3/5 = 0.60, not 0.45"""
R1-089,null_p_bound_kge7,0.45,p bound (paper value contrasted with rule of three),deterministic,quotes-paper,F1,51,"""The rule of three gives 3/n = 3/5 = 0.60, not 0.45."""
R1-090,null_p_bound_kge7,0.45,p bound,deterministic,asserts-own,F1,52,"""The number (0.45) is correct and defensible as the exact binomial bound"""
R1-091,meta_review_f1_confirmed_dataset_vocab,7,confirmed dataset/vocabulary claims,external-fact,asserts-own,F1,61,"""Dataset & vocabulary (7):"""
R1-092,dataset_metadata_rows,214M,proteins,deterministic,quotes-paper,F1,62,"""214M proteins (line 129) = 214,683,829 rows read"""
R1-093,dataset_metadata_rows,"214,683,829",rows read,deterministic,asserts-own,F1,62,"""214M proteins (line 129) = 214,683,829 rows read - pipeline_214m.log:8,2061"""
R1-094,dataset_plddt_pass,"205,620,298",proteins processed,deterministic,quotes-paper,F1,63,"""205,620,298 processed (lines 129,152) = exact 'passed pLDDT filter' / 'Total transactions'"""
R1-095,dataset_annotation_gb,150,GB (input data),external-fact,quotes-paper,F1,64,"""150 GB in 63 min (line 129)"""
R1-096,extract_time_min,63,min (feature extraction),hardware-dependent,quotes-paper,F1,64,"""150 GB in 63 min (line 129)"""
R1-097,dataset_annotation_gb,150G,TrEMBL size (log),external-fact,asserts-own,F1,64,"""'TrEMBL: 150G'; af_extract 3777.0s = 62.95 min"""
R1-098,extract_time_s,3777.0,s (af_extract),hardware-dependent,asserts-own,F1,64,"""af_extract 3777.0s = 62.95 min"""
R1-099,extract_time_min,62.95,min (af_extract),hardware-dependent,asserts-own,F1,64,"""af_extract 3777.0s = 62.95 min"""
R1-100,run_opus_min_count,8,min-support,method-parameter,quotes-paper,F1,65,"""min-support 8 -> 1,002 frequent single items (Table 1 caption)"""
R1-101,vocab_items_frequent,"1,002",frequent single items,deterministic,quotes-paper,F1,65,"""min-support 8 -> 1,002 frequent single items (Table 1 caption)"""
R1-102,vocab_items_defined,"1,006",items,deterministic,quotes-paper,F1,66,"""1,006 items = 6 pLDDT + 500 Pfam + 500 GO (Table 1)"""
R1-103,vocab_plddt_defined,6,pLDDT items,method-parameter,quotes-paper,F1,66,"""1,006 items = 6 pLDDT + 500 Pfam + 500 GO (Table 1)"""
R1-104,vocab_pfam_defined,500,Pfam items,method-parameter,quotes-paper,F1,66,"""1,006 items = 6 pLDDT + 500 Pfam + 500 GO (Table 1)"""
R1-105,vocab_go_defined,500,GO items,method-parameter,quotes-paper,F1,66,"""1,006 items = 6 pLDDT + 500 Pfam + 500 GO (Table 1)"""
R1-106,vocab_items_frequent,"1,002",items passing min-support,deterministic,asserts-own,F1,67,"""1,002 pass (1,000 Pfam/GO + 2 pLDDT bins)"""
R1-107,vocab_pfam_go_frequent,"1,000",Pfam/GO items passing,deterministic,asserts-own,F1,67,"""1,002 pass (1,000 Pfam/GO + 2 pLDDT bins)"""
R1-108,vocab_plddt_frequent,2,pLDDT bins passing,deterministic,asserts-own,F1,67,"""1,002 pass (1,000 Pfam/GO + 2 pLDDT bins)"""
R1-109,vocab_plddt_frequent,2 (two),pLDDT labels in decoded patterns,deterministic,asserts-own,F1,67,"""corroborated by only two pLDDT labels in decoded_top_k_patterns.txt"""
R1-110,dataset_multi_feature,"76,890,945",multi-feature proteins,deterministic,quotes-paper,F1,68,"""76,890,945 (37.4%) multi-feature proteins (lines 91,120,152)"""
R1-111,dataset_multi_feature_pct,37.4%,fraction multi-feature,deterministic,quotes-paper,F1,68,"""76,890,945 (37.4%) multi-feature proteins (lines 91,120,152)"""
R1-112,meta_review_f1_confirmed_memory,6,confirmed memory claims,external-fact,asserts-own,F1,70,"""Memory (6):"""
R1-113,dense_gb,206,GB dense,deterministic,quotes-paper,F1,70,"""206 GB dense (line 105)"""
R1-114,csr_nnz,316M,nz,deterministic,quotes-paper,F1,70,"""316M nz / 5.1 GB coordinate (line 167)"""
R1-115,csr_bytes_gb,5.1,GB coordinate,deterministic,quotes-paper,F1,70,"""316M nz / 5.1 GB coordinate (line 167)"""
R1-116,bitvec_gb,~26,GB bit-packed,deterministic,quotes-paper,F1,70,"""~26 GB bit-packed (lines 167,171)"""
R1-117,csr_h2d_transfer_gb,~3,GB H2D transfer,deterministic,quotes-paper,F1,70,"""~3 GB H2D transfer (line 171)"""
R1-118,alg_pcie_bytes_total,~264,B (metadata over 22 K-levels),deterministic,quotes-paper,F1,70,"""~264 B over 22 K-levels (line 814)"""
R1-119,run_opus_kmax,22,K-levels,deterministic,quotes-paper,F1,70,"""~264 B over 22 K-levels (line 814)"""
R1-120,dataset_metadata_rows,214M,row label (appendix memory table),deterministic,quotes-paper,F1,70,"""appendix 214M row 27 GB/19 GB/1.4x (line 887)"""
R1-121,mem_dense_214m_gb,27,GB (appendix 214M row),deterministic,quotes-paper,F1,70,"""appendix 214M row 27 GB/19 GB/1.4x (line 887)"""
R1-122,mem_csr_214m_gb,19,GB (appendix 214M row),deterministic,quotes-paper,F1,70,"""appendix 214M row 27 GB/19 GB/1.4x (line 887)"""
R1-123,mem_ratio_214m,1.4x,ratio (appendix 214M row),deterministic,quotes-paper,F1,70,"""appendix 214M row 27 GB/19 GB/1.4x (line 887)"""
R1-124,meta_review_f1_campaign_rows_verified,6/6,campaign rows verified,external-fact,asserts-own,F1,72,"""Campaign table (6/6):"""
R1-125,run_base_support_pct,0.1%,support (Base),method-parameter,quotes-paper,F1,72,"""Base (0.1%/76,891/5,305/K9/1.9min/SON)"""
R1-126,run_base_min_count,"76,891",min_count (Base),method-parameter,quotes-paper,F1,72,"""Base (0.1%/76,891/5,305/K9/1.9min/SON)"""
R1-127,run_base_itemsets,"5,305",itemsets (Base),deterministic,quotes-paper,F1,72,"""Base (0.1%/76,891/5,305/K9/1.9min/SON)"""
R1-128,run_base_kmax,9,K max (Base),deterministic,quotes-paper,F1,72,"""Base (0.1%/76,891/5,305/K9/1.9min/SON)"""
R1-129,run_base_time_min,1.9,min (Base),hardware-dependent,quotes-paper,F1,72,"""Base (0.1%/76,891/5,305/K9/1.9min/SON)"""
R1-130,run_super_support_pct,0.01%,support (Super),method-parameter,quotes-paper,F1,72,"""Super (0.01%/7,689/51,124/K13/4.3min/SON)"""
R1-131,run_super_min_count,"7,689",min_count (Super),method-parameter,quotes-paper,F1,72,"""Super (0.01%/7,689/51,124/K13/4.3min/SON)"""
R1-132,run_super_itemsets,"51,124",itemsets (Super),deterministic,quotes-paper,F1,72,"""Super (0.01%/7,689/51,124/K13/4.3min/SON)"""
R1-133,run_super_kmax,13,K max (Super),deterministic,quotes-paper,F1,72,"""Super (0.01%/7,689/51,124/K13/4.3min/SON)"""
R1-134,run_super_time_min,4.3,min (Super),hardware-dependent,quotes-paper,F1,72,"""Super (0.01%/7,689/51,124/K13/4.3min/SON)"""
R1-135,run_power_support_pct,0.001%,support (Power),method-parameter,quotes-paper,F1,72,"""Power (0.001%/768/22,846/K13/18.1min/SON)"""
R1-136,run_power_min_count,768,min_count (Power),method-parameter,quotes-paper,F1,72,"""Power (0.001%/768/22,846/K13/18.1min/SON)"""
R1-137,run_power_itemsets,"22,846",itemsets (Power),deterministic,quotes-paper,F1,72,"""Power (0.001%/768/22,846/K13/18.1min/SON)"""
R1-138,run_power_kmax,13,K max (Power),deterministic,quotes-paper,F1,72,"""Power (0.001%/768/22,846/K13/18.1min/SON)"""
R1-139,run_power_time_min,18.1,min (Power),hardware-dependent,quotes-paper,F1,72,"""Power (0.001%/768/22,846/K13/18.1min/SON)"""
R1-140,run_blitz_support_pct,0.0001%,support (Blitz),method-parameter,quotes-paper,F1,72,"""Blitz (0.0001%/77/2,841,280/K19/2.0min/Direct)"""
R1-141,run_blitz_min_count,77,min_count (Blitz),method-parameter,quotes-paper,F1,72,"""Blitz (0.0001%/77/2,841,280/K19/2.0min/Direct)"""
R1-142,run_blitz_itemsets,"2,841,280",itemsets (Blitz),deterministic,quotes-paper,F1,72,"""Blitz (0.0001%/77/2,841,280/K19/2.0min/Direct)"""
R1-143,run_blitz_kmax,19,K max (Blitz),deterministic,quotes-paper,F1,72,"""Blitz (0.0001%/77/2,841,280/K19/2.0min/Direct)"""
R1-144,run_blitz_time_min,2.0,min (Blitz),hardware-dependent,quotes-paper,F1,72,"""Blitz (0.0001%/77/2,841,280/K19/2.0min/Direct)"""
R1-145,run_ultra_support_pct,0.00002%,support (Ultra),method-parameter,quotes-paper,F1,72,"""Ultra (0.00002%/16/14,558,875/K20/4.7min/Direct)"""
R1-146,run_ultra_min_count,16,min_count (Ultra),method-parameter,quotes-paper,F1,72,"""Ultra (0.00002%/16/14,558,875/K20/4.7min/Direct)"""
R1-147,run_ultra_itemsets,"14,558,875",itemsets (Ultra),deterministic,quotes-paper,F1,72,"""Ultra (0.00002%/16/14,558,875/K20/4.7min/Direct)"""
R1-148,run_ultra_kmax,20,K max (Ultra),deterministic,quotes-paper,F1,72,"""Ultra (0.00002%/16/14,558,875/K20/4.7min/Direct)"""
R1-149,run_ultra_time_min,4.7,min (Ultra),hardware-dependent,quotes-paper,F1,72,"""Ultra (0.00002%/16/14,558,875/K20/4.7min/Direct)"""
R1-150,run_opus_support_pct,0.00001%,support (Opus),method-parameter,quotes-paper,F1,72,"""Opus (0.00001%/8/26,849,505/K22/7.3min/Direct)"""
R1-151,run_opus_min_count,8,min_count (Opus),method-parameter,quotes-paper,F1,72,"""Opus (0.00001%/8/26,849,505/K22/7.3min/Direct)"""
R1-152,run_opus_itemsets,"26,849,505",itemsets (Opus),deterministic,quotes-paper,F1,72,"""Opus (0.00001%/8/26,849,505/K22/7.3min/Direct)"""
R1-153,run_opus_kmax,22,K max (Opus),deterministic,quotes-paper,F1,72,"""Opus (0.00001%/8/26,849,505/K22/7.3min/Direct)"""
R1-154,run_opus_time_min,7.3,min (Opus),hardware-dependent,quotes-paper,F1,72,"""Opus (0.00001%/8/26,849,505/K22/7.3min/Direct)"""
R1-155,meta_review_f1_kdist_checks,8/8,K-distribution checks passed,external-fact,asserts-own,F1,74,"""K-distribution (8/8):"""
R1-156,run_opus_itemsets,"26,849,505",total itemsets,deterministic,quotes-paper,F1,74,"""total 26,849,505; peak K=9 = 3,529,257 (13.14%)"""
R1-157,kdist_opus_peak_k,9,K (distribution peak),deterministic,quotes-paper,F1,74,"""peak K=9 = 3,529,257 (13.14%)"""
R1-158,kdist_opus_peak_count,"3,529,257",itemsets at K=9,deterministic,quotes-paper,F1,74,"""peak K=9 = 3,529,257 (13.14%)"""
R1-159,kdist_opus_peak_pct,13.14%,share of itemsets at K=9,deterministic,quotes-paper,F1,74,"""peak K=9 = 3,529,257 (13.14%)"""
R1-160,kdist_opus_k1_count,"1,002",itemsets at K=1,deterministic,quotes-paper,F1,74,"""K=1=1,002; K=2=73,786; K=22=1 (8 proteins)"""
R1-161,kdist_opus_k2_count,"73,786",itemsets at K=2,deterministic,quotes-paper,F1,74,"""K=1=1,002; K=2=73,786; K=22=1 (8 proteins)"""
R1-162,kdist_opus_k22_count,1,itemsets at K=22,deterministic,quotes-paper,F1,74,"""K=22=1 (8 proteins)"""
R1-163,k22_support,8,proteins supporting K=22,deterministic,quotes-paper,F1,74,"""K=22=1 (8 proteins)"""
R1-164,meta_review_f1_kdist_rows_range,3..21,K rows verified,deterministic,quotes-paper,F1,74,"""all K=3..21 rows"""
R1-165,kdist_opus_pct_sum,100.0%,sum of K-distribution percentages,deterministic,asserts-own,F1,74,"""percentages recomputed and sum to 100.0%"""
R1-166,meta_review_f1_confirmed_k22_composition,2,K=22 composition checks,external-fact,asserts-own,F1,76,"""K=22 composition (2):"""
R1-167,k22_n_features,22,features (K=22 itemset),deterministic,quotes-paper,F1,76,"""22 features = 2 Pfam + 8 MF + 4 BP + 7 CC + 1 pLDDT"""
R1-168,k22_n_pfam,2,Pfam features in K=22,deterministic,quotes-paper,F1,76,"""22 features = 2 Pfam + 8 MF + 4 BP + 7 CC + 1 pLDDT"""
R1-169,k22_n_go_mf,8,GO:MF features in K=22,deterministic,quotes-paper,F1,76,"""22 features = 2 Pfam + 8 MF + 4 BP + 7 CC + 1 pLDDT"""
R1-170,k22_n_go_bp,4,GO:BP features in K=22,deterministic,quotes-paper,F1,76,"""22 features = 2 Pfam + 8 MF + 4 BP + 7 CC + 1 pLDDT"""
R1-171,k22_n_go_cc,7,GO:CC features in K=22,deterministic,quotes-paper,F1,76,"""22 features = 2 Pfam + 8 MF + 4 BP + 7 CC + 1 pLDDT"""
R1-172,k22_n_plddt,1,pLDDT feature in K=22,deterministic,quotes-paper,F1,76,"""22 features = 2 Pfam + 8 MF + 4 BP + 7 CC + 1 pLDDT"""
R1-173,meta_review_f1_confirmed_null_model,17,confirmed null-model claims,external-fact,asserts-own,F1,78,"""Null model (17):"""
R1-174,null_permutations,5,permutations,method-parameter,quotes-paper,F1,78,"""5 permutations, seed 42, 662 s total, min_count=769"""
R1-175,null_seed,42,seed,method-parameter,quotes-paper,F1,78,"""5 permutations, seed 42, 662 s total, min_count=769"""
R1-176,null_total_time_s,662,s (null model total),hardware-dependent,quotes-paper,F1,78,"""5 permutations, seed 42, 662 s total, min_count=769"""
R1-177,null_min_count,769,min_count (null model),method-parameter,quotes-paper,F1,78,"""5 permutations, seed 42, 662 s total, min_count=769"""
R1-178,null_k2_z,-987,Z at K=2,deterministic,quotes-paper,F1,78,"""Z at K=2 (-987), K=3 (-143), K=4 (+3,791), K=5 (+7,402), K=6 (+71,728)"""
R1-179,null_k3_z,-143,Z at K=3,deterministic,quotes-paper,F1,78,"""Z at K=2 (-987), K=3 (-143), K=4 (+3,791), K=5 (+7,402), K=6 (+71,728)"""
R1-180,null_k4_z,"+3,791",Z at K=4,deterministic,quotes-paper,F1,78,"""Z at K=2 (-987), K=3 (-143), K=4 (+3,791), K=5 (+7,402), K=6 (+71,728)"""
R1-181,null_k5_z,"+7,402",Z at K=5,deterministic,quotes-paper,F1,78,"""Z at K=2 (-987), K=3 (-143), K=4 (+3,791), K=5 (+7,402), K=6 (+71,728)"""
R1-182,null_k6_z,"+71,728",Z at K=6,deterministic,quotes-paper,F1,78,"""Z at K=2 (-987), K=3 (-143), K=4 (+3,791), K=5 (+7,402), K=6 (+71,728)"""
R1-183,null_peak_k,3,K (null-model peak),deterministic,quotes-paper,F1,78,"""null peaks K=3 (46.2%)"""
R1-184,null_peak_pct,46.2%,null share at K=3,deterministic,quotes-paper,F1,78,"""null peaks K=3 (46.2%)"""
R1-185,null_kmax,6,K (null max depth),deterministic,quotes-paper,F1,78,"""null max depth K=6 (mean 22, std 1.1)"""
R1-186,null_k6_mean,22,mean null itemsets at K=6,deterministic,quotes-paper,F1,78,"""null max depth K=6 (mean 22, std 1.1)"""
R1-187,null_k6_std,1.1,std null itemsets at K=6,deterministic,quotes-paper,F1,78,"""null max depth K=6 (mean 22, std 1.1)"""
R1-188,null_kge7_bio,"88,745",biological itemsets at K>=7,deterministic,quotes-paper,F1,78,"""bio K>=7 = 88,745; real_total 475,865 to K=14"""
R1-189,run_power_direct_itemsets,"475,865",real_total itemsets (0.001%),deterministic,quotes-paper,F1,78,"""bio K>=7 = 88,745; real_total 475,865 to K=14"""
R1-190,run_power_direct_kmax,14,"K max (real, 0.001%)",deterministic,quotes-paper,F1,78,"""real_total 475,865 to K=14"""
R1-191,null_k1_mean,"1,002",K=1 itemsets preserved under permutation,deterministic,quotes-paper,F1,78,"""K=1 preserves 1,002; ~130 s/permutation"""
R1-192,null_per_perm_time_s,~130,s per permutation,hardware-dependent,quotes-paper,F1,78,"""K=1 preserves 1,002; ~130 s/permutation"""
R1-193,null_permutations,n=5,permutations (t-statistic basis),method-parameter,quotes-paper,F1,78,"""The n=5 Z-scores are appropriately recast as t-statistics (4 df)"""
R1-194,null_t_df,4,df (t-statistics),deterministic,quotes-paper,F1,78,"""The n=5 Z-scores are appropriately recast as t-statistics (4 df)"""
R1-195,meta_review_f1_direct_vs_son_checks,6/6,Direct-vs-SON checks passed,external-fact,asserts-own,F1,80,"""Direct vs SON (6/6):"""
R1-196,run_power_direct_itemsets,"475,865",itemsets (Direct),deterministic,quotes-paper,F1,80,"""Direct 475,865 in 50.7 s; SON 22,846 in 1,085.6 s; 21x speedup; SON misses 95.2%"""
R1-197,run_power_direct_time_s,50.7,s (Direct),hardware-dependent,quotes-paper,F1,80,"""Direct 475,865 in 50.7 s"""
R1-198,run_power_son_itemsets,"22,846",itemsets (SON),deterministic,quotes-paper,F1,80,"""SON 22,846 in 1,085.6 s"""
R1-199,run_power_son_time_s,"1,085.6",s (SON),hardware-dependent,quotes-paper,F1,80,"""SON 22,846 in 1,085.6 s"""
R1-200,son_speedup,21x,speedup (Direct vs SON),hardware-dependent,quotes-paper,F1,80,"""21x speedup; SON misses 95.2%"""
R1-201,son_miss_rate_pct,95.2%,SON miss rate,deterministic,quotes-paper,F1,80,"""21x speedup; SON misses 95.2%"""
R1-202,meta_review_f1_confirmed_scale_comparison,3,confirmed scale-comparison claims,external-fact,asserts-own,F1,82,"""Scale comparison (3):"""
R1-203,run_opus_vs_gminer_transaction_ratio,5.1x,transactions ratio vs GMiner,deterministic,quotes-paper,F1,82,"""5.1x (76.9M/15M); 62.6% = 128.7M excluded"""
R1-204,dataset_multi_feature,76.9M,transactions (ET-miner),deterministic,quotes-paper,F1,82,"""5.1x (76.9M/15M)"""
R1-205,ext_gminer_transactions,15M,transactions (GMiner),external-fact,quotes-paper,F1,82,"""5.1x (76.9M/15M)"""
R1-206,dataset_single_feature_pct,62.6%,proteins excluded (single-feature),deterministic,quotes-paper,F1,82,"""62.6% = 128.7M excluded"""
R1-207,dataset_single_feature,128.7M,proteins excluded,deterministic,quotes-paper,F1,82,"""62.6% = 128.7M excluded"""
R1-208,dataset_multi_feature,76.9M,transactions (ET-miner row),deterministic,quotes-paper,F1,82,"""ET-miner row 76.9M/1,002/K22/1xH100/7.3min"""
R1-209,vocab_items_frequent,"1,002",items (ET-miner row),deterministic,quotes-paper,F1,82,"""ET-miner row 76.9M/1,002/K22/1xH100/7.3min"""
R1-210,run_opus_kmax,22,K (ET-miner row),deterministic,quotes-paper,F1,82,"""ET-miner row 76.9M/1,002/K22/1xH100/7.3min"""
R1-211,hw_gpu_model,1xH100,GPU count/model,hardware-dependent,quotes-paper,F1,82,"""ET-miner row 76.9M/1,002/K22/1xH100/7.3min"""
R1-212,run_opus_time_min,7.3,min (ET-miner row),hardware-dependent,quotes-paper,F1,82,"""ET-miner row 76.9M/1,002/K22/1xH100/7.3min"""
R1-213,meta_review_f1_confirmed_citations,7,confirmed citation claims,external-fact,asserts-own,F1,84,"""Citations (7):"""
R1-214,meta_review_f1_cite_commands,47,\cite commands,external-fact,asserts-own,F1,84,"""47 \cite -> 37 unique keys, all with matching \bibitem and none unused"""
R1-215,meta_review_f1_unique_cite_keys,37,unique citation keys,external-fact,asserts-own,F1,84,"""47 \cite -> 37 unique keys, all with matching \bibitem and none unused"""
R1-216,meta_review_f1_bib_entries,37,bibliography entries,external-fact,asserts-own,F1,84,"""\begin{thebibliography}{37} = 37 entries"""
R1-217,meta_review_f1_cross_paper_contamination,0 (zero),cross-paper tool contamination,external-fact,asserts-own,F1,84,"""zero cross-paper (opus_pocket: fpocket, efficient-apriori, scikit-learn, PDBbind) contamination"""
R1-218,dataset_uniprot_release,2025_01,UniProt release,external-fact,quotes-paper,F1,94,"""UniProt release 2025_01 / line 129, 478 / Log records only input filename"""
R1-219,meta_log_pipeline_start_timestamp,Feb 2026,run date (log),external-fact,asserts-own,F1,94,"""Log records only input filename uniprot_trembl.dat.gz and Feb 2026 run date; no release string"""
R1-220,run_opus_kmax,22,K,deterministic,quotes-paper,F1,95,"""K=22 shared by exactly 8 proteins / lines 254, 286"""
R1-221,k22_support,8,proteins (K=22),deterministic,quotes-paper,F1,95,"""K=22 shared by exactly 8 proteins / lines 254, 286"""
R1-222,pattern_k19_k,19,K max in decoded_top_k_patterns.txt,deterministic,asserts-own,F1,95,"""decoded_top_k_patterns.txt caps at K=19 (187 proteins) and is a different run"""
R1-223,pattern_k19_support,187,proteins (K=19 pattern in decoded file),deterministic,asserts-own,F1,95,"""caps at K=19 (187 proteins) and is a different run"""
R1-224,meta_review_f1_artifact_kge20_absent,>=20,K (no artifact contains any),deterministic,asserts-own,F1,95,"""no artifact contains any K>=20 itemset"""
R1-225,k22_independent_features,22->21,independent features after GO check,deterministic,quotes-paper,F1,96,"""22->21 independent (0 GO parent-child pairs; InterPro2GO link removed)"""
R1-226,k22_go_parent_child_pairs,0,GO parent-child pairs,deterministic,quotes-paper,F1,96,"""22->21 independent (0 GO parent-child pairs; InterPro2GO link removed)"""
R1-227,run_minc4_min_count,4,min_count (verification run),method-parameter,quotes-paper,F1,97,"""min_count=4 -> 48M itemsets, same K max / line 335"""
R1-228,run_minc4_itemsets,48M,itemsets (min_count=4 run),deterministic,disputes,F1,97,"""No min_count=4 run exists. The only '48M' is 'Written 48M transactions' during extraction"""
R1-229,extract_progress_transactions_written,48M,transactions written (extraction log),deterministic,asserts-own,F1,97,"""The only '48M' is 'Written 48M transactions' during extraction - a transaction count, not itemsets"""
R1-230,null_min_count,769,min_count (null-model JSON),method-parameter,asserts-own,F1,97,"""experiment_null_model_...json (min_count 769)"""
R1-231,k22_support,8,K=22 UniProt accessions,deterministic,quotes-paper,F1,98,"""8 K=22 UniProt accessions / line 333 / See D3 - not recoverable"""
R1-232,run_opus_kmax,22,K,deterministic,quotes-paper,F1,98,"""8 K=22 UniProt accessions"""
R1-233,ext_gminer_transactions,15M,transactions (GMiner basis),external-fact,quotes-paper,F1,99,"""Internally used consistently (GMiner 15M basis for 5.1x)"""
R1-234,run_opus_vs_gminer_transaction_ratio,5.1x,transactions ratio,deterministic,quotes-paper,F1,99,"""Internally used consistently (GMiner 15M basis for 5.1x)"""
R1-235,meta_review_f1_bib_entries,37,references,external-fact,quotes-paper,F1,100,"""External correctness of 37 references / lines 541-724"""
R1-236,meta_review_f1_commit_diff_lines,231,lines (manuscript rewrite in commit diff),external-fact,asserts-own,F1,108,"""its diff is a 231-line manuscript rewrite that deletes expanded-run figures"""
R1-237,run_v35k_itemsets,606K,"itemsets (expanded run, revision_notes_b3.tex)",deterministic,disputes,F1,110,"""606K itemsets @ 4xH200 in revision_notes_b3.tex vs 16.8B @ 8xH200 in the plan"""
R1-238,run_v35k_n_gpus,4xH200,"GPUs (expanded run, revision_notes_b3.tex)",hardware-dependent,disputes,F1,110,"""606K itemsets @ 4xH200 in revision_notes_b3.tex vs 16.8B @ 8xH200 in the plan"""
R1-239,run_v35k_16p8b_itemsets,16.8B,"itemsets (expanded run, plan)",deterministic,disputes,F1,110,"""606K itemsets @ 4xH200 in revision_notes_b3.tex vs 16.8B @ 8xH200 in the plan"""
R1-240,run_v35k_16p8b_n_gpus,8xH200,"GPUs (expanded run, plan)",hardware-dependent,disputes,F1,110,"""606K itemsets @ 4xH200 in revision_notes_b3.tex vs 16.8B @ 8xH200 in the plan"""
R1-241,null_permutations,n=5,permutations (caveat),method-parameter,quotes-paper,F1,111,"""Abstract/conclusion omit the n=5 caveat on Z>3,700 (lines 91, 498)"""
R1-242,null_z_min_k4to6,">3,700",Z (headline),deterministic,quotes-paper,F1,111,"""Abstract/conclusion omit the n=5 caveat on Z>3,700 (lines 91, 498)"""
R1-243,null_t_df,4,df,deterministic,quotes-paper,F1,111,"""Body (table caption + s4.4) correctly recasts these as t-statistics (4 df)"""
R1-244,meta_review_f1_dutch_translation_date,Feb 2026,date (stale Dutch translation),external-fact,asserts-own,F1,112,"""Stale Dutch translation et_miner_proteome_nl.tex (old title, Feb 2026 date)"""
R1-245,k22_support,8,K=22 accessions to list,deterministic,requests,F1,113,"""(a) list the 8 K=22 accessions - see D3"""
R1-246,pattern_k13_support,"~11,000",proteins (approximate count),deterministic,quotes-paper,F1,113,"""replace the '~11,000 / ~10,500 / ~16,000' approximate protein counts (lines 353, 355, 357)"""
R1-247,pattern_k12_support,"~10,500",proteins (approximate count),deterministic,quotes-paper,F1,113,"""replace the '~11,000 / ~10,500 / ~16,000' approximate protein counts (lines 353, 355, 357)"""
R1-248,pattern_k11_support,"~16,000",proteins (approximate count),deterministic,quotes-paper,F1,113,"""replace the '~11,000 / ~10,500 / ~16,000' approximate protein counts (lines 353, 355, 357)"""
R1-249,run_opus_time_min,7.3,min (mining-only),hardware-dependent,requests,F1,113,"""(d) state explicitly that 7.3 min is mining-only wherever the figure appears standalone"""
R1-250,run_opus_min_count,>=8,"proteins (feature retention, OLD text)",method-parameter,quotes-paper,F1,122,"""OLD: We retained all features occurring in at least 8 proteins (the lowest support threshold used)."""
R1-251,vocab_pfam_defined,500,most frequent Pfam domains (proposed text),method-parameter,requests,F1,123,"""The feature vocabulary comprises the 500 most frequent Pfam domains and the 500 most frequent GO terms"""
R1-252,vocab_go_defined,500,most frequent GO terms (proposed text),method-parameter,requests,F1,123,"""The feature vocabulary comprises the 500 most frequent Pfam domains and the 500 most frequent GO terms"""
R1-253,dataset_pfam_families_observed,"24,291",Pfam families observed (proposed text),deterministic,requests,F1,123,"""(drawn from 24,291 Pfam and 25,993 GO families observed across the corpus)"""
R1-254,dataset_go_families_observed,"25,993",GO families observed (proposed text),deterministic,requests,F1,123,"""(drawn from 24,291 Pfam and 25,993 GO families observed across the corpus)"""
R1-255,vocab_plddt_defined,6,pLDDT confidence bins (proposed text),method-parameter,requests,F1,123,"""together with 6 pLDDT confidence bins, for 1,006 defined items"""
R1-256,vocab_items_defined,"1,006",defined items (proposed text),deterministic,requests,F1,123,"""together with 6 pLDDT confidence bins, for 1,006 defined items"""
R1-257,run_opus_min_count,8,"proteins (minimum support, proposed text)",method-parameter,requests,F1,123,"""The minimum support threshold of 8 proteins is applied during mining, not during vocabulary construction"""
R1-258,csr_vs_dense_full_ratio,40x,reduction (cross-dataset claim to fix),deterministic,disputes,F1,125,"""[D2] Line 167 - fix the cross-dataset 40x claim. Make the reduction ratio same-dataset."""
R1-259,csr_nnz,316 million,non-zero entries (OLD text),deterministic,quotes-paper,F1,126,"""the resulting matrix contains 316 million non-zero entries occupying ~5.1 GB in coordinate format"""
R1-260,csr_bytes_gb,~5.1,GB (OLD text),deterministic,quotes-paper,F1,126,"""316 million non-zero entries occupying ~5.1 GB in coordinate format"""
R1-261,alg_coo_bytes_per_entry,2 x 64-bit,integers per COO entry (OLD text),method-parameter,quotes-paper,F1,126,"""(two 64-bit integers per entry)"""
R1-262,csr_vs_dense_full_ratio,40x,reduction (OLD text),deterministic,disputes,F1,126,"""a 40x reduction from the ~206 GB naive dense representation (one byte per boolean entry)"""
R1-263,dense_gb,~206,GB (OLD text),deterministic,quotes-paper,F1,126,"""a 40x reduction from the ~206 GB naive dense representation"""
R1-264,alg_dense_bytes_per_bool,1,byte per boolean entry (OLD text),method-parameter,quotes-paper,F1,126,"""(one byte per boolean entry)"""
R1-265,dataset_multi_feature,76.9M,"proteins (mining subset, NEW text)",deterministic,requests,F1,127,"""for the 76.9M-protein mining subset the resulting matrix contains 316 million non-zero entries"""
R1-266,csr_nnz,316 million,non-zero entries (NEW text),deterministic,requests,F1,127,"""the resulting matrix contains 316 million non-zero entries occupying ~5.1 GB"""
R1-267,csr_bytes_gb,~5.1,GB (NEW text),deterministic,requests,F1,127,"""316 million non-zero entries occupying ~5.1 GB in coordinate format"""
R1-268,csr_vs_dense_subset_ratio,~15x,reduction (NEW text),deterministic,requests,F1,127,"""a ~15x reduction from the ~77 GB dense representation of that same subset"""
R1-269,dense_subset_gb,~77,GB dense of subset (NEW text),deterministic,requests,F1,127,"""a ~15x reduction from the ~77 GB dense representation of that same subset"""
R1-270,dense_gb,~206,GB dense of full set (NEW text),deterministic,requests,F1,127,"""relative to the ~206 GB dense matrix of the full 205.6M-protein set it is ~40x smaller"""
R1-271,dataset_plddt_pass,205.6M,"proteins (full set, NEW text)",deterministic,requests,F1,127,"""relative to the ~206 GB dense matrix of the full 205.6M-protein set it is ~40x smaller"""
R1-272,csr_vs_dense_full_ratio,~40x,"smaller (cross-dataset, NEW text)",deterministic,requests,F1,127,"""relative to the ~206 GB dense matrix of the full 205.6M-protein set it is ~40x smaller"""
R1-273,alg_coo_bytes_per_entry,2 x 64-bit,integers per COO entry (NEW text),method-parameter,requests,F1,127,"""occupying ~5.1 GB in coordinate format (two 64-bit integers per entry)"""
R1-274,csr_vs_dense_full_ratio,40x,reduction (no longer single-dataset),deterministic,disputes,F1,128,"""stops presenting 40x as a single-dataset reduction"""
R1-275,dense_gb,206,GB (OLD memory path),deterministic,quotes-paper,F1,131,"""The 206 GB -> 5.1 GB -> 26 GB memory reduction path is applicable to any sparse"""
R1-276,csr_bytes_gb,5.1,GB (OLD memory path),deterministic,quotes-paper,F1,131,"""The 206 GB -> 5.1 GB -> 26 GB memory reduction path"""
R1-277,bitvec_gb,26,GB (OLD memory path),deterministic,quotes-paper,F1,131,"""The 206 GB -> 5.1 GB -> 26 GB memory reduction path"""
R1-278,dense_gb,206,GB full-set dense (NEW text),deterministic,requests,F1,132,"""The full-set 206 GB dense matrix, the 5.1 GB CSR of the mined subset, and the 26 GB GPU bitvector matrix"""
R1-279,csr_bytes_gb,5.1,GB CSR of mined subset (NEW text),deterministic,requests,F1,132,"""the 5.1 GB CSR of the mined subset, and the 26 GB GPU bitvector matrix"""
R1-280,bitvec_gb,26,GB GPU bitvector matrix (NEW text),deterministic,requests,F1,132,"""the 26 GB GPU bitvector matrix illustrate a compression path"""
R1-281,csr_vs_dense_subset_ratio,~15x,same-subset dense-to-CSR reduction (NEW text),deterministic,requests,F1,132,"""(the same-subset dense-to-CSR reduction is ~15x; see Appendix)"""
R1-282,k22_support,8,UniProt accessions (to obtain and list),deterministic,requests,F1,135,"""obtain the 8 UniProt accessions from the authors and list them"""
R1-283,k22_support,8 (eight),matching proteins (proposed text),deterministic,requests,F1,135,"""The eight matching proteins (accessions listed in Table) were identified with the released analysis code"""
R1-284,dataset_uniprot_release,2025_01,UniProt release (fallback text),external-fact,requests,F1,136,"""they are regenerable only from UniProt release 2025_01 via the released feature-extraction pipeline"""
R1-285,null_p_bound_kge7,0.45,p bound (correct source to be stated),deterministic,requests,F1,138,"""replace the phrase by the rule of three with the correct source of 0.45"""
R1-286,null_p_bound_kge7,<0.45,p (OLD caption),deterministic,quotes-paper,F1,139,"""(p < 0.45, the 95% one-sided upper bound for 0 of 5 by the rule of three)."""
R1-287,null_p_bound_confidence_pct,95%,one-sided upper bound (OLD caption),method-parameter,quotes-paper,F1,139,"""(p < 0.45, the 95% one-sided upper bound for 0 of 5 by the rule of three)."""
R1-288,null_perms_reaching_kge7,0 of 5,null runs (OLD caption),deterministic,quotes-paper,F1,139,"""(p < 0.45, the 95% one-sided upper bound for 0 of 5 by the rule of three)."""
R1-289,null_p_bound_kge7,<0.45,p (NEW caption),deterministic,requests,F1,140,"""(p < 0.45, the exact one-sided binomial 95% upper bound 1-0.05^{1/5} for 0 of 5)."""
R1-290,null_p_bound_confidence_pct,95%,binomial upper bound (NEW caption),method-parameter,requests,F1,140,"""the exact one-sided binomial 95% upper bound 1-0.05^{1/5} for 0 of 5"""
R1-291,null_p_bound_formula,1-0.05^{1/5},bound formula (NEW caption),deterministic,requests,F1,140,"""the exact one-sided binomial 95% upper bound 1-0.05^{1/5} for 0 of 5"""
R1-292,null_perms_reaching_kge7,0 of 5,null runs (NEW caption),deterministic,requests,F1,140,"""the exact one-sided binomial 95% upper bound 1-0.05^{1/5} for 0 of 5"""
R1-293,null_p_bound_kge7,<0.45,p (paper line 391),deterministic,quotes-paper,F1,141,"""yielding p < 0.45 (the 95% one-sided upper bound for 0 of 5 by the rule of three)"""
R1-294,null_p_bound_confidence_pct,95%,one-sided upper bound (paper line 391),method-parameter,quotes-paper,F1,141,"""(the 95% one-sided upper bound for 0 of 5 by the rule of three)"""
R1-295,null_perms_reaching_kge7,0 of 5,null runs (paper line 391),deterministic,quotes-paper,F1,141,"""(the 95% one-sided upper bound for 0 of 5 by the rule of three)"""
R1-296,null_p_bound_formula,1-0.05^{1/5},bound formula (replacement),deterministic,requests,F1,141,"""... the exact one-sided binomial 95% upper bound 1-0.05^{1/5} for 0 of 5"""
R1-297,null_p_bound_kge7,<0.45,"p (table cell, paper line 382)",deterministic,quotes-paper,F1,141,"""Line 382 table cell shows only <0.45 and needs no change once the caption is fixed"""
R1-298,run_minc4_min_count,4,min_count (unverifiable run),method-parameter,disputes,F1,143,"""No artifact records a min_count=4 run or a 48M-itemset count"""
R1-299,run_minc4_itemsets,48M,itemsets (unverifiable),deterministic,disputes,F1,143,"""No artifact records a min_count=4 run or a 48M-itemset count"""
R1-300,extract_progress_transactions_written,48M,transactions written during extraction,deterministic,asserts-own,F1,143,"""(the only '48M' in logs is transactions written during extraction)"""
R1-301,run_minc4_min_count,4,min_count (OLD text),method-parameter,quotes-paper,F1,144,"""A verification run at min_count=4 discovered 48 million itemsets with identical maximum"""
R1-302,run_minc4_itemsets,48 million,itemsets (OLD text),deterministic,disputes,F1,144,"""A verification run at min_count=4 discovered 48 million itemsets with identical maximum"""
R1-303,k22_support,8,proteins (NEW text),deterministic,requests,F1,144,"""Because each of the 8 proteins carries exactly 22 vocabulary features, K=23 is impossible at any support threshold"""
R1-304,k22_proteins_features_each,22,vocabulary features per K=22 protein (NEW text),deterministic,requests,F1,144,"""each of the 8 proteins carries exactly 22 vocabulary features"""
R1-305,k22_impossible_k,23,"K (impossible, NEW text)",deterministic,requests,F1,144,"""K=23 is impossible at any support threshold; the ceiling is therefore structural"""
R1-306,pattern_k13_k,13,K (highlighted pattern),deterministic,quotes-paper,F1,146,"""the highlighted K=13 / K=12 / K=11 patterns from decoded_top_k_patterns.txt"""
R1-307,pattern_k12_k,12,K (highlighted pattern),deterministic,quotes-paper,F1,146,"""the highlighted K=13 / K=12 / K=11 patterns from decoded_top_k_patterns.txt"""
R1-308,pattern_k11_k,11,K (highlighted pattern),deterministic,quotes-paper,F1,146,"""the highlighted K=13 / K=12 / K=11 patterns from decoded_top_k_patterns.txt"""
R1-309,pattern_k13_support,"~11,000",proteins (K=13 pattern),deterministic,quotes-paper,F1,146,"""replace (~11,000 proteins), (~10,500 proteins), (~16,000 proteins) with the exact integers"""
R1-310,pattern_k12_support,"~10,500",proteins (K=12 pattern),deterministic,quotes-paper,F1,146,"""replace (~11,000 proteins), (~10,500 proteins), (~16,000 proteins) with the exact integers"""
R1-311,pattern_k11_support,"~16,000",proteins (K=11 pattern),deterministic,quotes-paper,F1,146,"""replace (~11,000 proteins), (~10,500 proteins), (~16,000 proteins) with the exact integers"""
R1-312,dataset_uniprot_release,2025_01,UniProt/Swiss-Prot release (paper line 478),external-fact,disputes,F1,148,"""line 478 says UniProt/Swiss-Prot release 2025_01"" (vs TrEMBL at line 129)"
R1-313,dataset_uniprot_release,2025_01,UniProt/Swiss-Prot release (OLD),external-fact,quotes-paper,F1,149,"""our results reflect UniProt/Swiss-Prot release 2025_01"""
R1-314,dataset_uniprot_release,2025_01,UniProt TrEMBL release (NEW),external-fact,requests,F1,150,"""our results reflect UniProt TrEMBL release 2025_01"""
R1-315,dataset_uniprot_release,2025_01,release string (not in any artifact),external-fact,disputes,F1,152,"""The '2025_01' release is not recorded in any artifact. Confirm the exact release with the authors"""
R1-316,dataset_access_date,February 2026,access date (softened wording),external-fact,requests,F1,152,"""soften to 'the UniProt TrEMBL release accessed February 2026'"""
R1-317,null_permutations,n=5,permutations (scope to add to headline Z),method-parameter,requests,F1,154,"""[Integrity 4] Conclusion line 498 - add the n=5 scope to the headline Z."""
R1-318,null_z_min_k4to6,">3,700",Z (OLD conclusion),deterministic,quotes-paper,F1,155,"""(Z>3,700 for K=4--6; no null run reached K>=7)."""
R1-319,null_z_headline_k_range,4-6,K range (OLD conclusion),deterministic,quotes-paper,F1,155,"""(Z>3,700 for K=4--6; no null run reached K>=7)."""
R1-320,null_kmax,>=7,"K (no null run reached, OLD)",deterministic,quotes-paper,F1,155,"""(Z>3,700 for K=4--6; no null run reached K>=7)."""
R1-321,null_z_min_k4to6,">3,700",Z (NEW conclusion),deterministic,requests,F1,156,"""(Z>3,700 for K=4--6, as t-statistics from 5 permutations; no null run reached K>=7)"""
R1-322,null_z_headline_k_range,4-6,K range (NEW conclusion),deterministic,requests,F1,156,"""(Z>3,700 for K=4--6, as t-statistics from 5 permutations"""
R1-323,null_permutations,5,permutations (NEW conclusion),method-parameter,requests,F1,156,"""as t-statistics from 5 permutations; no null run reached K>=7"""
R1-324,null_kmax,>=7,K (NEW conclusion),deterministic,requests,F1,156,"""no null run reached K>=7; see Section"""
R1-325,run_opus_time_min,7.3,minutes (paper line 120),hardware-dependent,quotes-paper,F1,158,"""discovers the complete feature co-occurrence landscape in 7.3 minutes -> ... in 7.3 minutes of mining"""
R1-326,run_opus_time_min,7.3,minutes (paper line 496),hardware-dependent,quotes-paper,F1,158,"""mining completes in 7.3 minutes -> mining completes in 7.3 minutes (excluding the 63-minute one-time feature extraction"""
R1-327,extract_time_min,63,minute feature extraction (NEW text),hardware-dependent,requests,F1,158,"""(excluding the 63-minute one-time feature extraction, Section)"""
R1-328,dataset_multi_feature,76.9 million,multi-feature proteins,deterministic,quotes-paper,F2,12,"""across 76.9 million multi-feature proteins (1,002 features) on a single NVIDIA H100 in 7.3 minutes"""
R1-329,vocab_items_frequent,"1,002",features,deterministic,quotes-paper,F2,12,"""across 76.9 million multi-feature proteins (1,002 features)"""
R1-330,hw_gpu_model,1 (single),NVIDIA H100 GPU,hardware-dependent,quotes-paper,F2,12,"""on a single NVIDIA H100 in 7.3 minutes"""
R1-331,run_opus_time_min,7.3,minutes,hardware-dependent,quotes-paper,F2,12,"""on a single NVIDIA H100 in 7.3 minutes"""
R1-332,run_opus_itemsets,26.8 million,co-occurrence patterns,deterministic,quotes-paper,F2,12,"""discovering 26.8 million co-occurrence patterns up to K = 22"""
R1-333,run_opus_kmax,22,K (max),deterministic,quotes-paper,F2,12,"""discovering 26.8 million co-occurrence patterns up to K = 22"""
R1-334,ext_prior_gpu_fim_scale_gap_orders,~3 orders of magnitude,transaction count vs prior single-machine GPU FIM,external-fact,quotes-paper,F2,12,"""roughly three orders of magnitude larger than any previously reported single-machine GPU FIM system[SOURCE?]"""
R1-335,null_support_pct,0.001%,null-model threshold,method-parameter,quotes-paper,F2,12,"""A permutation null model (at the 0.001% threshold)"""
R1-336,meta_review_f2_overclaim_ways,3 (three),ways claims outrun support,external-fact,asserts-own,F2,14,"""outrun its statistical and reproducibility support in three specific ways (Major 1-3 below)"""
R1-337,run_opus_kmax,22,K (flagship biological result),deterministic,quotes-paper,F2,14,"""the flagship biological result (K = 22) rests on the thinnest possible evidence base"""
R1-338,son_speedup,21x,speedup (Direct vs SON),hardware-dependent,quotes-paper,F2,18,"""a convincing demonstration (21x / 95.2% miss-rate) of why the SON approximation is inadequate"""
R1-339,son_miss_rate_pct,95.2%,SON miss rate,deterministic,quotes-paper,F2,18,"""a convincing demonstration (21x / 95.2% miss-rate)"""
R1-340,null_support_pct,0.001%,threshold validated by null model,method-parameter,quotes-paper,F2,22,"""The null model validates only the 0.001% threshold; the headline K = 22 result lives at 0.00001%"""
R1-341,run_opus_kmax,22,K (headline),deterministic,quotes-paper,F2,22,"""the headline K = 22 result lives at 0.00001%, where no null model was run"""
R1-342,run_opus_support_pct,0.00001%,threshold (headline result),method-parameter,quotes-paper,F2,22,"""the headline K = 22 result lives at 0.00001%, where no null model was run"""
R1-343,null_permutations,n = 5,permutations,method-parameter,disputes,F2,23,"""Statistical support rests on n = 5 permutations; the reported 'Z' magnitudes and the p < 0.45 bound cannot carry the weight"""
R1-344,null_p_bound_kge7,<0.45,p bound,deterministic,disputes,F2,23,"""the reported 'Z' magnitudes and the p < 0.45 bound cannot carry the weight the narrative places on them"""
R1-345,run_opus_kmax,22,K (flagship pattern),deterministic,quotes-paper,F2,24,"""The flagship K = 22 'neuronal antiviral' pattern is a single itemset in 8 proteins"""
R1-346,k22_support,8,proteins (K=22),deterministic,quotes-paper,F2,24,"""a single itemset in 8 proteins whose accessions are not listed"""
R1-347,null_support_pct,0.001%,"support (Power threshold, null model)",method-parameter,quotes-paper,F2,31,"""run only at the Power threshold (0.001% support, min_count = 769)"""
R1-348,null_min_count,769,min_count (null model),method-parameter,quotes-paper,F2,31,"""run only at the Power threshold (0.001% support, min_count = 769)"""
R1-349,kdist_opus_peak_k,9,K (distribution peak),deterministic,quotes-paper,F2,31,"""the K = 9 distribution peak and the K = 22 ceiling - are obtained at the Opus threshold"""
R1-350,run_opus_kmax,22,K (ceiling),deterministic,quotes-paper,F2,31,"""the K = 9 distribution peak and the K = 22 ceiling - are obtained at the Opus threshold"""
R1-351,run_opus_support_pct,0.00001%,support (Opus threshold),method-parameter,quotes-paper,F2,31,"""obtained at the Opus threshold (0.00001%, min_count = 8)"""
R1-352,run_opus_min_count,8,min_count (Opus),method-parameter,quotes-paper,F2,31,"""obtained at the Opus threshold (0.00001%, min_count = 8)"""
R1-353,misc_f2_deep_k_range,15-22,K range (deep patterns lacking null validation),deterministic,asserts-own,F2,33,"""whether the K = 15-22 patterns are enriched over a count-preserving null"""
R1-354,null_permutations,5,permutations (suggested Opus-threshold null),method-parameter,requests,F2,35,"""even 5 permutations at min_count = 8 would establish whether the null produces any deep (K >= 7) patterns"""
R1-355,run_opus_min_count,8,min_count (suggested null run),method-parameter,requests,F2,35,"""even 5 permutations at min_count = 8 would establish"""
R1-356,null_kmax,>=7,K (deep-pattern cutoff),method-parameter,requests,F2,35,"""whether the null produces any deep (K >= 7) patterns there"""
R1-357,misc_f2_deep_k_range,>=15,K (concentration analysis),method-parameter,requests,F2,35,"""how many distinct proteins contribute to all K >= 15 itemsets"""
R1-358,null_permutations,n = 5,permutations (heading),method-parameter,disputes,F2,37,"""Major 2 - Statistical inference from n = 5 permutations is over-leveraged"""
R1-359,null_t_df,4,df (t-statistics),deterministic,quotes-paper,F2,38,"""correctly labels the enrichment statistics as t-statistics (4 df) rather than large-sample Z-scores"""
R1-360,null_p_bound_kge7,<0.45,p (absence bound),deterministic,quotes-paper,F2,38,"""corrects the absence bound to p < 0.45 (rule of three, 0/5)"""
R1-361,null_perms_reaching_kge7,0/5,null runs with deep patterns,deterministic,quotes-paper,F2,38,"""corrects the absence bound to p < 0.45 (rule of three, 0/5)"""
R1-362,null_permutations,5 (five),permutations,method-parameter,disputes,F2,38,"""five permutations is too few to support the inferential language still used around them"""
R1-363,null_p_bound_kge7,<0.45,p,deterministic,disputes,F2,41,"""A p < 0.45 bound does not reject the null at any conventional level"""
R1-364,null_kmax,>=7,K,deterministic,quotes-paper,F2,41,"""'K>=7 patterns are absent from all 5 null runs'"""
R1-365,null_permutations,5,null runs,method-parameter,quotes-paper,F2,41,"""'K>=7 patterns are absent from all 5 null runs'"""
R1-366,null_k6_z,"+71,728",effect size (Z at K=6),deterministic,quotes-paper,F2,42,"""Reporting a '+71,728' effect size from 5 permutations invites the objection"""
R1-367,null_permutations,5,permutations,method-parameter,quotes-paper,F2,42,"""Reporting a '+71,728' effect size from 5 permutations"""
R1-368,null_permutations,n = 5,permutations (sigma estimate),method-parameter,disputes,F2,42,"""sigma estimated from n = 5 is itself extremely noisy"""
R1-369,null_k6_z,6,K (value not reproducing from rounded mu/sigma),deterministic,disputes,F2,42,"""the K = 6 value does not reproduce cleanly from the rounded mu/sigma shown"""
R1-370,null_z_headline_k_range,4-6,K range (raw null counts requested),deterministic,requests,F2,42,"""reporting the raw null counts per permutation for K = 4-6"""
R1-371,null_perms_for_p001,100+,permutations needed,method-parameter,quotes-paper,F2,43,"""'100+ permutations would be needed to establish p < 0.01 bounds.'"""
R1-372,null_p_target,<0.01,p (target bound),method-parameter,quotes-paper,F2,43,"""'100+ permutations would be needed to establish p < 0.01 bounds.'"""
R1-373,null_per_perm_time_s,~130,s per permutation,hardware-dependent,quotes-paper,F2,43,"""Since each permutation is ~130 s, 100 permutations is ~3.6 GPU-hours"""
R1-374,null_perms_for_p001,100,permutations,method-parameter,asserts-own,F2,43,"""100 permutations is ~3.6 GPU-hours - entirely feasible on the same single H100"""
R1-375,cost_null_100perm_1k_hours,~3.6,GPU-hours,hardware-dependent,asserts-own,F2,43,"""100 permutations is ~3.6 GPU-hours - entirely feasible on the same single H100"""
R1-376,hw_gpu_model,1 (single),H100,hardware-dependent,quotes-paper,F2,43,"""entirely feasible on the same single H100"""
R1-377,run_opus_kmax,22,"K (heading, flagship result)",deterministic,quotes-paper,F2,45,"""Major 3 - The flagship K = 22 biological result is under-supported and not fully reproducible"""
R1-378,run_opus_kmax,22,K (flagship pattern),deterministic,quotes-paper,F2,46,"""The K = 22 'neuronal antiviral RNA-helicase' pattern is given prominence"""
R1-379,kdist_opus_k22_count,1 (single),itemset,deterministic,quotes-paper,F2,46,"""As currently supported it is a single itemset shared by 8 proteins"""
R1-380,k22_support,8,proteins,deterministic,quotes-paper,F2,46,"""As currently supported it is a single itemset shared by 8 proteins"""
R1-381,k22_go_parent_child_pairs,0,GO parent-child pairs,deterministic,quotes-paper,F2,46,"""the GO true-path check (0 parent-child pairs; one InterPro2GO-derived link, giving 21 independent features)"""
R1-382,k22_definitional_links,1 (one),InterPro2GO-derived link,deterministic,quotes-paper,F2,46,"""(0 parent-child pairs; one InterPro2GO-derived link, giving 21 independent features)"""
R1-383,k22_independent_features,21,independent features,deterministic,quotes-paper,F2,46,"""(0 parent-child pairs; one InterPro2GO-derived link, giving 21 independent features)"""
R1-384,k22_support,8,UniProt accessions (not listed),deterministic,requests,F2,47,"""The 8 UniProt accessions are not listed."""
R1-385,k22_support,8 (eight),identifiers (supplementary table),deterministic,requests,F2,47,"""a reviewer will expect the eight identifiers in a supplementary table"""
R1-386,k22_support,n = 8,proteins,deterministic,quotes-paper,F2,48,"""With n = 8 proteins, a single densely (electronically) annotated protein family can generate the entire signature"""
R1-387,k22_n_families,1 (single),protein family (could generate signature),deterministic,asserts-own,F2,48,"""a single densely (electronically) annotated protein family can generate the entire signature"""
R1-388,k22_support,8,accessions (supplementary table),deterministic,requests,F2,50,"""add a supplementary table of the 8 accessions with per-term evidence codes"""
R1-389,run_opus_kmax,22,K (pattern to demote),deterministic,quotes-paper,F2,50,"""demote the K = 22 pattern from 'highlighted discovery' to 'illustrative maximum-depth example'"""
R1-390,run_opus_vs_gminer_transaction_ratio,5.1x,more transactions than prior systems,deterministic,disputes,F2,53,"""the '5.1x more transactions' and 'deeper than any previously reported GPU FIM result' claims are therefore about scale reached"""
R1-391,son_speedup,21x,speedup (Direct-GPU vs SON),hardware-dependent,quotes-paper,F2,53,"""Direct-GPU vs SON at identical support (21x, 95.2% miss rate) - is excellent"""
R1-392,son_miss_rate_pct,95.2%,SON miss rate,deterministic,quotes-paper,F2,53,"""Direct-GPU vs SON at identical support (21x, 95.2% miss rate)"""
R1-393,dataset_multi_feature,76.9M,transactions,deterministic,asserts-own,F2,53,"""Prior tools plausibly cannot ingest 76.9M transactions"""
R1-394,misc_f2_subset_slice_transactions,1-15M,transaction slice (suggested subset comparison),method-parameter,requests,F2,53,"""even a subset comparison (e.g., ET-miner vs GMiner on a 1-15M-transaction slice) would substantiate the efficiency claim"""
R1-395,run_opus_itemsets,26.8 million,patterns (headline),deterministic,disputes,F2,56,"""The headline '26.8 million patterns' is the complete frequent-itemset space, which by construction is dominated by subset/superset redundancy"""
R1-396,alg_subitemsets_per_k_itemset,2^K - 2,frequent sub-itemsets per frequent K-itemset,deterministic,asserts-own,F2,56,"""(every frequent K-itemset implies 2^K - 2 frequent sub-itemsets)"""
R1-397,run_opus_time_min,7.3,minutes (mining only),hardware-dependent,quotes-paper,F2,62,"""the '7.3 minutes (mining only)' qualifier is good"""
R1-398,meta_review_f2_memory_quantities_count,3 (three),distinct memory quantities coexisting,external-fact,asserts-own,F2,63,"""Three legitimate but different quantities coexist - ~206 GB ... ~26 GB ... ~5.1 GB ... ~10 GB"" (four listed)"
R1-399,dense_gb,~206,GB (naive 1-byte dense),deterministic,quotes-paper,F2,63,"""~206 GB (naive 1-byte dense)"""
R1-400,alg_dense_bytes_per_bool,1,byte per entry (naive dense),method-parameter,quotes-paper,F2,63,"""~206 GB (naive 1-byte dense)"""
R1-401,bitvec_gb,~26,"GB (bit-packed dense / on-GPU bitvector, 214M set)",deterministic,quotes-paper,F2,63,"""~26 GB (bit-packed dense / on-GPU bitvector, 214M set)"""
R1-402,dataset_metadata_rows,214M,set (proteins),deterministic,quotes-paper,F2,63,"""~26 GB (bit-packed dense / on-GPU bitvector, 214M set)"""
R1-403,csr_bytes_gb,~5.1,GB (CSR-COO),deterministic,quotes-paper,F2,63,"""~5.1 GB (CSR-COO)"""
R1-404,bitvec_subset_gb,~10,GB (bit-packed dense of the 76.9M subset),deterministic,quotes-paper,F2,63,"""~10 GB (bit-packed dense of the 76.9M subset)"""
R1-405,dataset_multi_feature,76.9M,subset (proteins),deterministic,quotes-paper,F2,63,"""~10 GB (bit-packed dense of the 76.9M subset)"""
R1-406,vocab_plddt_frequent,2 of 6,pLDDT bins passing support threshold,deterministic,quotes-paper,F2,64,"""Only 2 of 6 pLDDT bins pass the support threshold"""
R1-407,vocab_plddt_bin_medium_edges,70-90,pLDDT range (medium confidence bin),method-parameter,quotes-paper,F2,64,"""the recurring one is 'medium confidence (70-90).'"""
R1-408,pattern_k13_support,"~11,000",proteins (intermediate-K count),deterministic,quotes-paper,F2,65,"""Intermediate-K protein counts ('~11,000', '~10,500', '~16,000') are approximate where the artefacts support near-exact values"""
R1-409,pattern_k12_support,"~10,500",proteins (intermediate-K count),deterministic,quotes-paper,F2,65,"""Intermediate-K protein counts ('~11,000', '~10,500', '~16,000') are approximate"""
R1-410,pattern_k11_support,"~16,000",proteins (intermediate-K count),deterministic,quotes-paper,F2,65,"""Intermediate-K protein counts ('~11,000', '~10,500', '~16,000') are approximate"""
R1-411,hw_gpu_model,1 (single),H100 (all experiments),hardware-dependent,quotes-paper,F2,66,"""Now honestly framed as a capability ('all experiments used a single H100')"""
R1-412,k22_go_parent_child_pairs,0,GO parent-child pairs (K=22 set),deterministic,quotes-paper,F2,68,"""The added quantification (0 parent-child pairs in the K = 22 set) is excellent"""
R1-413,run_opus_kmax,22,K,deterministic,quotes-paper,F2,68,"""(0 parent-child pairs in the K = 22 set)"""
R1-414,run_opus_kmax,22,K (accessions not deposited),deterministic,quotes-paper,F2,69,"""some source artefacts (full transaction parquet, K = 22 accessions) are not currently deposited"""
R1-415,null_p_bound_kge7,<0.45,p (correction present),deterministic,quotes-paper,F2,75,"""t-statistic footnote and p < 0.45 correction now present and correct"""
R1-416,run_opus_kmax,22,K (Table 5 reference),deterministic,quotes-paper,F2,76,"""s3.5 + Table 5 (K = 22): interpretation softened correctly; see Major 3 for accessions + evidence codes."""
R1-417,run_power_min_count,768,min_count (Power),method-parameter,quotes-paper,F2,77,"""min_count values (Power = 768, Ultra = 16) reconcile with the mining logs"""
R1-418,run_ultra_min_count,16,min_count (Ultra),method-parameter,quotes-paper,F2,77,"""min_count values (Power = 768, Ultra = 16) reconcile with the mining logs"""
R1-419,ext_gminer_transactions,15M,transactions (GMiner synthetic),external-fact,quotes-paper,F2,78,"""the GMiner '15M synthetic / 1.7M real' labelling, which is now correct"""
R1-420,ext_gminer_transactions_real,1.7M,transactions (GMiner real),external-fact,quotes-paper,F2,78,"""the GMiner '15M synthetic / 1.7M real' labelling, which is now correct"""
R1-421,run_opus_itemsets,"26,849,505",K-distribution column sum,deterministic,asserts-own,F2,79,"""column sums to 26,849,505 exactly; matches the godmode log"""
R1-422,run_opus_min_count,8,"min_count (Opus, requested null)",method-parameter,requests,F2,85,"""Can the permutation null model be run at the Opus threshold (min_count = 8), even at n = 5"""
R1-423,null_permutations,n = 5,permutations (requested),method-parameter,requests,F2,85,"""even at n = 5, to test whether deep (K >= 7) patterns exceed a count-preserving null"""
R1-424,null_kmax,>=7,K (deep),method-parameter,requests,F2,85,"""to test whether deep (K >= 7) patterns exceed a count-preserving null there"""
R1-425,null_support_pct,0.001%,threshold (null model),method-parameter,quotes-paper,F2,85,"""why is the count-preserving null at 0.001% argued to generalise to 0.00001%?"""
R1-426,run_opus_support_pct,0.00001%,threshold (headline),method-parameter,quotes-paper,F2,85,"""why is the count-preserving null at 0.001% argued to generalise to 0.00001%?"""
R1-427,null_per_perm_time_s,~130,s per permutation,hardware-dependent,quotes-paper,F2,86,"""Each permutation is ~130 s."""
R1-428,null_perms_for_p001,100,permutations (requested),method-parameter,requests,F2,86,"""Is there an obstacle to running the 100 permutations the manuscript itself identifies as necessary for p < 0.01?"""
R1-429,null_p_target,<0.01,p,method-parameter,quotes-paper,F2,86,"""the 100 permutations the manuscript itself identifies as necessary for p < 0.01"""
R1-430,k22_support,8,K=22 UniProt accessions (requested),deterministic,requests,F2,87,"""Can the 8 K = 22 UniProt accessions and their per-GO-term evidence codes be provided"""
R1-431,run_opus_kmax,22,K,deterministic,quotes-paper,F2,87,"""Can the 8 K = 22 UniProt accessions and their per-GO-term evidence codes be provided"""
R1-432,run_opus_itemsets,26.8M,total itemsets,deterministic,quotes-paper,F2,88,"""What are the closed and maximal frequent-itemset counts corresponding to the 26.8M total?"""
R1-433,kdist_opus_peak_k,9,K (distribution peak),deterministic,quotes-paper,F2,90,"""The K = 9 distribution peak: how sensitive is its position to the support threshold"""
R1-434,alg_transaction_min_features,>=2,features (multi-feature inclusion criterion),method-parameter,quotes-paper,F2,90,"""the multi-feature-protein inclusion criterion (>= 2 features)"""
R1-435,null_permutations,n = 5,permutations,method-parameter,disputes,F2,96,"""n = 5 cannot support the inferential weight placed on it (Major 2)"""
R1-436,k22_support,8,proteins (anecdote),deterministic,quotes-paper,F2,96,"""the single most-highlighted pattern is an 8-protein anecdote without listed accessions"""
R1-437,cost_f2_majors_fix_gpu_hours,<=4,GPU-hours (to fix Majors 1-2),hardware-dependent,asserts-own,F2,96,"""Two of these are fixable with <= 4 GPU-hours on the machine already used (100 permutations; an Opus-threshold null)"""
R1-438,null_perms_for_p001,100,permutations,method-parameter,requests,F2,96,"""fixable with <= 4 GPU-hours on the machine already used (100 permutations; an Opus-threshold null)"""
R1-439,dataset_metadata_rows,hundreds of millions,proteins,deterministic,quotes-paper,F2,105,"""'Which combinations of protein features co-occur more than expected across hundreds of millions of proteins?'"""
R1-440,run_opus_kmax,22,K,deterministic,quotes-paper,F2,106,"""Exhaustive FIM to K=22 on 76.9M proteins in 7.3 min; unimodal K-peak at 9; null-model enrichment for K>=4 at 0.001%"""
R1-441,dataset_multi_feature,76.9M,proteins,deterministic,quotes-paper,F2,106,"""Exhaustive FIM to K=22 on 76.9M proteins in 7.3 min"""
R1-442,run_opus_time_min,7.3,min,hardware-dependent,quotes-paper,F2,106,"""Exhaustive FIM to K=22 on 76.9M proteins in 7.3 min"""
R1-443,kdist_opus_peak_k,9,K (peak),deterministic,quotes-paper,F2,106,"""unimodal K-peak at 9"""
R1-444,null_enriched_from_k,>=4,K (null-model enrichment),deterministic,quotes-paper,F2,106,"""null-model enrichment for K>=4 at 0.001%"""
R1-445,null_support_pct,0.001%,threshold,method-parameter,quotes-paper,F2,106,"""null-model enrichment for K>=4 at 0.001%"""
R1-446,run_opus_kmax,22,K (accessions not deposited),deterministic,quotes-paper,F2,114,"""but source transaction data + K=22 accessions not deposited; Major 3, Minor 8"""
R1-447,null_permutations,n=5,"permutations (null model, checklist)",method-parameter,quotes-paper,F2,114,"""Statistics (null-model n=5; Major 2)"""
R1-448,null_permutations,n=5,permutations (no power analysis),method-parameter,quotes-paper,F2,115,"""sample size / power (no power analysis; n=5 permutations)"""
R1-449,null_seed,42,seed (Fisher-Yates shuffle),method-parameter,quotes-paper,F2,115,"""randomization (Fisher-Yates shuffle, seed 42)"""
R1-450,alg_transaction_min_features,>=2,features (inclusion),method-parameter,quotes-paper,F2,115,"""inclusion/exclusion (>=2 features, min_count thresholds)"""
R1-451,dataset_uniprot_release,2025_01,UniProt release,external-fact,quotes-paper,F2,115,"""data-collection protocol (UniProt release 2025_01)"""
R1-452,sw_python,3.10,Python version,software,quotes-paper,F2,115,"""software versions (Python 3.10/CuPy 13.0/NumPy 1.26/CUDA 12.4/Ubuntu 22.04, H100 80GB SXM5)"""
R1-453,sw_cupy,13.0,CuPy version,software,quotes-paper,F2,115,"""software versions (Python 3.10/CuPy 13.0/NumPy 1.26/CUDA 12.4/Ubuntu 22.04, H100 80GB SXM5)"""
R1-454,sw_numpy,1.26,NumPy version,software,quotes-paper,F2,115,"""software versions (Python 3.10/CuPy 13.0/NumPy 1.26/CUDA 12.4/Ubuntu 22.04, H100 80GB SXM5)"""
R1-455,sw_cuda,12.4,CUDA version,software,quotes-paper,F2,115,"""software versions (Python 3.10/CuPy 13.0/NumPy 1.26/CUDA 12.4/Ubuntu 22.04, H100 80GB SXM5)"""
R1-456,sw_os,22.04,Ubuntu version,software,quotes-paper,F2,115,"""software versions (Python 3.10/CuPy 13.0/NumPy 1.26/CUDA 12.4/Ubuntu 22.04, H100 80GB SXM5)"""
R1-457,hw_gpu_vram_gb,80,GB VRAM (H100 SXM5),hardware-dependent,quotes-paper,F2,115,"""H100 80GB SXM5"""
R1-458,run_opus_itemsets,millions,itemsets tested without FDR,deterministic,asserts-own,F2,115,"""multiple-comparison correction (millions of itemsets tested; no FDR - acknowledged as Limitation 1 but not applied)"""
R1-459,meta_review_f2_figures_on_disk,4,figures present on disk,external-fact,asserts-own,F2,116,"""Figures/Tables (4 figures present on disk; tables well-formed)"""
R1-460,run_opus_kmax,22,K (interpretation still prominent),deterministic,quotes-paper,F2,116,"""Objectivity (K=22 interpretation softened but still prominent; Major 3)"""
R1-461,pattern_n_highlighted,5,highlighted patterns,deterministic,quotes-paper,F2,117,"""selective reporting (5 highlighted patterns chosen for known validation - disclosed, acceptable)"""
R1-462,null_permutations,n=5,permutations ('Z' inappropriate),method-parameter,quotes-paper,F2,117,"""inappropriate tests (n=5 'Z')"""
R1-463,meta_review_f2_paper_limitations,5,explicit limitations,external-fact,quotes-paper,F2,118,"""Limitations (5 explicit limitations, now including 0-parent-child note)"""
R1-464,k22_go_parent_child_pairs,0,parent-child pairs,deterministic,quotes-paper,F2,118,"""(5 explicit limitations, now including 0-parent-child note)"""
R1-465,run_opus_kmax,22,K (interpretation exception),deterministic,quotes-paper,F2,118,"""Interpretation (mostly data-supported; K=22 the exception)"""
R1-466,run_opus_itemsets,26.8M,'patterns' (redundant space),deterministic,disputes,F2,119,"""overstated conclusions (26.8M 'patterns' counts redundant space; Major 5)"""
R1-467,meta_review_f2_reference_currency_year,2024,reference currency (through year),external-fact,asserts-own,F2,120,"""Currency (through 2024)"""
R1-468,meta_review_f2_citation_errors_corrected,13,citation errors corrected this revision,external-fact,asserts-own,F2,120,"""Accuracy (13 citation errors corrected this revision; independently re-verified)"""
R1-469,meta_review_f2_uncited_bibitems,1 (one),uncited bibitem,external-fact,asserts-own,F2,120,"""one uncited bibitem (miettinen2020; Minor 6)"""
R1-470,null_permutations,n=5,permutations (normality assumption),method-parameter,quotes-paper,F2,123,"""'Z'-framing assumes normality of null counts from n=5; not tested"""
R1-471,null_permutations,n=5,permutations (no power analysis),method-parameter,quotes-paper,F2,124,"""Sample-size/power justification (n=5, no power analysis; Major 2)"""
R1-472,null_permutations,5,permutations (replication),method-parameter,quotes-paper,F2,125,"""replication (5 permutations)"""
R1-473,k22_support,8,K=22 accessions not listed,deterministic,quotes-paper,F2,129,"""the 8 K=22 accessions not listed - Major 3"""
R1-474,run_opus_kmax,22,K,deterministic,quotes-paper,F2,129,"""the 8 K=22 accessions not listed - Major 3"""
R1-475,null_permutations,5,permutation spread (could be shown),method-parameter,requests,F2,135,"""the K-distribution/null comparison could show the 5-permutation spread"""
R1-476,meta_review_f2_orphaned_figures,2 (two),orphaned figure files on disk,external-fact,asserts-own,F2,138,"""two orphaned figure files (figures/kdist_shift.pdf, figures/pruning_savings.pdf) remain on disk from the removed expanded run"""
R1-477,sw_claude_opus_version,4.6,Claude Code Opus version (listed co-author),software,quotes-paper,F2,143,"""(C. claudya = 'Anthropic, Claude Code Opus 4.6' as a listed author)"""
R1-478,meta_review_f2_ai_vendor_authors,1 (one),author affiliated with AI vendor,external-fact,asserts-own,F2,143,"""one author is affiliated with the AI vendor whose tool co-produced the work - disclosure expected"""
R1-479,ext_zenodo_version,v1,Zenodo preprint version,software,asserts-own,F2,143,"""a Zenodo v1 exists - the relationship to v1 should be disclosed as a versioned preprint update"""
R1-480,meta_review_f2_majors,5,major concerns,external-fact,asserts-own,F2,151,"""Major concerns identified & justified (5)"""
R1-481,meta_review_f2_minors,8,minor issues,external-fact,asserts-own,F2,151,"""Minor issues categorized (8)"""
R1-482,meta_review_f2_missing_statements,3,"missing statements (COI, funding, subjects)",external-fact,asserts-own,F2,151,"""Ethics verified (Stage 6 - surfaced 3 missing statements: COI, funding, subjects)"""
R1-483,sw_claude_opus_version,4.6,Claude Code Opus version (AI co-author),software,quotes-paper,F2,156,"""AI-tool listed as a co-author ('Claude Code Opus 4.6')"""
R1-484,run_opus_itemsets,millions,itemsets (no multiple-testing correction),deterministic,asserts-own,F2,158,"""No multiple-testing correction applied to the millions of itemsets"""
R1-485,meta_review_f2_orphaned_figures,2 (two),orphaned figure PDFs,external-fact,asserts-own,F2,159,"""Two orphaned figure PDFs (kdist_shift.pdf, pruning_savings.pdf) from the removed expanded run remain in figures/"""
R1-486,ext_zenodo_version,v1,Zenodo version (relationship to disclose),software,asserts-own,F2,160,"""Relationship to the published Zenodo v1 should be disclosed as a versioned-preprint update"""
R1-487,ext_zenodo_version,v1,Zenodo version (disclosed post-review),software,asserts-own,F2,171,"""discloses the Zenodo-v1 versioned-preprint relationship"""
R1-488,meta_review_f2_uncited_bibitems,0 (zero),uncited bibitems remaining,external-fact,asserts-own,F2,173,"""miettinen2020 - now cited (Boolean-matrix representation, s1); zero uncited bibitems remain"""
R1-489,null_perms_for_p001,100,permutations (still open),method-parameter,requests,F2,179,"""Major 2 (100 permutations)"""
R1-490,run_opus_kmax,22,K (accessions + evidence codes still open),deterministic,requests,F2,179,"""Major 3 (K=22 accessions + evidence codes)"""
R1-491,run_v35k_itemsets,606K,itemsets (35K expansion),deterministic,asserts-own,F3,9,"""v2 (2026-02-21): Updated with 35K-feature expansion (606K itemsets, K_max=17, null model, SON infeasibility)"""
R1-492,run_v35k_kmax,17,K_max (35K expansion),deterministic,asserts-own,F3,9,"""35K-feature expansion (606K itemsets, K_max=17, null model, SON infeasibility)"""
R1-493,vocab_items_frequent,"1,002",features (original vocabulary),deterministic,quotes-paper,F3,15,"""The authors have expanded from 1,002 features to 34,920 features (35x vocabulary expansion)"""
R1-494,vocab_v35k_items,"34,920",features (expanded vocabulary),deterministic,asserts-own,F3,15,"""expanded from 1,002 features to 34,920 features (35x vocabulary expansion)"""
R1-495,vocab_v35k_expansion_ratio,35x,vocabulary expansion factor,deterministic,asserts-own,F3,15,"""expanded from 1,002 features to 34,920 features (35x vocabulary expansion)"""
R1-496,meta_review_f3_new_result_files,3 (three),new result files,external-fact,asserts-own,F3,15,"""and produced three new result files:"""
R1-497,run_v35k_n_runs,3 (triplicate),Direct GPU runs,method-parameter,asserts-own,F3,17,"""Direct GPU triplicate (experiment_direct_vs_son_35k_20260221.json)"""
R1-498,run_v35k_itemsets,"606,292",mean itemsets (triplicate),deterministic,asserts-own,F3,17,"""606,292 mean itemsets (std=28), K_max=17, 654s mean on 4xH200"""
R1-499,run_v35k_itemsets_std,28,std itemsets (triplicate),deterministic,asserts-own,F3,17,"""606,292 mean itemsets (std=28), K_max=17, 654s mean on 4xH200"""
R1-500,run_v35k_kmax,17,K_max,deterministic,asserts-own,F3,17,"""606,292 mean itemsets (std=28), K_max=17, 654s mean on 4xH200"""
R1-501,run_v35k_time_s,654,s mean runtime,hardware-dependent,asserts-own,F3,17,"""606,292 mean itemsets (std=28), K_max=17, 654s mean on 4xH200"""
R1-502,run_v35k_n_gpus,4xH200,GPUs,hardware-dependent,asserts-own,F3,17,"""654s mean on 4xH200. SON is INFEASIBLE (175 GB bitvec > 143 GB VRAM)"""
R1-503,mem_v35k_son_bitvec_gb,175,GB (SON bitvector),deterministic,asserts-own,F3,17,"""SON is INFEASIBLE (175 GB bitvec > 143 GB VRAM)"""
R1-504,hw_h200_vram_gb,143,GB VRAM (H200),hardware-dependent,asserts-own,F3,17,"""SON is INFEASIBLE (175 GB bitvec > 143 GB VRAM)"""
R1-505,run_v35k_null_permutations,2,permutations (35K null model),method-parameter,asserts-own,F3,18,"""Null model (experiment_null_model_20260221_003203.json): 2 permutations"""
R1-506,run_v35k_null_peak_k,2,K (null peak),deterministic,asserts-own,F3,18,"""Null peaks at K=2 (59K itemsets), collapses by K=5 (1 itemset)"""
R1-507,null_v35k2perm_k2_mean,59K,null itemsets at K=2,deterministic,asserts-own,F3,18,"""Null peaks at K=2 (59K itemsets), collapses by K=5 (1 itemset)"""
R1-508,run_v35k_null_kmax,5,K (null collapse),deterministic,asserts-own,F3,18,"""Null peaks at K=2 (59K itemsets), collapses by K=5 (1 itemset)"""
R1-509,null_v35k2perm_k5_mean,1,null itemsets at K=5,deterministic,asserts-own,F3,18,"""collapses by K=5 (1 itemset)"""
R1-510,run_v35k_kmax,17,"K (biological max, 35K)",deterministic,asserts-own,F3,18,"""Biological data extends to K=17."""
R1-511,null_v35k2perm_total_enrichment_ratio,5.45x,total enrichment ratio,deterministic,asserts-own,F3,18,"""5.45x total enrichment ratio. Z=723 at K=3, Z=20,585 at K=4."""
R1-512,null_v35k2perm_k3_z,723,Z at K=3 (35K),deterministic,asserts-own,F3,18,"""Z=723 at K=3, Z=20,585 at K=4."""
R1-513,null_v35k2perm_k4_z,"20,585",Z at K=4 (35K),deterministic,asserts-own,F3,18,"""Z=723 at K=3, Z=20,585 at K=4."""
R1-514,run_v35k_wave3_support_pct,0.1%,support (wave 3),method-parameter,asserts-own,F3,19,"""Mining at 0.1% support reaches K=10+ with millions of itemsets per level"""
R1-515,run_v35k_wave3_kmax,10+,K reached (wave 3),deterministic,asserts-own,F3,19,"""Mining at 0.1% support reaches K=10+ with millions of itemsets per level"""
R1-516,run_v35k_wave3_itemsets_per_level,millions,itemsets per level (wave 3),deterministic,asserts-own,F3,19,"""reaches K=10+ with millions of itemsets per level"""
R1-517,run_v35k_wave3_k9_cum_time_s,743,s elapsed at K=9 (wave 3),hardware-dependent,asserts-own,F3,19,"""still running after 743s at K=9 (10M itemsets at that level alone)"""
R1-518,run_v35k_wave3_last_complete_k,9,K (wave 3 progress),deterministic,asserts-own,F3,19,"""still running after 743s at K=9 (10M itemsets at that level alone)"""
R1-519,kdist_v35k_wave3_k9_count,10M,itemsets at K=9 (wave 3),deterministic,asserts-own,F3,19,"""still running after 743s at K=9 (10M itemsets at that level alone)"""
R1-520,meta_review_f3_severity_major1,9/10,severity (M1),external-fact,asserts-own,F3,27,"""M1. Two permutations is worse than five -- the null model has regressed [Severity: 9/10]"""
R1-521,null_permutations,5,permutations (1K null model),method-parameter,quotes-paper,F3,29,"""The original 1K-feature null model used 5 permutations."""
R1-522,run_v35k_null_permutations,2,permutations (35K null model),method-parameter,asserts-own,F3,29,"""The 35K-feature null model uses only 2 permutations"""
R1-523,run_v35k_null_seed_1,7138484576005690180,seed (permutation 1),method-parameter,asserts-own,F3,29,"""(seeds 7138484576005690180 and 4047939128787533792, experiment_null_model_20260221_003203.json line 8)"""
R1-524,run_v35k_null_seed_2,4047939128787533792,seed (permutation 2),method-parameter,asserts-own,F3,29,"""(seeds 7138484576005690180 and 4047939128787533792, experiment_null_model_20260221_003203.json line 8)"""
R1-525,run_v35k_null_permutations,n=2,data points (null),method-parameter,disputes,F3,33,"""Variance from n=2 is meaningless. With 2 data points, you have exactly 1 degree of freedom."""
R1-526,run_v35k_null_t_df,1,degree of freedom,deterministic,asserts-own,F3,33,"""With 2 data points, you have exactly 1 degree of freedom."""
R1-527,null_v35k2perm_k2_std,123.7,std of null at K=2,deterministic,asserts-own,F3,33,"""The reported standard deviations (e.g., K=2: std=123.7; K=3: std=51.6; K=4: std=2.8)"""
R1-528,null_v35k2perm_k3_std,51.6,std of null at K=3,deterministic,asserts-own,F3,33,"""(e.g., K=2: std=123.7; K=3: std=51.6; K=4: std=2.8)"""
R1-529,null_v35k2perm_k4_std,2.8,std of null at K=4,deterministic,asserts-own,F3,33,"""(e.g., K=2: std=123.7; K=3: std=51.6; K=4: std=2.8)"""
R1-530,null_v35k2perm_k3_z,722.91,Z at K=3 (35K),deterministic,disputes,F3,33,"""The 'Z-score' at K=3 of 722.91 is computed as (53235 - 15919.5) / 51.6"""
R1-531,null_v35k2perm_k3_bio,53235,biological itemsets at K=3 (35K),deterministic,asserts-own,F3,33,"""computed as (53235 - 15919.5) / 51.6 -- but the denominator is estimated from 2 observations"""
R1-532,null_v35k2perm_k3_mean,15919.5,null mean itemsets at K=3 (35K),deterministic,asserts-own,F3,33,"""computed as (53235 - 15919.5) / 51.6"""
R1-533,null_v35k2perm_k3_std,51.6,null std at K=3 (denominator),deterministic,asserts-own,F3,33,"""computed as (53235 - 15919.5) / 51.6"""
R1-534,run_v35k_null_permutations,2,observations,method-parameter,asserts-own,F3,33,"""the denominator is estimated from 2 observations"""
R1-535,run_v35k_null_t_df,1,df (t-statistic equivalent),deterministic,asserts-own,F3,33,"""A Z-statistic from n=2 is a t-statistic with 1 degree of freedom, which has no finite moments"""
R1-536,run_v35k_null_kmax,5,K (both null runs produce 1 itemset),deterministic,asserts-own,F3,35,"""At K=5, both null runs produced exactly 1 itemset."""
R1-537,null_v35k2perm_k5_mean,1,null itemsets at K=5 (each run),deterministic,asserts-own,F3,35,"""At K=5, both null runs produced exactly 1 itemset."""
R1-538,null_v35k2perm_k5_std,0.0,std at K=5,deterministic,asserts-own,F3,35,"""The standard deviation is 0.0 from n=2 identical values."""
R1-539,null_v35k2perm_k5_z,inf,z_score at K=5 (string),deterministic,disputes,F3,35,"""The z_score is reported as 'inf' (a string, not a float -- line 104). This is a division-by-zero artifact"""
R1-540,misc_v35k_null_hypothetical_perms,10 or 100,permutations (hypothetical),method-parameter,asserts-own,F3,35,"""With 10 or 100 permutations, the K=5 null count might range from 0 to 5"""
R1-541,misc_v35k_null_hypothetical_k5_range,0 to 5,null count range at K=5 (hypothetical),deterministic,asserts-own,F3,35,"""the K=5 null count might range from 0 to 5, producing a finite and meaningful Z-score"""
R1-542,run_v35k_null_permutations,n=2,permutations (identical values),method-parameter,asserts-own,F3,35,"""The standard deviation is 0.0 from n=2 identical values."""
R1-543,run_v35k_null_min_count,"1,090",min_count (35K null model),method-parameter,asserts-own,F3,37,"""The 35K null uses min_count=1,090 (approximately 0.001% of 109M transactions, line 6-7)"""
R1-544,run_v35k_null_support_pct,0.001%,support (35K null),method-parameter,asserts-own,F3,37,"""min_count=1,090 (approximately 0.001% of 109M transactions"""
R1-545,run_v35k_n_transactions,109M,transactions (35K dataset),deterministic,asserts-own,F3,37,"""(approximately 0.001% of 109M transactions, line 6-7)"""
R1-546,run_v35k_min_count,"1,093",min_count (35K mining campaign),method-parameter,asserts-own,F3,37,"""The 35K mining campaign uses min_count=1,093 (0.001%, line 9 of the direct_vs_son file)"""
R1-547,run_v35k_support_pct,0.001%,support (35K mining),method-parameter,asserts-own,F3,37,"""The 35K mining campaign uses min_count=1,093 (0.001%"""
R1-548,run_opus_min_count,8,min_count (paper Opus threshold),method-parameter,quotes-paper,F3,37,"""neither matches the paper's Opus threshold (min_count=8)"""
R1-549,null_permutations,5,perms (1K null),method-parameter,quotes-paper,F3,39,"""In the 1K-feature null model (5 perms), K=2 was depleted (Z=-987) and K=3 was depleted (Z=-143)"""
R1-550,null_k2_z,-987,Z at K=2 (1K),deterministic,quotes-paper,F3,39,"""K=2 was depleted (Z=-987) and K=3 was depleted (Z=-143)"""
R1-551,null_k3_z,-143,Z at K=3 (1K),deterministic,quotes-paper,F3,39,"""K=2 was depleted (Z=-987) and K=3 was depleted (Z=-143)"""
R1-552,run_v35k_null_permutations,2,perms (35K null),method-parameter,asserts-own,F3,39,"""In the 35K-feature null model (2 perms), K=2 is again depleted (Z=-102)"""
R1-553,null_v35k2perm_k2_z,-102,Z at K=2 (35K),deterministic,asserts-own,F3,39,"""K=2 is again depleted (Z=-102) but K=3 is now massively enriched (Z=+723)"""
R1-554,null_v35k2perm_k3_z,+723,Z at K=3 (35K),deterministic,asserts-own,F3,39,"""K=3 is now massively enriched (Z=+723)"""
R1-555,run_v35k_null_perms_requested,100+,"permutations (requested, 35K)",method-parameter,requests,F3,43,"""Run 100+ permutations at min_count=1,093 on the 35K dataset."""
R1-556,run_v35k_min_count,"1,093",min_count (requested run),method-parameter,requests,F3,43,"""Run 100+ permutations at min_count=1,093 on the 35K dataset."""
R1-557,run_v35k_null_per_perm_time_s,~655,"s per permutation (35K, 4xH200)",hardware-dependent,asserts-own,F3,43,"""At ~655s per permutation on 4xH200, 100 permutations = ~18 hours, 200 = ~36 hours."""
R1-558,run_v35k_n_gpus,4xH200,GPUs,hardware-dependent,asserts-own,F3,43,"""At ~655s per permutation on 4xH200"""
R1-559,run_v35k_null_perms_requested,100,permutations,method-parameter,asserts-own,F3,43,"""100 permutations = ~18 hours, 200 = ~36 hours"""
R1-560,cost_null_100perm_v35k_hours,~18,"hours (100 perms, 35K)",hardware-dependent,asserts-own,F3,43,"""100 permutations = ~18 hours, 200 = ~36 hours"""
R1-561,run_v35k_null_perms_requested,200,permutations,method-parameter,asserts-own,F3,43,"""100 permutations = ~18 hours, 200 = ~36 hours"""
R1-562,cost_null_200perm_v35k_hours,~36,"hours (200 perms, 35K)",hardware-dependent,asserts-own,F3,43,"""100 permutations = ~18 hours, 200 = ~36 hours"""
R1-563,null_permutations,5,perms (1K null),method-parameter,quotes-paper,F3,43,"""The 1K-feature null model (5 perms, ~86s/perm) should also be expanded to 100+ perms."""
R1-564,null_per_perm_time_s,~86,s per permutation (1K),hardware-dependent,asserts-own,F3,43,"""The 1K-feature null model (5 perms, ~86s/perm) should also be expanded to 100+ perms."""
R1-565,null_perms_for_p001,100+,"perms (requested, 1K)",method-parameter,requests,F3,43,"""should also be expanded to 100+ perms"""
R1-566,meta_review_f3_severity_major2,7/10,severity (M2),external-fact,asserts-own,F3,45,"""M2. GO true-path inflation: partially addressed by the K-drop but still unquantified [Severity: 7/10]"""
R1-567,run_opus_kmax,22,K_max (1K features),deterministic,quotes-paper,F3,47,"""The K_max drop from 22 (1K features) to 17 (35K features) is striking."""
R1-568,run_v35k_kmax,17,K_max (35K features),deterministic,asserts-own,F3,47,"""The K_max drop from 22 (1K features) to 17 (35K features) is striking."""
R1-569,misc_hypothetical_redundant_pairs_1k_pct,30%,"redundant GO pairs (hypothetical, 1K)",deterministic,asserts-own,F3,51,"""If the 1K vocabulary has 30% redundant pairs and the 35K has 5%, this explains the K-drop"""
R1-570,misc_hypothetical_redundant_pairs_v35k_pct,5%,"redundant GO pairs (hypothetical, 35K)",deterministic,asserts-own,F3,51,"""If the 1K vocabulary has 30% redundant pairs and the 35K has 5%"""
R1-571,run_opus_kmax,22,K (itemset with GO inflation),deterministic,quotes-paper,F3,53,"""The K=22 itemset from the 1K-feature analysis contains verified GO hierarchy inflation"""
R1-572,k22_independent_features,19-20,corrected independent K,deterministic,disputes,F3,53,"""The corrected independent K is approximately 19-20."""
R1-573,run_v35k_kmax,17,K (35K itemset needing scrutiny),deterministic,asserts-own,F3,55,"""The 35K K=17 itemset needs the same scrutiny."""
R1-574,run_v35k_kmax,17,co-occurring features (requested listing),deterministic,requests,F3,55,"""What are the 17 co-occurring features in the K=17 pattern?"""
R1-575,meta_review_f3_severity_major3,5/10,"severity (M3, current)",external-fact,asserts-own,F3,57,"""M3. SON comparison ... [Severity: 5/10, improved from 8/10]"""
R1-576,meta_review_f3_severity_major3_v1,8/10,"severity (M3, v1)",external-fact,asserts-own,F3,57,"""[Severity: 5/10, improved from 8/10]"""
R1-577,run_v35k_son_chunk_size,40M,"chunk size (SON, transactions)",method-parameter,asserts-own,F3,61,"""'40M chunk x 35K features = 175 GB bitvec exceeds 143 GB H200 VRAM'"""
R1-578,vocab_v35k_items,35K,features (bitvec arithmetic),deterministic,asserts-own,F3,61,"""'40M chunk x 35K features = 175 GB bitvec exceeds 143 GB H200 VRAM'"""
R1-579,mem_v35k_son_bitvec_gb,175,GB (SON bitvec),deterministic,asserts-own,F3,61,"""'40M chunk x 35K features = 175 GB bitvec exceeds 143 GB H200 VRAM'"""
R1-580,hw_h200_vram_gb,143,GB (H200 VRAM),hardware-dependent,asserts-own,F3,61,"""'40M chunk x 35K features = 175 GB bitvec exceeds 143 GB H200 VRAM' (son_status: FAILED_OOM_HUNG)"""
R1-581,hw_h200_vram_gb,143,GB (H200 VRAM),hardware-dependent,asserts-own,F3,63,"""the highest-end GPU available (NVIDIA H200 at 143 GB)"""
R1-582,mem_v35k_son_max_chunk_size,<33M,chunk_size required to fit,deterministic,asserts-own,F3,63,"""you would need chunk_size < 33M, which at 109M transactions means 4+ chunks"""
R1-583,run_v35k_n_transactions,109M,transactions,deterministic,asserts-own,F3,63,"""which at 109M transactions means 4+ chunks with proportionally worse miss rates"""
R1-584,mem_v35k_son_min_chunks,4+,chunks,deterministic,asserts-own,F3,63,"""at 109M transactions means 4+ chunks with proportionally worse miss rates"""
R1-585,mem_v35k_son_feasible_chunk_size,20M,chunk_size (feasible SON),method-parameter,asserts-own,F3,67,"""chunk_size=20M x 35K features = ~87 GB, fitting on an H200. This would create 6 chunks"""
R1-586,mem_v35k_son_bitvec_20m_gb,~87,GB (bitvec at 20M chunk),deterministic,asserts-own,F3,67,"""chunk_size=20M x 35K features = ~87 GB, fitting on an H200"""
R1-587,mem_v35k_son_chunks_at_20m,6,chunks,deterministic,asserts-own,F3,67,"""This would create 6 chunks with terrible miss rates"""
R1-588,son_miss_rate_pct,95.2%,SON miss rate (1K),deterministic,quotes-paper,F3,69,"""The SON infeasibility at 35K is a STRONGER argument than the 1K 95.2% miss rate."""
R1-589,run_v35k_n_runs,3 (Three),Direct GPU runs,method-parameter,asserts-own,F3,73,"""Three Direct GPU runs with mean=606,292, std=28, CV=0.0046% demonstrates excellent reproducibility"""
R1-590,run_v35k_itemsets,"606,292",mean itemsets,deterministic,asserts-own,F3,73,"""Three Direct GPU runs with mean=606,292, std=28, CV=0.0046%"""
R1-591,run_v35k_itemsets_std,28,std itemsets,deterministic,asserts-own,F3,73,"""Three Direct GPU runs with mean=606,292, std=28, CV=0.0046%"""
R1-592,run_v35k_itemsets_cv_pct,0.0046%,CV of itemset count,deterministic,asserts-own,F3,73,"""Three Direct GPU runs with mean=606,292, std=28, CV=0.0046%"""
R1-593,run_v35k_kmax_per_run,"17, 16, 17",K_max across runs,deterministic,asserts-own,F3,73,"""The slight variation in K_max (17, 16, 17 across runs) at K=17 (with 2, 0, 1 itemsets respectively)"""
R1-594,kdist_v35k_k17_count_per_run,"2, 0, 1",itemsets at K=17 across runs,deterministic,asserts-own,F3,73,"""at K=17 (with 2, 0, 1 itemsets respectively) suggests the boundary itemsets are at the noise floor"""
R1-595,meta_review_f3_severity_major4,8/10,severity (M4),external-fact,asserts-own,F3,75,"""M4. The K-max drop (K=22 -> K=17) demands explanation [Severity: 8/10]"""
R1-596,run_v35k_vs_opus_kmax_change,22 -> 17,K-max drop,deterministic,asserts-own,F3,75,"""M4. The K-max drop (K=22 -> K=17) demands explanation"""
R1-597,vocab_items_frequent,"1,002",features (1K),deterministic,quotes-paper,F3,77,"""When expanding from 1,002 to 34,920 features:"""
R1-598,vocab_v35k_items,"34,920",features (35K),deterministic,asserts-own,F3,77,"""When expanding from 1,002 to 34,920 features:"""
R1-599,run_opus_kmax,22,K_max (1K),deterministic,quotes-paper,F3,78,"""K_max dropped from 22 to 17"""
R1-600,run_v35k_kmax,17,K_max (35K),deterministic,asserts-own,F3,78,"""K_max dropped from 22 to 17"""
R1-601,kdist_opus_peak_k,9,"K (peak, 1K)",deterministic,quotes-paper,F3,79,"""The K-distribution peak shifted from K=9 (1K) to K=7 (35K)"""
R1-602,kdist_v35k_peak_k,7,"K (peak, 35K)",deterministic,asserts-own,F3,79,"""The K-distribution peak shifted from K=9 (1K) to K=7 (35K)"""
R1-603,run_opus_itemsets,26.8M,"itemsets (1K, min_count=8)",deterministic,quotes-paper,F3,80,"""Total itemsets dropped from 26.8M (at min_count=8) to 606K (at min_count=1,093)"""
R1-604,run_opus_min_count,8,min_count (1K Opus),method-parameter,quotes-paper,F3,80,"""Total itemsets dropped from 26.8M (at min_count=8) to 606K (at min_count=1,093)"""
R1-605,run_v35k_itemsets,606K,"itemsets (35K, min_count=1,093)",deterministic,asserts-own,F3,80,"""Total itemsets dropped from 26.8M (at min_count=8) to 606K (at min_count=1,093)"""
R1-606,run_v35k_min_count,"1,093",min_count (35K),method-parameter,asserts-own,F3,80,"""to 606K (at min_count=1,093)"""
R1-607,run_v35k_min_count,"1,093 vs 8",min_count (support threshold difference),method-parameter,asserts-own,F3,82,"""The third point is explained by the higher support threshold (1,093 vs 8)"""
R1-608,run_v35k_min_count,"1,093",min_count (35K experiment),method-parameter,asserts-own,F3,84,"""The 35K experiment uses min_count=1,093 while the 1K Opus run uses min_count=8."""
R1-609,run_opus_min_count,8,min_count (1K Opus run),method-parameter,quotes-paper,F3,84,"""The 35K experiment uses min_count=1,093 while the 1K Opus run uses min_count=8."""
R1-610,run_opus_kmax,22,K (pattern supported by 8 proteins),deterministic,quotes-paper,F3,84,"""The K=22 pattern in the 1K run was supported by exactly 8 proteins -- it would be invisible at min_count=1,093"""
R1-611,k22_support,8,proteins supporting K=22,deterministic,quotes-paper,F3,84,"""The K=22 pattern in the 1K run was supported by exactly 8 proteins"""
R1-612,run_v35k_n_transactions,109M,transactions (assumed same),deterministic,asserts-own,F3,86,"""each feature is present in fewer proteins on average (assuming the same 109M transactions)"""
R1-613,dataset_go_cytoplasm_support,millions,proteins carrying 'cytoplasm' term,deterministic,asserts-own,F3,88,"""removes a term that appeared in millions of proteins, reducing deep co-occurrence potential"""
R1-614,run_v35k_n_gpus,4,GPUs (row-splitting),hardware-dependent,asserts-own,F3,90,"""The 35K runs use 4-GPU row-splitting with local_min_count=274 (line 2 of power_test_v1_full.log)"""
R1-615,run_v35k_local_min_count,274,local_min_count (power test),method-parameter,asserts-own,F3,90,"""4-GPU row-splitting with local_min_count=274 (line 2 of power_test_v1_full.log)"""
R1-616,kdist_v35k_wave3_k2_locally_frequent,"14,800",locally frequent K=2 pairs (union across GPUs),deterministic,asserts-own,F3,90,"""'K=2: 14,800 locally frequent (union across GPUs), 8,554 frequent'"""
R1-617,kdist_v35k_wave3_k2_count,"8,554",globally frequent K=2 pairs,deterministic,asserts-own,F3,90,"""'K=2: 14,800 locally frequent (union across GPUs), 8,554 frequent'"""
R1-618,run_v35k_wave3_k2_local_prune_pct,42%,locally-frequent K=2 pairs failing global recount,deterministic,asserts-own,F3,90,"""shows that 42% of locally-frequent K=2 pairs fail the global recount"""
R1-619,run_opus_min_count,8,min_count (controlled experiment requested),method-parameter,requests,F3,92,"""A controlled experiment would run the 35K features at min_count=8 on a single GPU (if VRAM allows)"""
R1-620,hw_gpu_count,1 (single),GPU (controlled experiment),hardware-dependent,requests,F3,92,"""run the 35K features at min_count=8 on a single GPU (if VRAM allows)"""
R1-621,meta_review_f3_severity_major5,7/10,severity (M5),external-fact,asserts-own,F3,94,"""M5. 8 vs 3 K=22 proteins -- still unresolved [Severity: 7/10]"""
R1-622,k22_script_identified_proteins,8 vs 3,K=22 proteins (support count vs identified),deterministic,disputes,F3,94,"""M5. 8 vs 3 K=22 proteins -- still unresolved"""
R1-623,k22_support,8,proteins (mining result support count),deterministic,quotes-paper,F3,96,"""The discrepancy between 8 proteins (mining result support count) and 3 proteins identified (analysis script fallback heuristic)"""
R1-624,k22_script_identified_proteins,3,proteins identified (analysis script fallback heuristic),deterministic,disputes,F3,96,"""and 3 proteins identified (analysis script fallback heuristic) remains unresolved"""
R1-625,k22_support,8,UniProt accessions (must be named),deterministic,requests,F3,96,"""All 8 UniProt accessions must be named and verified."""
R1-626,meta_review_f3_severity_major6,6/10,severity (M6),external-fact,asserts-own,F3,98,"""M6. Wave 3 partial results hint at massive scale but are incomplete [Severity: 6/10]"""
R1-627,run_v35k_wave3_support_pct,0.1%,support (wave 3),method-parameter,asserts-own,F3,100,"""mining at 0.1% support (min_count=109,225) reaching K=10 with the following per-level counts"""
R1-628,run_v35k_wave3_min_count,"109,225","min_count (wave 3, 0.1%)",method-parameter,asserts-own,F3,100,"""mining at 0.1% support (min_count=109,225) reaching K=10"""
R1-629,run_v35k_wave3_kmax,10,K reached (wave 3),deterministic,asserts-own,F3,100,"""mining at 0.1% support (min_count=109,225) reaching K=10"""
R1-630,kdist_v35k_wave3_k1_count,"1,164",itemsets at K=1 (wave 3),deterministic,asserts-own,F3,104,"table row ""1 / 1,164 / 0.3s"""
R1-631,run_v35k_wave3_k1_cum_time_s,0.3,s cumulative at K=1 (wave 3),hardware-dependent,asserts-own,F3,104,"table row ""1 / 1,164 / 0.3s"""
R1-632,kdist_v35k_wave3_k2_count,"8,554",itemsets at K=2 (wave 3),deterministic,asserts-own,F3,105,"table row ""2 / 8,554 / 1.2s"""
R1-633,run_v35k_wave3_k2_cum_time_s,1.2,s cumulative at K=2 (wave 3),hardware-dependent,asserts-own,F3,105,"table row ""2 / 8,554 / 1.2s"""
R1-634,kdist_v35k_wave3_k3_count,"28,804",itemsets at K=3 (wave 3),deterministic,asserts-own,F3,106,"table row ""3 / 28,804 / 2.0s"""
R1-635,run_v35k_wave3_k3_cum_time_s,2.0,s cumulative at K=3 (wave 3),hardware-dependent,asserts-own,F3,106,"table row ""3 / 28,804 / 2.0s"""
R1-636,kdist_v35k_wave3_k4_count,"88,561",itemsets at K=4 (wave 3),deterministic,asserts-own,F3,107,"table row ""4 / 88,561 / 5.3s"""
R1-637,run_v35k_wave3_k4_cum_time_s,5.3,s cumulative at K=4 (wave 3),hardware-dependent,asserts-own,F3,107,"table row ""4 / 88,561 / 5.3s"""
R1-638,kdist_v35k_wave3_k5_count,"280,784",itemsets at K=5 (wave 3),deterministic,asserts-own,F3,108,"table row ""5 / 280,784 / 17.5s"""
R1-639,run_v35k_wave3_k5_cum_time_s,17.5,s cumulative at K=5 (wave 3),hardware-dependent,asserts-own,F3,108,"table row ""5 / 280,784 / 17.5s"""
R1-640,kdist_v35k_wave3_k6_count,"835,466",itemsets at K=6 (wave 3),deterministic,asserts-own,F3,109,"table row ""6 / 835,466 / 52.1s"""
R1-641,run_v35k_wave3_k6_cum_time_s,52.1,s cumulative at K=6 (wave 3),hardware-dependent,asserts-own,F3,109,"table row ""6 / 835,466 / 52.1s"""
R1-642,kdist_v35k_wave3_k7_count,"2,207,022",itemsets at K=7 (wave 3),deterministic,asserts-own,F3,110,"table row ""7 / 2,207,022 / 145.3s"""
R1-643,run_v35k_wave3_k7_cum_time_s,145.3,s cumulative at K=7 (wave 3),hardware-dependent,asserts-own,F3,110,"table row ""7 / 2,207,022 / 145.3s"""
R1-644,kdist_v35k_wave3_k8_count,"5,063,845",itemsets at K=8 (wave 3),deterministic,asserts-own,F3,111,"table row ""8 / 5,063,845 / 348.5s"""
R1-645,run_v35k_wave3_k8_cum_time_s,348.5,s cumulative at K=8 (wave 3),hardware-dependent,asserts-own,F3,111,"table row ""8 / 5,063,845 / 348.5s"""
R1-646,kdist_v35k_wave3_k9_count,"10,041,611",itemsets at K=9 (wave 3),deterministic,asserts-own,F3,112,"table row ""9 / 10,041,611 / 743.4s"""
R1-647,run_v35k_wave3_k9_cum_time_s,743.4,s cumulative at K=9 (wave 3),hardware-dependent,asserts-own,F3,112,"table row ""9 / 10,041,611 / 743.4s"""
R1-648,kdist_v35k_wave3_k10_locally_frequent,12.5M,locally frequent candidates at K=10 (wave 3),deterministic,asserts-own,F3,113,"table row ""10 / ??? (12.5M locally frequent) / >743s, still running"""
R1-649,run_v35k_wave3_k10_cum_time_s,>743,s at K=10 (still running),hardware-dependent,asserts-own,F3,113,"table row ""10 / ??? (12.5M locally frequent) / >743s, still running"""
R1-650,run_v35k_wave3_vs_v35k_itemsets_ratio,30x,more itemsets per K-level (0.1% vs 0.001% run),deterministic,asserts-own,F3,115,"""This is 30x more itemsets per K-level than the 0.001% run (e.g., K=7: 2.2M vs 64K)"""
R1-651,run_v35k_support_pct,0.001%,support (comparison run),method-parameter,asserts-own,F3,115,"""30x more itemsets per K-level than the 0.001% run"""
R1-652,kdist_v35k_wave3_k7_count,2.2M,itemsets at K=7 (0.1% run),deterministic,asserts-own,F3,115,"""(e.g., K=7: 2.2M vs 64K)"""
R1-653,kdist_v35k_k7_count,64K,itemsets at K=7 (0.001% run),deterministic,asserts-own,F3,115,"""(e.g., K=7: 2.2M vs 64K)"""
R1-654,run_v35k_wave3_kmax,10,K (distribution still growing),deterministic,asserts-own,F3,115,"""the distribution is still growing at K=10"""
R1-655,run_v35k_wave3_itemsets_projected,hundreds of millions,itemsets (projected if wave 3 completes),deterministic,asserts-own,F3,117,"""If this run completes, it could produce hundreds of millions of itemsets at 35K features."""
R1-656,run_v35k_wave3_k9_cum_time_s,12+,minutes at K=9,hardware-dependent,asserts-own,F3,117,"""the runtime (already 12+ minutes at K=9) suggests the full campaign may take hours per threshold"""
R1-657,run_v35k_min_count,"1,093",min_count (power test),method-parameter,asserts-own,F3,119,"""show mining at min_count=1,093 with K=2 taking 586s alone (vs 1.2s at min_count=109,225)"""
R1-658,run_v35k_power_k2_time_s,586,"s (K=2 level at min_count=1,093)",hardware-dependent,asserts-own,F3,119,"""K=2 taking 586s alone (vs 1.2s at min_count=109,225)"""
R1-659,run_v35k_wave3_k2_cum_time_s,1.2,"s (K=2 level at min_count=109,225)",hardware-dependent,asserts-own,F3,119,"""K=2 taking 586s alone (vs 1.2s at min_count=109,225)"""
R1-660,run_v35k_wave3_min_count,"109,225",min_count,method-parameter,asserts-own,F3,119,"""(vs 1.2s at min_count=109,225)"""
R1-661,kdist_v35k_power_k2_count,902K,"frequent pairs (min_count=1,093)",deterministic,asserts-own,F3,119,"""the lower threshold admits 902K frequent pairs vs 8.5K, creating a vastly larger candidate space at K>=3"""
R1-662,kdist_v35k_wave3_k2_count,8.5K,"frequent pairs (min_count=109,225)",deterministic,asserts-own,F3,119,"""admits 902K frequent pairs vs 8.5K"""
R1-663,misc_v35k_power_candidate_space_k,>=3,K (candidate space),deterministic,asserts-own,F3,119,"""creating a vastly larger candidate space at K>=3"""
R1-664,run_v35k_power_kmax,4,K reached (power test),deterministic,asserts-own,F3,119,"""The power test reached K=4 with 17.4M itemsets before apparently stalling."""
R1-665,kdist_v35k_power_k4_count,17.4M,itemsets at K=4 (power test),deterministic,asserts-own,F3,119,"""The power test reached K=4 with 17.4M itemsets before apparently stalling."""
R1-666,run_v35k_itemsets,606K,itemsets at 0.001% support,deterministic,asserts-own,F3,121,"""Presenting 606K itemsets at 0.001% support when the 0.1% run alone produces 10M+ itemsets at K=9 undersells"""
R1-667,run_v35k_support_pct,0.001%,support,method-parameter,asserts-own,F3,121,"""Presenting 606K itemsets at 0.001% support"""
R1-668,run_v35k_wave3_support_pct,0.1%,support,method-parameter,asserts-own,F3,121,"""when the 0.1% run alone produces 10M+ itemsets at K=9"""
R1-669,kdist_v35k_wave3_k9_count,10M+,itemsets at K=9 (0.1% run),deterministic,asserts-own,F3,121,"""the 0.1% run alone produces 10M+ itemsets at K=9"""
R1-670,run_v35k_wave3_last_complete_k,9,K,deterministic,asserts-own,F3,121,"""the 0.1% run alone produces 10M+ itemsets at K=9"""
R1-671,run_v35k_null_permutations,2,permutations (35K),method-parameter,asserts-own,F3,129,"""The 35K null model uses 2 permutations instead of the 1K model's 5."""
R1-672,null_permutations,5,permutations (1K),method-parameter,quotes-paper,F3,129,"""The 35K null model uses 2 permutations instead of the 1K model's 5."""
R1-673,run_v35k_vs_opus_kmax_change,22 -> 17,K drop,deterministic,asserts-own,F3,133,"""The K=22 -> K=17 drop suggests less GO inflation at 35K features, but this is inferential"""
R1-674,run_opus_itemsets,26.8M,itemsets (provenance gap),deterministic,quotes-paper,F3,139,"""M4-v1. 26.8M itemsets data provenance gap [RETAINED, unchanged]"""
R1-675,run_opus_time_min,7.3,minute claim (mining vs total pipeline),hardware-dependent,disputes,F3,141,"""The 7.3-minute claim (mining time vs total pipeline time) is still ambiguous."""
R1-676,k22_script_identified_proteins,8 vs 3,"K=22 proteins (heading, retained from v1)",deterministic,disputes,F3,143,"""M5-v1. 8 vs 3 K=22 proteins [RETAINED as M5 above]"""
R1-677,run_opus_kmax,22,K (heading),deterministic,quotes-paper,F3,143,"""M5-v1. 8 vs 3 K=22 proteins [RETAINED as M5 above]"""
R1-678,meta_review_f3_severity_minor1,3/10,severity (m1),external-fact,asserts-own,F3,151,"""m1. Triplicate reproducibility reveals boundary instability [Severity: 3/10]"""
R1-679,run_v35k_run1_itemsets,"606,319",itemsets (run 1),deterministic,asserts-own,F3,153,"""minor variation in total itemsets (606,319 / 606,293 / 606,263) and K_max (17 / 16 / 17)"""
R1-680,run_v35k_run2_itemsets,"606,293",itemsets (run 2),deterministic,asserts-own,F3,153,"""minor variation in total itemsets (606,319 / 606,293 / 606,263)"""
R1-681,run_v35k_run3_itemsets,"606,263",itemsets (run 3),deterministic,asserts-own,F3,153,"""minor variation in total itemsets (606,319 / 606,293 / 606,263)"""
R1-682,run_v35k_kmax_per_run,17 / 16 / 17,K_max per run,deterministic,asserts-own,F3,153,"""and K_max (17 / 16 / 17)"""
R1-683,kdist_v35k_k17_count_per_run,"2, 0, 1",itemsets at K=17 per run,deterministic,asserts-own,F3,153,"""The K=17 level had 2, 0, and 1 itemsets across runs."""
R1-684,kdist_v35k_k16_count,152,itemsets at K=16 (stable across runs),deterministic,asserts-own,F3,153,"""The K=16 level is stable at 152 across all runs."""
R1-685,run_v35k_kmax,16-17,K_max (recommended reporting),deterministic,requests,F3,155,"""Report K_max as '16-17' with a note that K=17 patterns are at the support boundary."""
R1-686,meta_review_f3_severity_minor2,5/10,severity (m2),external-fact,asserts-own,F3,157,"""m2. The 35K feature vocabulary composition is undocumented [Severity: 5/10]"""
R1-687,vocab_v1_pfam,247,Pfam items (Table 1),deterministic,quotes-paper,F3,159,"""The paper documents the 1K feature vocabulary in Table 1 (247 Pfam, 302 GO:MF, 289 GO:BP, 161 GO:CC, 3 pLDDT)"""
R1-688,vocab_v1_go_mf,302,GO:MF items (Table 1),deterministic,quotes-paper,F3,159,"""Table 1 (247 Pfam, 302 GO:MF, 289 GO:BP, 161 GO:CC, 3 pLDDT)"""
R1-689,vocab_v1_go_bp,289,GO:BP items (Table 1),deterministic,quotes-paper,F3,159,"""Table 1 (247 Pfam, 302 GO:MF, 289 GO:BP, 161 GO:CC, 3 pLDDT)"""
R1-690,vocab_v1_go_cc,161,GO:CC items (Table 1),deterministic,quotes-paper,F3,159,"""Table 1 (247 Pfam, 302 GO:MF, 289 GO:BP, 161 GO:CC, 3 pLDDT)"""
R1-691,vocab_v1_plddt,3,pLDDT items (Table 1),deterministic,quotes-paper,F3,159,"""Table 1 (247 Pfam, 302 GO:MF, 289 GO:BP, 161 GO:CC, 3 pLDDT)"""
R1-692,vocab_v35k_items,"34,920",features (35K vocabulary),deterministic,asserts-own,F3,159,"""What are the 34,920 features?"""
R1-693,kdist_v35k_k1_count,"34,920",frequent items at K=1 (35K logs),deterministic,asserts-own,F3,159,"""The logs show K=1: 34,920 frequent items, suggesting all 34,920 are above the min_count threshold."""
R1-694,misc_v35k_hypothetical_feature_support_range,"1,093-2,000",proteins per feature (hypothetical),deterministic,asserts-own,F3,162,"""If most new features appear in only 1,093-2,000 proteins, they contribute to K=2 pairs but not deep patterns."""
R1-695,vocab_items_frequent,"1,002",original features,deterministic,quotes-paper,F3,163,"""Does the 35K vocabulary include all 1,002 original features?"""
R1-696,meta_review_f3_severity_minor3,5/10,severity (m3),external-fact,asserts-own,F3,165,"""m3. Multi-GPU row-splitting introduces a new approximation [Severity: 5/10]"""
R1-697,run_v35k_n_gpus,4,GPUs (row-splitting),hardware-dependent,asserts-own,F3,167,"""The 35K results use 4-GPU row-splitting (wave3_base_partial.log line 18: local_min_count=27,307 for global min_count=109,225)"""
R1-698,run_v35k_wave3_local_min_count,"27,307",local_min_count (wave 3),method-parameter,asserts-own,F3,167,"""local_min_count=27,307 for global min_count=109,225"""
R1-699,run_v35k_wave3_min_count,"109,225",global min_count (wave 3),method-parameter,asserts-own,F3,167,"""local_min_count=27,307 for global min_count=109,225"""
R1-700,kdist_v35k_wave3_k2_locally_frequent,"14,800",locally frequent K=2 (union),deterministic,asserts-own,F3,167,"""(e.g., line 25: '14,800 locally frequent (union across GPUs), 8,554 frequent')"""
R1-701,kdist_v35k_wave3_k2_count,"8,554",globally frequent K=2,deterministic,asserts-own,F3,167,"""'14,800 locally frequent (union across GPUs), 8,554 frequent'"""
R1-702,run_v35k_wave3_k2_local_prune_pct,42%,candidates pruned by global recount,deterministic,asserts-own,F3,167,"""requiring a global recount that prunes 42% of candidates"""
R1-703,run_v35k_gpu_row_fraction,1/4,fraction of transactions per GPU,method-parameter,asserts-own,F3,169,"""each GPU sees 1/4 of the transactions and applies a reduced local threshold"""
R1-704,son_miss_rate_pct,95.2%,SON miss rate (1K analysis),deterministic,quotes-paper,F3,169,"""The same cascade effect that caused SON to miss 95.2% of patterns in the 1K analysis could be active here"""
R1-705,alg_local_min_count_rule,global/4,local_min_count formula,method-parameter,asserts-own,F3,169,"""(local_min_count = global/4 = exact proportional split)"""
R1-706,meta_review_f3_severity_minor4,4/10,severity (m4),external-fact,asserts-own,F3,173,"""m4. Feature vocabulary expansion justification missing [Severity: 4/10]"""
R1-707,vocab_items_frequent,"1,002",features,deterministic,quotes-paper,F3,175,"""The jump from 1,002 to 34,920 is not a round number and is not motivated in any documentation."""
R1-708,vocab_v35k_items,"34,920",features,deterministic,asserts-own,F3,175,"""The jump from 1,002 to 34,920 is not a round number"""
R1-709,ext_go_protein_binding_prevalence_pct,~60%,of all proteins annotated GO:0005515 protein binding,external-fact,asserts-own,F3,177,"""GO:0005515 protein binding which annotates ~60% of all proteins and creates millions of trivial co-occurrences"""
R1-710,misc_go_protein_binding_trivial_cooccurrences,millions,trivial co-occurrences,deterministic,asserts-own,F3,177,"""annotates ~60% of all proteins and creates millions of trivial co-occurrences"""
R1-711,misc_v35k_hypothetical_median_feature_frequency,<2x min_count,median feature frequency (hypothetical),deterministic,asserts-own,F3,179,"""If median frequency < 2x min_count, most features are barely above the noise floor."""
R1-712,son_speedup,21.4x,speedup (1K SON comparison),hardware-dependent,quotes-paper,F3,181,"""m5. The '21.4x speedup' from v1 is now secondary [Severity: 2/10, reduced from 4/10]"""
R1-713,meta_review_f3_severity_minor5,2/10,"severity (m5, current)",external-fact,asserts-own,F3,181,"""[Severity: 2/10, reduced from 4/10]"""
R1-714,meta_review_f3_severity_minor5_v1,4/10,"severity (m5, v1)",external-fact,asserts-own,F3,181,"""[Severity: 2/10, reduced from 4/10]"""
R1-715,son_speedup,21.4x,speedup,hardware-dependent,quotes-paper,F3,183,"""The 1K SON comparison (21.4x speedup, 95.2% miss rate) is now secondary to the 35K result"""
R1-716,son_miss_rate_pct,95.2%,SON miss rate,deterministic,quotes-paper,F3,183,"""The 1K SON comparison (21.4x speedup, 95.2% miss rate)"""
R1-717,meta_review_f3_severity_minor6,3/10,severity (m6),external-fact,asserts-own,F3,185,"""m6. The 'bell curve' terminology [RETAINED from v1, severity 3/10]"""
R1-718,kdist_v35k_peak_k,7,K (35K distribution peak),deterministic,asserts-own,F3,187,"""The 35K K-distribution peaks at K=7 (64,400 itemsets) and has a different shape than the 1K distribution (peak at K=9)"""
R1-719,kdist_v35k_k7_count,"64,400",itemsets at K=7 (35K),deterministic,asserts-own,F3,187,"""The 35K K-distribution peaks at K=7 (64,400 itemsets)"""
R1-720,kdist_opus_peak_k,9,K (1K distribution peak),deterministic,quotes-paper,F3,187,"""a different shape than the 1K distribution (peak at K=9)"""
R1-721,meta_review_f3_severity_minor7,3/10,severity (m7),external-fact,asserts-own,F3,189,"""m7. Intermediate biological discoveries lack quantitative validation [RETAINED from v1, severity 3/10]"""
R1-722,pattern_k17_support,~611,proteins (approximate count),deterministic,quotes-paper,F3,191,"""The approximate protein counts ('~611 proteins,' '~11,000 proteins') should be exact."""
R1-723,pattern_k13_support,"~11,000",proteins (approximate count),deterministic,quotes-paper,F3,191,"""The approximate protein counts ('~611 proteins,' '~11,000 proteins') should be exact."""
R1-724,meta_review_f3_severity_minor8,4/10,severity (m8),external-fact,asserts-own,F3,193,"""m8. No closed/maximal itemset analysis [RETAINED from v1, severity 4/10]"""
R1-725,run_v35k_itemsets,606K,"itemsets (35K, likely redundant)",deterministic,asserts-own,F3,195,"""The 606K itemsets at 35K features likely include massive redundancy."""
R1-726,meta_review_f3_severity_minor9,3/10,severity (m9),external-fact,asserts-own,F3,197,"""m9. Title claims 'AlphaFold Scale' but mines annotations [RETAINED from v1, severity 3/10]"""
R1-727,meta_review_f3_severity_minor10,2/10,severity (m10),external-fact,asserts-own,F3,201,"""m10. No comparison with cuML/RAPIDS [RETAINED from v1, severity 2/10]"""
R1-728,meta_review_f3_severity_minor11,3/10,"severity (m11, current)",external-fact,asserts-own,F3,205,"""m11. Multi-GPU claims are now substantiated but incompletely [Severity: 3/10, improved from 5/10]"""
R1-729,meta_review_f3_severity_minor11_v1,5/10,"severity (m11, v1)",external-fact,asserts-own,F3,205,"""[Severity: 3/10, improved from 5/10]"""
R1-730,run_v35k_n_gpus,4xH200,GPUs (35K results),hardware-dependent,asserts-own,F3,207,"""The 35K results use 4xH200 GPUs, providing the first multi-GPU evidence."""
R1-731,run_v35k_bitvec_build_time_s,8.9-12.9,s (bitvector build time across runs),hardware-dependent,asserts-own,F3,207,"""The bitvector build time (8.9-12.9s across runs) and per-level times are reported, but speedup vs 1 GPU is not."""
R1-732,hw_gpu_count,1,GPU (baseline missing),hardware-dependent,requests,F3,207,"""but speedup vs 1 GPU is not"""
R1-733,meta_review_f3_severity_minor12,4/10,severity (m12),external-fact,asserts-own,F3,209,"""m12. Runtime comparison across scales is inconsistent [Severity: 4/10]"""
R1-734,vocab_items_frequent,"1,002",features (1K Opus row),deterministic,quotes-paper,F3,213,"table row ""1K Opus / 1,002 / 76.9M / 0.00001% (8) / 1xH100 / 7.3 min / 26.8M"""
R1-735,dataset_multi_feature,76.9M,transactions (1K Opus row),deterministic,quotes-paper,F3,213,"table row ""1K Opus / 1,002 / 76.9M / 0.00001% (8) / 1xH100 / 7.3 min / 26.8M"""
R1-736,run_opus_support_pct,0.00001%,threshold (1K Opus row),method-parameter,quotes-paper,F3,213,"table row ""1K Opus / 1,002 / 76.9M / 0.00001% (8) / 1xH100 / 7.3 min / 26.8M"""
R1-737,run_opus_min_count,8,min_count (1K Opus row),method-parameter,quotes-paper,F3,213,"table row ""1K Opus / 1,002 / 76.9M / 0.00001% (8) / 1xH100 / 7.3 min / 26.8M"""
R1-738,hw_gpu_model,1xH100,GPUs (1K Opus row),hardware-dependent,quotes-paper,F3,213,"table row ""1K Opus / 1,002 / 76.9M / 0.00001% (8) / 1xH100 / 7.3 min / 26.8M"""
R1-739,run_opus_time_min,7.3,min (1K Opus row),hardware-dependent,quotes-paper,F3,213,"table row ""1K Opus / 1,002 / 76.9M / 0.00001% (8) / 1xH100 / 7.3 min / 26.8M"""
R1-740,run_opus_itemsets,26.8M,itemsets (1K Opus row),deterministic,quotes-paper,F3,213,"table row ""1K Opus / 1,002 / 76.9M / 0.00001% (8) / 1xH100 / 7.3 min / 26.8M"""
R1-741,vocab_v35k_items,"34,920",features (35K Base row),deterministic,asserts-own,F3,214,"table row ""35K Base / 34,920 / 109.2M / 0.001% (1,093) / 4xH200 / 10.9 min / 606K"""
R1-742,run_v35k_n_transactions,109.2M,transactions (35K Base row),deterministic,asserts-own,F3,214,"table row ""35K Base / 34,920 / 109.2M / 0.001% (1,093) / 4xH200 / 10.9 min / 606K"""
R1-743,run_v35k_support_pct,0.001%,threshold (35K Base row),method-parameter,asserts-own,F3,214,"table row ""35K Base / 34,920 / 109.2M / 0.001% (1,093) / 4xH200 / 10.9 min / 606K"""
R1-744,run_v35k_min_count,"1,093",min_count (35K Base row),method-parameter,asserts-own,F3,214,"table row ""35K Base / 34,920 / 109.2M / 0.001% (1,093) / 4xH200 / 10.9 min / 606K"""
R1-745,run_v35k_n_gpus,4xH200,GPUs (35K Base row),hardware-dependent,asserts-own,F3,214,"table row ""35K Base / 34,920 / 109.2M / 0.001% (1,093) / 4xH200 / 10.9 min / 606K"""
R1-746,run_v35k_time_min,10.9,min (35K Base row),hardware-dependent,asserts-own,F3,214,"table row ""35K Base / 34,920 / 109.2M / 0.001% (1,093) / 4xH200 / 10.9 min / 606K"""
R1-747,run_v35k_itemsets,606K,itemsets (35K Base row),deterministic,asserts-own,F3,214,"table row ""35K Base / 34,920 / 109.2M / 0.001% (1,093) / 4xH200 / 10.9 min / 606K"""
R1-748,run_v35k_vs_opus_gpu_ratio,4x,more GPUs (35K vs 1K),hardware-dependent,asserts-own,F3,216,"""The 35K run uses 4x more GPUs, 100x higher threshold, and still takes 50% longer."""
R1-749,run_v35k_vs_opus_support_ratio,100x,higher threshold (35K vs 1K),method-parameter,asserts-own,F3,216,"""The 35K run uses 4x more GPUs, 100x higher threshold, and still takes 50% longer."""
R1-750,run_v35k_vs_opus_time_ratio,50%,longer runtime (35K vs 1K),hardware-dependent,asserts-own,F3,216,"""and still takes 50% longer"""
R1-751,vocab_v35k_expansion_ratio,35x,more features / larger bitvectors,deterministic,asserts-own,F3,216,"""This is expected (35x more features = 35x larger bitvectors = memory-bandwidth bound)"""
R1-752,mem_v35k_bitvec_per_gpu_gb,~119,GB bitvector matrix per GPU (35K),deterministic,asserts-own,F3,224,"""The 35K bitvector matrix is ~119 GB per GPU (line 3 of power_test logs), requiring 4-GPU row-splitting."""
R1-753,run_v35k_n_gpus,4,GPUs (row-splitting required),hardware-dependent,asserts-own,F3,224,"""requiring 4-GPU row-splitting"""
R1-754,kdist_opus_peak_k,9,"K (peak, 1K)",deterministic,quotes-paper,F3,228,"""The peak shifting from K=9 (1K) to K=7 (35K) with a characteristic unimodal shape in both cases"""
R1-755,kdist_v35k_peak_k,7,"K (peak, 35K)",deterministic,asserts-own,F3,228,"""The peak shifting from K=9 (1K) to K=7 (35K)"""
R1-756,meta_review_f3_vocab_scales,2 (two),vocabulary scales demonstrated,external-fact,asserts-own,F3,236,"""demonstrated at two vocabulary scales (1K and 35K) and two hardware configurations (1xH100 and 4xH200)"""
R1-757,meta_review_f3_hardware_configs,2 (two),"hardware configurations (1xH100, 4xH200)",hardware-dependent,asserts-own,F3,236,"""two hardware configurations (1xH100 and 4xH200)"""
R1-758,run_v35k_wave3_support_pct,0.1%,support (wave 3),method-parameter,asserts-own,F3,236,"""mining at 0.1% support can discover tens of millions of itemsets at 35K features"""
R1-759,run_v35k_wave3_itemsets_projected,tens of millions,itemsets (wave 3 projection),deterministic,asserts-own,F3,236,"""mining at 0.1% support can discover tens of millions of itemsets at 35K features, though this run is incomplete"""
R1-760,mem_v35k_son_bitvec_gb,175,GB (SON bitvec),deterministic,asserts-own,F3,240,"""The 175 GB bitvec calculation (40M chunk x 35K features) is straightforward and verifiable."""
R1-761,run_v35k_son_chunk_size,40M,chunk (SON),method-parameter,asserts-own,F3,240,"""The 175 GB bitvec calculation (40M chunk x 35K features)"""
R1-762,run_v35k_itemsets_cv_pct,0.0046%,CV (triplicate),deterministic,asserts-own,F3,244,"""The 35K direct GPU runs demonstrate excellent reproducibility (CV=0.0046%)."""
R1-763,null_permutations,5,perms (1K null),method-parameter,quotes-paper,F3,248,"""Both the 1K (5 perms) and 35K (2 perms) null models show the same qualitative pattern"""
R1-764,run_v35k_null_permutations,2,perms (35K null),method-parameter,asserts-own,F3,248,"""Both the 1K (5 perms) and 35K (2 perms) null models show the same qualitative pattern"""
R1-765,null_depleted_k,2,K (depleted in both nulls),deterministic,asserts-own,F3,248,"""depleted K=2, enriched K>=3 (35K) or K>=4 (1K), null collapse well before the biological K_max"""
R1-766,run_v35k_null_enriched_from_k,>=3,"K (enriched, 35K)",deterministic,asserts-own,F3,248,"""enriched K>=3 (35K) or K>=4 (1K)"""
R1-767,null_enriched_from_k,>=4,"K (enriched, 1K)",deterministic,quotes-paper,F3,248,"""enriched K>=3 (35K) or K>=4 (1K)"""
R1-768,null_perms_for_p001,100+,null-model permutations (both scales),method-parameter,requests,F3,258,"""R1. Run 100+ null model permutations at BOTH scales [CRITICAL]"""
R1-769,run_v35k_null_perms_requested,100,perms (35K),method-parameter,requests,F3,262,"""35K features: 100 perms x ~655s / 4 GPUs = ~4.5 hours. 200 perms = ~9 hours."""
R1-770,run_v35k_null_per_perm_time_s,~655,s per perm (35K),hardware-dependent,asserts-own,F3,262,"""35K features: 100 perms x ~655s / 4 GPUs = ~4.5 hours."""
R1-771,run_v35k_n_gpus,4,GPUs,hardware-dependent,asserts-own,F3,262,"""100 perms x ~655s / 4 GPUs = ~4.5 hours"""
R1-772,cost_null_100perm_v35k_hours,~4.5,"hours (100 perms, 35K)",hardware-dependent,asserts-own,F3,262,"""100 perms x ~655s / 4 GPUs = ~4.5 hours"""
R1-773,run_v35k_null_perms_requested,200,perms (35K),method-parameter,requests,F3,262,"""200 perms = ~9 hours"""
R1-774,cost_null_200perm_v35k_hours,~9,"hours (200 perms, 35K)",hardware-dependent,asserts-own,F3,262,"""200 perms = ~9 hours"""
R1-775,null_perms_for_p001,100,perms (1K),method-parameter,requests,F3,263,"""1K features: 100 perms x ~86s / 1 GPU = ~2.4 hours."""
R1-776,null_per_perm_time_s,~86,s per perm (1K),hardware-dependent,asserts-own,F3,263,"""1K features: 100 perms x ~86s / 1 GPU = ~2.4 hours."""
R1-777,hw_gpu_count,1,GPU (1K null),hardware-dependent,asserts-own,F3,263,"""100 perms x ~86s / 1 GPU = ~2.4 hours"""
R1-778,cost_null_100perm_1k_hours,~2.4,"hours (100 perms, 1K)",hardware-dependent,asserts-own,F3,263,"""100 perms x ~86s / 1 GPU = ~2.4 hours"""
R1-779,cost_null_perms_cloud_usd,~$50-100,USD (cloud H200 cost for permutations),hardware-dependent,asserts-own,F3,267,"""Estimated cost: ~$50-100 on cloud H200 instances. Trivial for a Nature Methods submission."""
R1-780,run_opus_min_count,8,min_count (controlled 35K run),method-parameter,requests,F3,271,"""Run 35K features at min_count=8 on a single GPU (if ~119 GB fits on H200) or the smallest feasible threshold."""
R1-781,hw_gpu_count,1 (single),GPU,hardware-dependent,requests,F3,271,"""Run 35K features at min_count=8 on a single GPU"""
R1-782,mem_v35k_bitvec_per_gpu_gb,~119,GB (bitvector to fit on H200),deterministic,asserts-own,F3,271,"""(if ~119 GB fits on H200)"""
R1-783,misc_v35k_minc8_hypothetical_kmax,~17,K_max (if unchanged at low threshold),deterministic,asserts-own,F3,271,"""If K_max stays at ~17 even at low threshold, the drop is due to feature dilution or GO hierarchy effects"""
R1-784,misc_v35k_minc8_hypothetical_kmax,22,K_max (if it rises toward),deterministic,asserts-own,F3,271,"""If K_max rises toward 22, the drop is purely a threshold effect"""
R1-785,run_v35k_wave3_support_pct,0.1%,support (wave 3),method-parameter,asserts-own,F3,279,"""The wave 3 partial shows the 35K feature set at 0.1% support producing millions of itemsets per K-level."""
R1-786,run_v35k_wave3_itemsets_per_level,millions,itemsets per K-level,deterministic,asserts-own,F3,279,"""producing millions of itemsets per K-level"""
R1-787,run_v35k_support_pct,0.001%,support (power test),method-parameter,asserts-own,F3,279,"""lower thresholds (0.001%) produce 900K+ frequent pairs and 17M+ K=4 itemsets"""
R1-788,kdist_v35k_power_k2_count,900K+,frequent pairs (0.001%),deterministic,asserts-own,F3,279,"""lower thresholds (0.001%) produce 900K+ frequent pairs and 17M+ K=4 itemsets"""
R1-789,kdist_v35k_power_k4_count,17M+,K=4 itemsets (0.001%),deterministic,asserts-own,F3,279,"""produce 900K+ frequent pairs and 17M+ K=4 itemsets"""
R1-790,run_v35k_n_gpus,4xH200,GPUs (feasibility),hardware-dependent,asserts-own,F3,279,"""suggesting the full campaign at low support may be computationally infeasible on 4xH200"""
R1-791,k22_support,8,K=22 proteins to name (heading),deterministic,requests,F3,281,"""R5. Name the 8 K=22 proteins [HIGH PRIORITY, from v1]"""
R1-792,run_opus_kmax,22,K (heading),deterministic,quotes-paper,F3,281,"""R5. Name the 8 K=22 proteins [HIGH PRIORITY, from v1]"""
R1-793,k22_support,8,K=22 proteins (to name),deterministic,requests,F3,283,"""R5. Name the 8 K=22 proteins [HIGH PRIORITY, from v1] ... Resolve the 8-vs-3 discrepancy."""
R1-794,run_opus_kmax,22,K,deterministic,quotes-paper,F3,283,"""R5. Name the 8 K=22 proteins"""
R1-795,k22_script_identified_proteins,8-vs-3,K=22 protein count discrepancy,deterministic,disputes,F3,283,"""Cross-reference with UniProt. Resolve the 8-vs-3 discrepancy."""
R1-796,run_v35k_itemsets,606K,"itemsets (raw, 35K)",deterministic,asserts-own,F3,287,"""The 606K number may collapse to 50K-100K closed itemsets."""
R1-797,run_v35k_closed_itemsets,50K-100K,closed itemsets (projected),deterministic,asserts-own,F3,287,"""The 606K number may collapse to 50K-100K closed itemsets."""
R1-798,run_v35k_wave3_k2_local_prune_pct,42%,K=2 candidates pruned by locally-frequent union,deterministic,asserts-own,F3,291,"""The locally-frequent union step prunes 42% of K=2 candidates -- what is the analogous pruning at K>=5?"""
R1-799,misc_f3_prune_analysis_k,>=5,K (pruning analysis requested),deterministic,requests,F3,291,"""what is the analogous pruning at K>=5?"""
R1-800,run_v35k_n_transactions,109M,transactions (35K),deterministic,asserts-own,F3,299,"""The 109M transactions (35K features) vs 76.9M (1K features) difference suggests the 35K vocabulary includes more organisms."""
R1-801,dataset_multi_feature,76.9M,transactions (1K),deterministic,quotes-paper,F3,299,"""The 109M transactions (35K features) vs 76.9M (1K features) difference"""
R1-802,vocab_items_frequent,"1,002",original features,deterministic,quotes-paper,F3,309,"""Are the 1,002 original features a subset of the 34,920?"""
R1-803,vocab_v35k_items,"34,920",features (35K),deterministic,asserts-own,F3,309,"""Are the 1,002 original features a subset of the 34,920?"""
R1-804,meta_review_f3_vocab_scales,2 (Two),data points (vocabulary scales),external-fact,asserts-own,F3,313,"""Two data points (1K: peak=9, K_max=22; 35K: peak=7, K_max=17) suggest an inverse relationship"""
R1-805,kdist_opus_peak_k,9,K peak (1K),deterministic,quotes-paper,F3,313,"""(1K: peak=9, K_max=22; 35K: peak=7, K_max=17)"""
R1-806,run_opus_kmax,22,K_max (1K),deterministic,quotes-paper,F3,313,"""(1K: peak=9, K_max=22; 35K: peak=7, K_max=17)"""
R1-807,kdist_v35k_peak_k,7,K peak (35K),deterministic,asserts-own,F3,313,"""(1K: peak=9, K_max=22; 35K: peak=7, K_max=17)"""
R1-808,run_v35k_kmax,17,K_max (35K),deterministic,asserts-own,F3,313,"""(1K: peak=9, K_max=22; 35K: peak=7, K_max=17)"""
R1-809,null_kmax,6,"null K_max (1K, 5 perms)",deterministic,quotes-paper,F3,317,"""The null K_max is 6 (1K, 5 perms) vs 5 (35K, 2 perms)."""
R1-810,null_permutations,5,perms (1K),method-parameter,quotes-paper,F3,317,"""The null K_max is 6 (1K, 5 perms) vs 5 (35K, 2 perms)."""
R1-811,run_v35k_null_kmax,5,"null K_max (35K, 2 perms)",deterministic,asserts-own,F3,317,"""The null K_max is 6 (1K, 5 perms) vs 5 (35K, 2 perms)."""
R1-812,run_v35k_null_permutations,2,perms (35K),method-parameter,asserts-own,F3,317,"""The null K_max is 6 (1K, 5 perms) vs 5 (35K, 2 perms)."""
R1-813,null_kmax_bio_ratio,~3.5x,biological/null K_max ratio (1K: 6->22),deterministic,asserts-own,F3,317,"""If the null-to-biological K_max ratio is approximately constant (~3.5x for 1K: 6->22; ~3.4x for 35K: 5->17)"""
R1-814,null_v35k2perm_kmax_bio_ratio,~3.4x,biological/null K_max ratio (35K: 5->17),deterministic,asserts-own,F3,317,"""(~3.5x for 1K: 6->22; ~3.4x for 35K: 5->17)"""
R1-815,dataset_multi_feature,76.9M,transactions (1K run),deterministic,quotes-paper,F3,321,"""The 1K run processes 76.9M transactions x 1,002 features in 7.3 min on 1xH100."""
R1-816,vocab_items_frequent,"1,002",features (1K run),deterministic,quotes-paper,F3,321,"""The 1K run processes 76.9M transactions x 1,002 features in 7.3 min on 1xH100."""
R1-817,run_opus_time_min,7.3,min (1K run),hardware-dependent,quotes-paper,F3,321,"""The 1K run processes 76.9M transactions x 1,002 features in 7.3 min on 1xH100."""
R1-818,hw_gpu_model,1xH100,GPUs (1K run),hardware-dependent,quotes-paper,F3,321,"""in 7.3 min on 1xH100"""
R1-819,run_v35k_n_transactions,109M,transactions (35K run),deterministic,asserts-own,F3,321,"""The 35K run processes 109M transactions x 34,920 features in 10.9 min on 4xH200."""
R1-820,vocab_v35k_items,"34,920",features (35K run),deterministic,asserts-own,F3,321,"""The 35K run processes 109M transactions x 34,920 features in 10.9 min on 4xH200."""
R1-821,run_v35k_time_min,10.9,min (35K run),hardware-dependent,asserts-own,F3,321,"""The 35K run processes 109M transactions x 34,920 features in 10.9 min on 4xH200."""
R1-822,run_v35k_n_gpus,4xH200,GPUs (35K run),hardware-dependent,asserts-own,F3,321,"""in 10.9 min on 4xH200"""
R1-823,run_v35k_vs_opus_throughput_ratio,~50x,more feature-transaction-products per GPU-second (35K vs 1K),hardware-dependent,asserts-own,F3,321,"""Normalized: the 35K run achieves ~50x more feature-transaction-products per GPU-second"""
R1-824,run_v35k_null_permutations,2,"permutations (35K null, 'new concern')",method-parameter,asserts-own,F3,327,"""while creating new ones (K-max drop explanation, 2-perm null model, incomplete campaigns, multi-GPU approximation error)"""
R1-825,null_permutations,5,"perms (1K null, 'weak')",method-parameter,quotes-paper,F3,329,"""the null model has regressed from weak (5 perms) to indefensible (2 perms)"""
R1-826,run_v35k_null_permutations,2,"perms (35K null, 'indefensible')",method-parameter,asserts-own,F3,329,"""the null model has regressed from weak (5 perms) to indefensible (2 perms)"""
R1-827,null_perms_for_p001,100+,permutations (condition for minor revision),method-parameter,requests,F3,333,"""If the authors run 100+ permutations and explain the K-max drop, the paper moves from 'major revision' to 'minor revision.'"""
R1-828,meta_review_f3_severity_major1,9/10,"severity (M1, summary table)",external-fact,asserts-own,F3,341,"severity table ""M1: Null model permutation count (now n=2) / 9/10 / ESCALATED"""
R1-829,run_v35k_null_permutations,n=2,permutations (35K null),method-parameter,asserts-own,F3,341,"severity table ""M1: Null model permutation count (now n=2)"""
R1-830,meta_review_f3_severity_major2,7/10,"severity (M2, summary table)",external-fact,asserts-own,F3,342,"severity table ""M2: GO hierarchy inflation unquantified / 7/10"""
R1-831,meta_review_f3_severity_major3,5/10,"severity (M3, summary table)",external-fact,asserts-own,F3,343,"severity table ""M3: SON comparison framing / 5/10"""
R1-832,meta_review_f3_severity_major4,8/10,"severity (M4, summary table)",external-fact,asserts-own,F3,344,"severity table ""M4: K-max drop unexplained (NEW) / 8/10"""
R1-833,meta_review_f3_severity_major5,7/10,"severity (M5, summary table)",external-fact,asserts-own,F3,345,"severity table ""M5: 8 vs 3 K=22 proteins / 7/10 / Unchanged"""
R1-834,k22_script_identified_proteins,8 vs 3,K=22 proteins (summary table),deterministic,disputes,F3,345,"severity table ""M5: 8 vs 3 K=22 proteins / 7/10 / Unchanged"""
R1-835,meta_review_f3_severity_major6,6/10,"severity (M6, summary table)",external-fact,asserts-own,F3,346,"severity table ""M6: Wave 3 incomplete (NEW) / 6/10"""
