claim_id,qkey,value,unit,category,file,line,quoted_context
L-001,meta_log_file_provenance,mtime 2026-09-01 22:47 UTC; size 2194 B; git-added 6f789d8 2026-08-31 22:39:15 +0000,timestamp,software,bench/results/2026-08-31-3090x2/env.txt,(file),"filesystem mtime = git checkout time, not original creation time"
L-002,meta_log_file_provenance,mtime 2026-09-01 22:47 UTC; size 3192 B; git-added 6f789d8 2026-08-31 22:39:15 +0000,timestamp,software,bench/results/2026-08-31-3090x2/report.md,(file),"filesystem mtime = git checkout time, not original creation time"
L-003,meta_log_file_provenance,mtime 2026-09-01 22:47 UTC; size 4634 B; git-added 6f789d8 2026-08-31 22:39:15 +0000 (follow-up note b1f147e),timestamp,software,bench/results/2026-08-31-3090x2/FINDINGS.md,(file),"filesystem mtime = git checkout time, not original creation time"
L-004,meta_log_file_provenance,mtime 2026-09-01 22:47 UTC; size 33942 B; git-added 6f789d8 2026-08-31 22:39:15 +0000,timestamp,software,bench/results/2026-08-31-3090x2/raw.jsonl,(file),"filesystem mtime = git checkout time, not original creation time"
L-005,meta_log_file_provenance,mtime 2026-09-01 22:47 UTC; size 2194 B; git-added b1f147e 2026-09-01 20:11:16 +0000,timestamp,software,bench/results/2026-09-01-3090x2-sparse/env.txt,(file),"filesystem mtime = git checkout time, not original creation time"
L-006,meta_log_file_provenance,mtime 2026-09-01 22:47 UTC; size 1551 B; git-added b1f147e 2026-09-01 20:11:16 +0000,timestamp,software,bench/results/2026-09-01-3090x2-sparse/report.md,(file),"filesystem mtime = git checkout time, not original creation time"
L-007,meta_log_file_provenance,mtime 2026-09-01 22:47 UTC; size 4375 B; git-added b1f147e 2026-09-01 20:11:16 +0000,timestamp,software,bench/results/2026-09-01-3090x2-sparse/FINDINGS.md,(file),"filesystem mtime = git checkout time, not original creation time"
L-008,meta_log_file_provenance,mtime 2026-09-01 22:47 UTC; size 18932 B; git-added b1f147e 2026-09-01 20:11:16 +0000,timestamp,software,bench/results/2026-09-01-3090x2-sparse/raw.jsonl,(file),"filesystem mtime = git checkout time, not original creation time"
L-009,meta_log_file_provenance,mtime 2026-09-01 22:48 UTC; size 1110 B; git-added 65d9098 2026-08-31 21:46:33 +0200 (Et9797),timestamp,software,applications/alphafold/results_214m/experiment_direct_vs_son_20260219_050326.json,(file),"filesystem mtime = git checkout time, not original creation time"
L-010,meta_log_file_provenance,mtime 2026-09-01 22:48 UTC; size 4676 B; git-added 65d9098 2026-08-31 21:46:33 +0200 (Et9797),timestamp,software,applications/alphafold/results_214m/experiment_null_model_20260219_061046.json,(file),"filesystem mtime = git checkout time, not original creation time"
L-011,meta_log_file_provenance,mtime 2026-09-01 22:48 UTC; size 4749057 B; git-added 65d9098 2026-08-31 21:46:33 +0200 (Et9797),timestamp,software,applications/alphafold/results_214m/decoded_top_k_patterns.txt,(file),"filesystem mtime = git checkout time, not original creation time"
L-012,meta_log_file_provenance,mtime 2026-09-01 22:48 UTC; size 17193 B; git-added 65d9098 2026-08-31 21:46:33 +0200 (Et9797),timestamp,software,applications/alphafold/results_214m/GLOSSARY.md,(file),"filesystem mtime = git checkout time, not original creation time"
L-013,meta_log_file_provenance,mtime 2026-09-01 22:48 UTC; size 111866 B; git-added 65d9098 2026-08-31 21:46:33 +0200 (Et9797),timestamp,software,applications/alphafold/experiments/analysis_alpha_centauri.ipynb,(file),"filesystem mtime = git checkout time, not original creation time"
L-014,meta_log_file_provenance,mtime 2026-09-01 22:48 UTC; size 7790 B; git-added 65d9098 2026-08-31 21:46:33 +0200 (Et9797),timestamp,software,applications/alphafold/deploy/RUNBOOK_base214m.md,(file),"filesystem mtime = git checkout time, not original creation time"
L-015,meta_log_bench_0831_git_sha,5a8e59f8493622f623eae97daed02d460ec80389,git sha,software,bench/results/2026-08-31-3090x2/env.txt,2,$ git rev-parse HEAD → 5a8e59f8493622f623eae97daed02d460ec80389
L-016,meta_log_bench_0831_nvidia_smi_timestamp,Mon Aug 31 20:52:51 2026,timestamp,hardware-dependent,bench/results/2026-08-31-3090x2/env.txt,6,nvidia-smi banner: Mon Aug 31 20:52:51 2026
L-017,sw_bench_driver_version,580.159.03,driver version,software,bench/results/2026-08-31-3090x2/env.txt,8,NVIDIA-SMI 580.159.03 Driver Version: 580.159.03 CUDA Version: 13.0
L-018,sw_bench_cuda_version,13.0,CUDA version,software,bench/results/2026-08-31-3090x2/env.txt,8,CUDA Version: 13.0
L-019,hw_bench_gpu_model,"NVIDIA GeForce RTX 3090 (GPU 0, bus 01:00.0)",GPU model,hardware-dependent,bench/results/2026-08-31-3090x2/env.txt,14,0  NVIDIA GeForce RTX 3090  On  00000000:01:00.0 Off
L-020,hw_bench_gpu_vram_mib,24576,MiB VRAM,hardware-dependent,bench/results/2026-08-31-3090x2/env.txt,15,1MiB / 24576MiB
L-021,hw_bench_gpu_power_cap_w,360,W power cap,hardware-dependent,bench/results/2026-08-31-3090x2/env.txt,15,123W / 360W
L-022,hw_bench_gpu_model,"NVIDIA GeForce RTX 3090 (GPU 1, bus 82:00.0)",GPU model,hardware-dependent,bench/results/2026-08-31-3090x2/env.txt,18,1  NVIDIA GeForce RTX 3090  On  00000000:82:00.0 Off
L-023,hw_bench_gpu_vram_mib,24576,MiB VRAM,hardware-dependent,bench/results/2026-08-31-3090x2/env.txt,19,1MiB / 24576MiB
L-024,meta_log_bench_pip_freeze_empty,(no output captured),—,software,bench/results/2026-08-31-3090x2/env.txt,32,$ /root/projects/ET-Miner/.venv/bin/python3 -m pip freeze — section is empty in file
L-025,bench_campaign_0831_runs_status,28 ok / 0 failed,runs,deterministic,bench/results/2026-08-31-3090x2/report.md,3,"Runs: 28 ok, 0 failed/timeout."
L-026,bench_deep_k_density_auto_wall_s,10.4,s median wall,hardware-dependent,bench/results/2026-08-31-3090x2/report.md,9,deepk-density-auto | deep_k | legacy | compact | 2 | 1 | 10.4 | 10.4 | 416
L-027,bench_deep_k_density_auto_wall_s,10.4,s min wall,hardware-dependent,bench/results/2026-08-31-3090x2/report.md,9,deepk-density-auto: min s 10.4
L-028,bench_deep_k_density_auto_peak_vram_mb,416,MB peak VRAM,hardware-dependent,bench/results/2026-08-31-3090x2/report.md,9,deepk-density-auto: peak VRAM MB 416; throttled no
L-029,bench_deep_k_density_auto_params,gpus=2; reps=1; variant=legacy; filter=compact; preset=deep_k,params,method-parameter,bench/results/2026-08-31-3090x2/report.md,9,deepk-density-auto | deep_k | legacy | compact | 2 | 1
L-030,bench_deep_k_legacy_1g_wall_s,0.6,s median wall,hardware-dependent,bench/results/2026-08-31-3090x2/report.md,10,deepk-legacy-1g | deep_k | legacy | compact | 1 | 1 | 0.6 | 0.6 | 352
L-031,bench_deep_k_legacy_1g_wall_s,0.6,s min wall,hardware-dependent,bench/results/2026-08-31-3090x2/report.md,10,deepk-legacy-1g: min s 0.6
L-032,bench_deep_k_legacy_1g_peak_vram_mb,352,MB peak VRAM,hardware-dependent,bench/results/2026-08-31-3090x2/report.md,10,deepk-legacy-1g: peak VRAM MB 352; throttled yes
L-033,bench_deep_k_legacy_1g_params,gpus=1; reps=1; variant=legacy; filter=compact; preset=deep_k,params,method-parameter,bench/results/2026-08-31-3090x2/report.md,10,deepk-legacy-1g | deep_k | legacy | compact | 1 | 1
L-034,bench_deep_k_legacy_2g_wall_s,1.3,s median wall,hardware-dependent,bench/results/2026-08-31-3090x2/report.md,11,deepk-legacy-2g | deep_k | legacy | compact | 2 | 1 | 1.3 | 1.3 | 416
L-035,bench_deep_k_legacy_2g_wall_s,1.3,s min wall,hardware-dependent,bench/results/2026-08-31-3090x2/report.md,11,deepk-legacy-2g: min s 1.3
L-036,bench_deep_k_legacy_2g_peak_vram_mb,416,MB peak VRAM,hardware-dependent,bench/results/2026-08-31-3090x2/report.md,11,deepk-legacy-2g: peak VRAM MB 416; throttled no
L-037,bench_deep_k_legacy_2g_params,gpus=2; reps=1; variant=legacy; filter=compact; preset=deep_k,params,method-parameter,bench/results/2026-08-31-3090x2/report.md,11,deepk-legacy-2g | deep_k | legacy | compact | 2 | 1
L-038,bench_deep_k_nonccl_wall_s,0.9,s median wall,hardware-dependent,bench/results/2026-08-31-3090x2/report.md,12,deepk-nonccl | deep_k | legacy | compact | 2 | 1 | 0.9 | 0.9 | 310
L-039,bench_deep_k_nonccl_wall_s,0.9,s min wall,hardware-dependent,bench/results/2026-08-31-3090x2/report.md,12,deepk-nonccl: min s 0.9
L-040,bench_deep_k_nonccl_peak_vram_mb,310,MB peak VRAM,hardware-dependent,bench/results/2026-08-31-3090x2/report.md,12,deepk-nonccl: peak VRAM MB 310; throttled no
L-041,bench_deep_k_nonccl_params,gpus=2; reps=1; variant=legacy; filter=compact; preset=deep_k,params,method-parameter,bench/results/2026-08-31-3090x2/report.md,12,deepk-nonccl | deep_k | legacy | compact | 2 | 1
L-042,bench_deep_k_prefilter_off_wall_s,0.6,s median wall,hardware-dependent,bench/results/2026-08-31-3090x2/report.md,13,deepk-prefilter-off | deep_k | legacy | compact | 1 | 1 | 0.6 | 0.6 | 352
L-043,bench_deep_k_prefilter_off_wall_s,0.6,s min wall,hardware-dependent,bench/results/2026-08-31-3090x2/report.md,13,deepk-prefilter-off: min s 0.6
L-044,bench_deep_k_prefilter_off_peak_vram_mb,352,MB peak VRAM,hardware-dependent,bench/results/2026-08-31-3090x2/report.md,13,deepk-prefilter-off: peak VRAM MB 352; throttled no
L-045,bench_deep_k_prefilter_off_params,gpus=1; reps=1; variant=legacy; filter=compact; preset=deep_k,params,method-parameter,bench/results/2026-08-31-3090x2/report.md,13,deepk-prefilter-off | deep_k | legacy | compact | 1 | 1
L-046,bench_deep_k_shared_1g_wall_s,0.6,s median wall,hardware-dependent,bench/results/2026-08-31-3090x2/report.md,14,deepk-shared-1g | deep_k | shared | compact | 1 | 3 | 0.6 | 0.6 | 352
L-047,bench_deep_k_shared_1g_wall_s,0.6,s min wall,hardware-dependent,bench/results/2026-08-31-3090x2/report.md,14,deepk-shared-1g: min s 0.6
L-048,bench_deep_k_shared_1g_peak_vram_mb,352,MB peak VRAM,hardware-dependent,bench/results/2026-08-31-3090x2/report.md,14,deepk-shared-1g: peak VRAM MB 352; throttled yes
L-049,bench_deep_k_shared_1g_params,gpus=1; reps=3; variant=shared; filter=compact; preset=deep_k,params,method-parameter,bench/results/2026-08-31-3090x2/report.md,14,deepk-shared-1g | deep_k | shared | compact | 1 | 3
L-050,bench_deep_k_shared_2g_wall_s,1.4,s median wall,hardware-dependent,bench/results/2026-08-31-3090x2/report.md,15,deepk-shared-2g | deep_k | shared | compact | 2 | 3 | 1.4 | 1.3 | 416
L-051,bench_deep_k_shared_2g_wall_s,1.3,s min wall,hardware-dependent,bench/results/2026-08-31-3090x2/report.md,15,deepk-shared-2g: min s 1.3
L-052,bench_deep_k_shared_2g_peak_vram_mb,416,MB peak VRAM,hardware-dependent,bench/results/2026-08-31-3090x2/report.md,15,deepk-shared-2g: peak VRAM MB 416; throttled no
L-053,bench_deep_k_shared_2g_params,gpus=2; reps=3; variant=shared; filter=compact; preset=deep_k,params,method-parameter,bench/results/2026-08-31-3090x2/report.md,15,deepk-shared-2g | deep_k | shared | compact | 2 | 3
L-054,bench_deep_k_single_prefilter_on_wall_s,0.6,s median wall,hardware-dependent,bench/results/2026-08-31-3090x2/report.md,16,deepk-single-prefilter-on | deep_k | legacy | compact | 1 | 1 | 0.6 | 0.6 | 352
L-055,bench_deep_k_single_prefilter_on_wall_s,0.6,s min wall,hardware-dependent,bench/results/2026-08-31-3090x2/report.md,16,deepk-single-prefilter-on: min s 0.6
L-056,bench_deep_k_single_prefilter_on_peak_vram_mb,352,MB peak VRAM,hardware-dependent,bench/results/2026-08-31-3090x2/report.md,16,deepk-single-prefilter-on: peak VRAM MB 352; throttled yes
L-057,bench_deep_k_single_prefilter_on_params,gpus=1; reps=1; variant=legacy; filter=compact; preset=deep_k,params,method-parameter,bench/results/2026-08-31-3090x2/report.md,16,deepk-single-prefilter-on | deep_k | legacy | compact | 1 | 1
L-058,bench_skewed_rows_nnz_wall_s,1.5,s median wall,hardware-dependent,bench/results/2026-08-31-3090x2/report.md,17,skew-nnz | skewed_rows | legacy | compact | 2 | 2 | 1.5 | 1.5 | 418
L-059,bench_skewed_rows_nnz_wall_s,1.5,s min wall,hardware-dependent,bench/results/2026-08-31-3090x2/report.md,17,skew-nnz: min s 1.5
L-060,bench_skewed_rows_nnz_peak_vram_mb,418,MB peak VRAM,hardware-dependent,bench/results/2026-08-31-3090x2/report.md,17,skew-nnz: peak VRAM MB 418; throttled no
L-061,bench_skewed_rows_nnz_params,gpus=2; reps=2; variant=legacy; filter=compact; preset=skewed_rows,params,method-parameter,bench/results/2026-08-31-3090x2/report.md,17,skew-nnz | skewed_rows | legacy | compact | 2 | 2
L-062,bench_skewed_rows_rows_wall_s,1.4,s median wall,hardware-dependent,bench/results/2026-08-31-3090x2/report.md,18,skew-rows | skewed_rows | legacy | compact | 2 | 2 | 1.4 | 1.4 | 416
L-063,bench_skewed_rows_rows_wall_s,1.4,s min wall,hardware-dependent,bench/results/2026-08-31-3090x2/report.md,18,skew-rows: min s 1.4
L-064,bench_skewed_rows_rows_peak_vram_mb,416,MB peak VRAM,hardware-dependent,bench/results/2026-08-31-3090x2/report.md,18,skew-rows: peak VRAM MB 416; throttled no
L-065,bench_skewed_rows_rows_params,gpus=2; reps=2; variant=legacy; filter=compact; preset=skewed_rows,params,method-parameter,bench/results/2026-08-31-3090x2/report.md,18,skew-rows | skewed_rows | legacy | compact | 2 | 2
L-066,bench_stress_k2_filter_compact_wall_s,89.6,s median wall,hardware-dependent,bench/results/2026-08-31-3090x2/report.md,19,stressk2-filter-compact | stress_k2 | legacy | compact | 2 | 1 | 89.6 | 89.6 | 6918
L-067,bench_stress_k2_filter_compact_wall_s,89.6,s min wall,hardware-dependent,bench/results/2026-08-31-3090x2/report.md,19,stressk2-filter-compact: min s 89.6
L-068,bench_stress_k2_filter_compact_peak_vram_mb,6918,MB peak VRAM,hardware-dependent,bench/results/2026-08-31-3090x2/report.md,19,stressk2-filter-compact: peak VRAM MB 6918; throttled yes
L-069,bench_stress_k2_filter_compact_params,gpus=2; reps=1; variant=legacy; filter=compact; preset=stress_k2,params,method-parameter,bench/results/2026-08-31-3090x2/report.md,19,stressk2-filter-compact | stress_k2 | legacy | compact | 2 | 1
L-070,bench_stress_k2_filter_cpu_wall_s,90.2,s median wall,hardware-dependent,bench/results/2026-08-31-3090x2/report.md,20,stressk2-filter-cpu | stress_k2 | legacy | cpu | 2 | 1 | 90.2 | 90.2 | 6920
L-071,bench_stress_k2_filter_cpu_wall_s,90.2,s min wall,hardware-dependent,bench/results/2026-08-31-3090x2/report.md,20,stressk2-filter-cpu: min s 90.2
L-072,bench_stress_k2_filter_cpu_peak_vram_mb,6920,MB peak VRAM,hardware-dependent,bench/results/2026-08-31-3090x2/report.md,20,stressk2-filter-cpu: peak VRAM MB 6920; throttled yes
L-073,bench_stress_k2_filter_cpu_params,gpus=2; reps=1; variant=legacy; filter=cpu; preset=stress_k2,params,method-parameter,bench/results/2026-08-31-3090x2/report.md,20,stressk2-filter-cpu | stress_k2 | legacy | cpu | 2 | 1
L-074,bench_stress_k2_filter_cupy_wall_s,89.7,s median wall,hardware-dependent,bench/results/2026-08-31-3090x2/report.md,21,stressk2-filter-cupy | stress_k2 | legacy | cupy | 2 | 1 | 89.7 | 89.7 | 6998
L-075,bench_stress_k2_filter_cupy_wall_s,89.7,s min wall,hardware-dependent,bench/results/2026-08-31-3090x2/report.md,21,stressk2-filter-cupy: min s 89.7
L-076,bench_stress_k2_filter_cupy_peak_vram_mb,6998,MB peak VRAM,hardware-dependent,bench/results/2026-08-31-3090x2/report.md,21,stressk2-filter-cupy: peak VRAM MB 6998; throttled yes
L-077,bench_stress_k2_filter_cupy_params,gpus=2; reps=1; variant=legacy; filter=cupy; preset=stress_k2,params,method-parameter,bench/results/2026-08-31-3090x2/report.md,21,stressk2-filter-cupy | stress_k2 | legacy | cupy | 2 | 1
L-078,bench_stress_k2_legacy_1g_wall_s,2238.8,s median wall,hardware-dependent,bench/results/2026-08-31-3090x2/report.md,22,stressk2-legacy-1g | stress_k2 | legacy | compact | 1 | 1 | 2238.8 | 2238.8 | 17340
L-079,bench_stress_k2_legacy_1g_wall_s,2238.8,s min wall,hardware-dependent,bench/results/2026-08-31-3090x2/report.md,22,stressk2-legacy-1g: min s 2238.8
L-080,bench_stress_k2_legacy_1g_peak_vram_mb,17340,MB peak VRAM,hardware-dependent,bench/results/2026-08-31-3090x2/report.md,22,stressk2-legacy-1g: peak VRAM MB 17340; throttled yes
L-081,bench_stress_k2_legacy_1g_params,gpus=1; reps=1; variant=legacy; filter=compact; preset=stress_k2,params,method-parameter,bench/results/2026-08-31-3090x2/report.md,22,stressk2-legacy-1g | stress_k2 | legacy | compact | 1 | 1
L-082,bench_stress_k2_legacy_2g_wall_s,1996.7,s median wall,hardware-dependent,bench/results/2026-08-31-3090x2/report.md,23,stressk2-legacy-2g | stress_k2 | legacy | compact | 2 | 1 | 1996.7 | 1996.7 | 16576
L-083,bench_stress_k2_legacy_2g_wall_s,1996.7,s min wall,hardware-dependent,bench/results/2026-08-31-3090x2/report.md,23,stressk2-legacy-2g: min s 1996.7
L-084,bench_stress_k2_legacy_2g_peak_vram_mb,16576,MB peak VRAM,hardware-dependent,bench/results/2026-08-31-3090x2/report.md,23,stressk2-legacy-2g: peak VRAM MB 16576; throttled yes
L-085,bench_stress_k2_legacy_2g_params,gpus=2; reps=1; variant=legacy; filter=compact; preset=stress_k2,params,method-parameter,bench/results/2026-08-31-3090x2/report.md,23,stressk2-legacy-2g | stress_k2 | legacy | compact | 2 | 1
L-086,bench_stress_k2_shared_1g_wall_s,253.3,s median wall,hardware-dependent,bench/results/2026-08-31-3090x2/report.md,24,stressk2-shared-1g | stress_k2 | shared | compact | 1 | 3 | 253.3 | 253.1 | 17340
L-087,bench_stress_k2_shared_1g_wall_s,253.1,s min wall,hardware-dependent,bench/results/2026-08-31-3090x2/report.md,24,stressk2-shared-1g: min s 253.1
L-088,bench_stress_k2_shared_1g_peak_vram_mb,17340,MB peak VRAM,hardware-dependent,bench/results/2026-08-31-3090x2/report.md,24,stressk2-shared-1g: peak VRAM MB 17340; throttled yes
L-089,bench_stress_k2_shared_1g_params,gpus=1; reps=3; variant=shared; filter=compact; preset=stress_k2,params,method-parameter,bench/results/2026-08-31-3090x2/report.md,24,stressk2-shared-1g | stress_k2 | shared | compact | 1 | 3
L-090,bench_stress_k2_shared_2g_wall_s,122.3,s median wall,hardware-dependent,bench/results/2026-08-31-3090x2/report.md,25,stressk2-shared-2g | stress_k2 | shared | compact | 2 | 3 | 122.3 | 122.3 | 16576
L-091,bench_stress_k2_shared_2g_wall_s,122.3,s min wall,hardware-dependent,bench/results/2026-08-31-3090x2/report.md,25,stressk2-shared-2g: min s 122.3
L-092,bench_stress_k2_shared_2g_peak_vram_mb,16576,MB peak VRAM,hardware-dependent,bench/results/2026-08-31-3090x2/report.md,25,stressk2-shared-2g: peak VRAM MB 16576; throttled yes
L-093,bench_stress_k2_shared_2g_params,gpus=2; reps=3; variant=shared; filter=compact; preset=stress_k2,params,method-parameter,bench/results/2026-08-31-3090x2/report.md,25,stressk2-shared-2g | stress_k2 | shared | compact | 2 | 3
L-094,bench_smoke_twophase_wall_s,1.6,s median wall,hardware-dependent,bench/results/2026-08-31-3090x2/report.md,26,twophase-smoke | smoke | legacy | compact | 2 | 1 | 1.6 | 1.6 | 408
L-095,bench_smoke_twophase_wall_s,1.6,s min wall,hardware-dependent,bench/results/2026-08-31-3090x2/report.md,26,twophase-smoke: min s 1.6
L-096,bench_smoke_twophase_peak_vram_mb,408,MB peak VRAM,hardware-dependent,bench/results/2026-08-31-3090x2/report.md,26,twophase-smoke: peak VRAM MB 408; throttled yes
L-097,bench_smoke_twophase_params,gpus=2; reps=1; variant=legacy; filter=compact; preset=smoke,params,method-parameter,bench/results/2026-08-31-3090x2/report.md,26,twophase-smoke | smoke | legacy | compact | 2 | 1
L-098,bench_deep_k_shared_vs_legacy_2g_speedup,0.97×,"speedup shared vs legacy (deep_k, 2 GPUs)",hardware-dependent,bench/results/2026-08-31-3090x2/report.md,32,deep_k | 2 | 1.3 | 1.4 | 0.97×
L-099,bench_stress_k2_shared_vs_legacy_2g_speedup,16.32×,"speedup shared vs legacy (stress_k2, 2 GPUs)",hardware-dependent,bench/results/2026-08-31-3090x2/report.md,33,stress_k2 | 2 | 1996.7 | 122.3 | 16.32×
L-100,bench_deep_k_density_auto_wall_s,10.431,s (deepk-density-auto#r0),hardware-dependent,bench/results/2026-08-31-3090x2/report.md,37,"**deep_k** (deepk-density-auto#r0, 10.431s):"
L-101,bench_deep_k_density_auto_levels,K1: candidates=112; frequent=112,count,deterministic,bench/results/2026-08-31-3090x2/report.md,41,deep_k per-level: | 1 | 112 | 112 | 27 |
L-102,bench_deep_k_density_auto_level_ms,27,"ms (K=1, deepk-density-auto#r0)",hardware-dependent,bench/results/2026-08-31-3090x2/report.md,41,| 1 | 112 | 112 | 27 |
L-103,bench_deep_k_density_auto_levels,K2: candidates=0; frequent=471,count,deterministic,bench/results/2026-08-31-3090x2/report.md,42,deep_k per-level: | 2 | 0 | 471 | 46 |
L-104,bench_deep_k_density_auto_level_ms,46,"ms (K=2, deepk-density-auto#r0)",hardware-dependent,bench/results/2026-08-31-3090x2/report.md,42,| 2 | 0 | 471 | 46 |
L-105,bench_deep_k_density_auto_levels,K3: candidates=0; frequent=901,count,deterministic,bench/results/2026-08-31-3090x2/report.md,43,deep_k per-level: | 3 | 0 | 901 | 5 |
L-106,bench_deep_k_density_auto_level_ms,5,"ms (K=3, deepk-density-auto#r0)",hardware-dependent,bench/results/2026-08-31-3090x2/report.md,43,| 3 | 0 | 901 | 5 |
L-107,bench_deep_k_density_auto_levels,K4: candidates=0; frequent=1407,count,deterministic,bench/results/2026-08-31-3090x2/report.md,44,"deep_k per-level: | 4 | 0 | 1,407 | 6 |"
L-108,bench_deep_k_density_auto_level_ms,6,"ms (K=4, deepk-density-auto#r0)",hardware-dependent,bench/results/2026-08-31-3090x2/report.md,44,"| 4 | 0 | 1,407 | 6 |"
L-109,bench_deep_k_density_auto_levels,K5: candidates=0; frequent=1854,count,deterministic,bench/results/2026-08-31-3090x2/report.md,45,"deep_k per-level: | 5 | 0 | 1,854 | 3145 |"
L-110,bench_deep_k_density_auto_level_ms,3145,"ms (K=5, deepk-density-auto#r0)",hardware-dependent,bench/results/2026-08-31-3090x2/report.md,45,"| 5 | 0 | 1,854 | 3145 |"
L-111,bench_deep_k_density_auto_levels,K6: candidates=0; frequent=1848,count,deterministic,bench/results/2026-08-31-3090x2/report.md,46,"deep_k per-level: | 6 | 0 | 1,848 | 2553 |"
L-112,bench_deep_k_density_auto_level_ms,2553,"ms (K=6, deepk-density-auto#r0)",hardware-dependent,bench/results/2026-08-31-3090x2/report.md,46,"| 6 | 0 | 1,848 | 2553 |"
L-113,bench_deep_k_density_auto_levels,K7: candidates=0; frequent=1320,count,deterministic,bench/results/2026-08-31-3090x2/report.md,47,"deep_k per-level: | 7 | 0 | 1,320 | 1817 |"
L-114,bench_deep_k_density_auto_level_ms,1817,"ms (K=7, deepk-density-auto#r0)",hardware-dependent,bench/results/2026-08-31-3090x2/report.md,47,"| 7 | 0 | 1,320 | 1817 |"
L-115,bench_deep_k_density_auto_levels,K8: candidates=0; frequent=660,count,deterministic,bench/results/2026-08-31-3090x2/report.md,48,deep_k per-level: | 8 | 0 | 660 | 902 |
L-116,bench_deep_k_density_auto_level_ms,902,"ms (K=8, deepk-density-auto#r0)",hardware-dependent,bench/results/2026-08-31-3090x2/report.md,48,| 8 | 0 | 660 | 902 |
L-117,bench_deep_k_density_auto_levels,K9: candidates=0; frequent=220,count,deterministic,bench/results/2026-08-31-3090x2/report.md,49,deep_k per-level: | 9 | 0 | 220 | 374 |
L-118,bench_deep_k_density_auto_level_ms,374,"ms (K=9, deepk-density-auto#r0)",hardware-dependent,bench/results/2026-08-31-3090x2/report.md,49,| 9 | 0 | 220 | 374 |
L-119,bench_deep_k_density_auto_levels,K10: candidates=0; frequent=44,count,deterministic,bench/results/2026-08-31-3090x2/report.md,50,deep_k per-level: | 10 | 0 | 44 | 65 |
L-120,bench_deep_k_density_auto_level_ms,65,"ms (K=10, deepk-density-auto#r0)",hardware-dependent,bench/results/2026-08-31-3090x2/report.md,50,| 10 | 0 | 44 | 65 |
L-121,bench_deep_k_density_auto_levels,K11: candidates=0; frequent=4,count,deterministic,bench/results/2026-08-31-3090x2/report.md,51,deep_k per-level: | 11 | 0 | 4 | 14 |
L-122,bench_deep_k_density_auto_level_ms,14,"ms (K=11, deepk-density-auto#r0)",hardware-dependent,bench/results/2026-08-31-3090x2/report.md,51,| 11 | 0 | 4 | 14 |
L-123,bench_skewed_rows_nnz_wall_s,1.517,s (skew-nnz#r1),hardware-dependent,bench/results/2026-08-31-3090x2/report.md,53,"**skewed_rows** (skew-nnz#r1, 1.517s):"
L-124,bench_skewed_rows_nnz_levels,K1: candidates=118; frequent=118,count,deterministic,bench/results/2026-08-31-3090x2/report.md,57,skewed_rows per-level: | 1 | 118 | 118 | 26 |
L-125,bench_skewed_rows_nnz_level_ms,26,"ms (K=1, skew-nnz#r1)",hardware-dependent,bench/results/2026-08-31-3090x2/report.md,57,| 1 | 118 | 118 | 26 |
L-126,bench_skewed_rows_nnz_levels,K2: candidates=0; frequent=717,count,deterministic,bench/results/2026-08-31-3090x2/report.md,58,skewed_rows per-level: | 2 | 0 | 717 | 47 |
L-127,bench_skewed_rows_nnz_level_ms,47,"ms (K=2, skew-nnz#r1)",hardware-dependent,bench/results/2026-08-31-3090x2/report.md,58,| 2 | 0 | 717 | 47 |
L-128,bench_skewed_rows_nnz_levels,K3: candidates=0; frequent=1928,count,deterministic,bench/results/2026-08-31-3090x2/report.md,59,"skewed_rows per-level: | 3 | 0 | 1,928 | 7 |"
L-129,bench_skewed_rows_nnz_level_ms,7,"ms (K=3, skew-nnz#r1)",hardware-dependent,bench/results/2026-08-31-3090x2/report.md,59,"| 3 | 0 | 1,928 | 7 |"
L-130,bench_skewed_rows_nnz_levels,K4: candidates=0; frequent=2932,count,deterministic,bench/results/2026-08-31-3090x2/report.md,60,"skewed_rows per-level: | 4 | 0 | 2,932 | 16 |"
L-131,bench_skewed_rows_nnz_level_ms,16,"ms (K=4, skew-nnz#r1)",hardware-dependent,bench/results/2026-08-31-3090x2/report.md,60,"| 4 | 0 | 2,932 | 16 |"
L-132,bench_skewed_rows_nnz_levels,K5: candidates=0; frequent=2683,count,deterministic,bench/results/2026-08-31-3090x2/report.md,61,"skewed_rows per-level: | 5 | 0 | 2,683 | 34 |"
L-133,bench_skewed_rows_nnz_level_ms,34,"ms (K=5, skew-nnz#r1)",hardware-dependent,bench/results/2026-08-31-3090x2/report.md,61,"| 5 | 0 | 2,683 | 34 |"
L-134,bench_skewed_rows_nnz_levels,K6: candidates=0; frequent=1458,count,deterministic,bench/results/2026-08-31-3090x2/report.md,62,"skewed_rows per-level: | 6 | 0 | 1,458 | 40 |"
L-135,bench_skewed_rows_nnz_level_ms,40,"ms (K=6, skew-nnz#r1)",hardware-dependent,bench/results/2026-08-31-3090x2/report.md,62,"| 6 | 0 | 1,458 | 40 |"
L-136,bench_skewed_rows_nnz_levels,K7: candidates=0; frequent=443,count,deterministic,bench/results/2026-08-31-3090x2/report.md,63,skewed_rows per-level: | 7 | 0 | 443 | 22 |
L-137,bench_skewed_rows_nnz_level_ms,22,"ms (K=7, skew-nnz#r1)",hardware-dependent,bench/results/2026-08-31-3090x2/report.md,63,| 7 | 0 | 443 | 22 |
L-138,bench_skewed_rows_nnz_levels,K8: candidates=0; frequent=67,count,deterministic,bench/results/2026-08-31-3090x2/report.md,64,skewed_rows per-level: | 8 | 0 | 67 | 5 |
L-139,bench_skewed_rows_nnz_level_ms,5,"ms (K=8, skew-nnz#r1)",hardware-dependent,bench/results/2026-08-31-3090x2/report.md,64,| 8 | 0 | 67 | 5 |
L-140,bench_skewed_rows_nnz_levels,K9: candidates=0; frequent=4,count,deterministic,bench/results/2026-08-31-3090x2/report.md,65,skewed_rows per-level: | 9 | 0 | 4 | 2 |
L-141,bench_skewed_rows_nnz_level_ms,2,"ms (K=9, skew-nnz#r1)",hardware-dependent,bench/results/2026-08-31-3090x2/report.md,65,| 9 | 0 | 4 | 2 |
L-142,bench_smoke_twophase_wall_s,1.582,s (twophase-smoke#r0),hardware-dependent,bench/results/2026-08-31-3090x2/report.md,67,"**smoke** (twophase-smoke#r0, 1.582s):"
L-143,bench_smoke_twophase_levels,K1 (phase 1): candidates=118; frequent=118,count,deterministic,bench/results/2026-08-31-3090x2/report.md,71,smoke two-phase per-level: | 1 | 118 | 118 | 252 |
L-144,bench_smoke_twophase_level_ms,252,"ms (K=1, phase 1, twophase-smoke#r0)",hardware-dependent,bench/results/2026-08-31-3090x2/report.md,71,| 1 | 118 | 118 | 252 |
L-145,bench_smoke_twophase_levels,K2 (phase 1): candidates=0; frequent=290,count,deterministic,bench/results/2026-08-31-3090x2/report.md,72,smoke two-phase per-level: | 2 | 0 | 290 | 48 |
L-146,bench_smoke_twophase_level_ms,48,"ms (K=2, phase 1, twophase-smoke#r0)",hardware-dependent,bench/results/2026-08-31-3090x2/report.md,72,| 2 | 0 | 290 | 48 |
L-147,bench_smoke_twophase_levels,K3 (phase 1): candidates=0; frequent=202,count,deterministic,bench/results/2026-08-31-3090x2/report.md,73,smoke two-phase per-level: | 3 | 0 | 202 | 120 |
L-148,bench_smoke_twophase_level_ms,120,"ms (K=3, phase 1, twophase-smoke#r0)",hardware-dependent,bench/results/2026-08-31-3090x2/report.md,73,| 3 | 0 | 202 | 120 |
L-149,bench_smoke_twophase_levels,K4 (phase 1): candidates=0; frequent=22,count,deterministic,bench/results/2026-08-31-3090x2/report.md,74,smoke two-phase per-level: | 4 | 0 | 22 | 7 |
L-150,bench_smoke_twophase_level_ms,7,"ms (K=4, phase 1, twophase-smoke#r0)",hardware-dependent,bench/results/2026-08-31-3090x2/report.md,74,| 4 | 0 | 22 | 7 |
L-151,bench_smoke_twophase_levels,K5 (phase 1): candidates=0; frequent=0,count,deterministic,bench/results/2026-08-31-3090x2/report.md,75,smoke two-phase per-level: | 5 | 0 | 0 | 0 |
L-152,bench_smoke_twophase_level_ms,0,"ms (K=5, phase 1, twophase-smoke#r0)",hardware-dependent,bench/results/2026-08-31-3090x2/report.md,75,| 5 | 0 | 0 | 0 |
L-153,bench_smoke_twophase_levels,K1 (phase 2): candidates=118; frequent=118,count,deterministic,bench/results/2026-08-31-3090x2/report.md,76,smoke two-phase per-level: | 1 | 118 | 118 | 2 |
L-154,bench_smoke_twophase_level_ms,2,"ms (K=1, phase 2, twophase-smoke#r0)",hardware-dependent,bench/results/2026-08-31-3090x2/report.md,76,| 1 | 118 | 118 | 2 |
L-155,bench_smoke_twophase_levels,K2 (phase 2): candidates=0; frequent=290,count,deterministic,bench/results/2026-08-31-3090x2/report.md,77,smoke two-phase per-level: | 2 | 0 | 290 | 34 |
L-156,bench_smoke_twophase_level_ms,34,"ms (K=2, phase 2, twophase-smoke#r0)",hardware-dependent,bench/results/2026-08-31-3090x2/report.md,77,| 2 | 0 | 290 | 34 |
L-157,bench_smoke_twophase_levels,K3 (phase 2): candidates=0; frequent=202,count,deterministic,bench/results/2026-08-31-3090x2/report.md,78,smoke two-phase per-level: | 3 | 0 | 202 | 87 |
L-158,bench_smoke_twophase_level_ms,87,"ms (K=3, phase 2, twophase-smoke#r0)",hardware-dependent,bench/results/2026-08-31-3090x2/report.md,78,| 3 | 0 | 202 | 87 |
L-159,bench_smoke_twophase_levels,K4 (phase 2): candidates=0; frequent=22,count,deterministic,bench/results/2026-08-31-3090x2/report.md,79,smoke two-phase per-level: | 4 | 0 | 22 | 5 |
L-160,bench_smoke_twophase_level_ms,5,"ms (K=4, phase 2, twophase-smoke#r0)",hardware-dependent,bench/results/2026-08-31-3090x2/report.md,79,| 4 | 0 | 22 | 5 |
L-161,bench_smoke_twophase_levels,K5 (phase 2): candidates=0; frequent=0,count,deterministic,bench/results/2026-08-31-3090x2/report.md,80,smoke two-phase per-level: | 5 | 0 | 0 | 0 |
L-162,bench_smoke_twophase_level_ms,0,"ms (K=5, phase 2, twophase-smoke#r0)",hardware-dependent,bench/results/2026-08-31-3090x2/report.md,80,| 5 | 0 | 0 | 0 |
L-163,bench_stress_k2_legacy_1g_wall_s,2238.846,s (stressk2-legacy-1g#r0),hardware-dependent,bench/results/2026-08-31-3090x2/report.md,82,"**stress_k2** (stressk2-legacy-1g#r0, 2238.846s):"
L-164,bench_stress_k2_legacy_1g_levels,"K1: candidates=35,000; frequent=35,000",count,deterministic,bench/results/2026-08-31-3090x2/report.md,86,"stress_k2 per-level: | 1 | 35,000 | 35,000 | 72 |"
L-165,bench_stress_k2_legacy_1g_level_ms,72,"ms (K=1, stressk2-legacy-1g#r0)",hardware-dependent,bench/results/2026-08-31-3090x2/report.md,86,"| 1 | 35,000 | 35,000 | 72 |"
L-166,bench_stress_k2_legacy_1g_levels,"K2: candidates=612,482,500; frequent=1,660,332",count,deterministic,bench/results/2026-08-31-3090x2/report.md,87,"stress_k2 per-level: | 2 | 612,482,500 | 1,660,332 | 175580 |"
L-167,bench_stress_k2_legacy_1g_level_ms,175580,"ms (K=2, stressk2-legacy-1g#r0)",hardware-dependent,bench/results/2026-08-31-3090x2/report.md,87,"| 2 | 612,482,500 | 1,660,332 | 175580 |"
L-168,bench_stress_k2_legacy_1g_levels,"K3: candidates=1,301,153; frequent=1,301,153",count,deterministic,bench/results/2026-08-31-3090x2/report.md,88,"stress_k2 per-level: | 3 | 1,301,153 | 1,301,153 | 2046663 |"
L-169,bench_stress_k2_legacy_1g_level_ms,2046663,"ms (K=3, stressk2-legacy-1g#r0)",hardware-dependent,bench/results/2026-08-31-3090x2/report.md,88,"| 3 | 1,301,153 | 1,301,153 | 2046663 |"
L-170,hw_bench_gpu_model,2×RTX 3090; 2026-08-31,hardware/date,hardware-dependent,bench/results/2026-08-31-3090x2/FINDINGS.md,1,"# GPU campaign findings — 2×RTX 3090, 2026-08-31"
L-171,hw_bench_gpu_model,2× RTX 3090 24 GB (sm_86),GPU,hardware-dependent,bench/results/2026-08-31-3090x2/FINDINGS.md,4,"Box: 2× RTX 3090 24 GB (sm_86, driver 580.159.03, CuPy 14.1.1, no P2P — NCCL over SHM), vast.ai."
L-172,sw_bench_cupy_version,580.159.03 / CuPy 14.1.1,driver / library,software,bench/results/2026-08-31-3090x2/FINDINGS.md,5,"driver 580.159.03, CuPy 14.1.1, no P2P — NCCL over SHM"
L-173,bench_tier_equivalence_legs,7/7,tier-equivalence legs,deterministic,bench/results/2026-08-31-3090x2/FINDINGS.md,10,**Tier-equivalence chain: 7/7.** Tier 1 Polars == Tier 2 Rust == single-GPU == multi-GPU legacy == shared multi-GPU == efficient-apriori
L-174,bench_gpu_test_suite_result,114 passed / 0 failed,tests,software,bench/results/2026-08-31-3090x2/FINDINGS.md,13,**Full GPU test suite: 114 passed / 0 failed** — first-ever on-device run
L-175,bench_stress_k2_shared_vs_legacy_1g_speedup,8.8× / 16.3×,speedup,hardware-dependent,bench/results/2026-08-31-3090x2/FINDINGS.md,22,## Finding 1 — shared/tiled kernel: 8.8× / 16.3× on the stress workload
L-176,bench_stress_k2_preset_params,"2,000,000 transactions × 35,000 items; min_count 30; K=3",preset params,method-parameter,bench/results/2026-08-31-3090x2/FINDINGS.md,24,"`stress_k2`: 2M transactions × 35K items, min_count 30, mined to K=3 —"
L-177,bench_stress_k2_ml3_candidates_total,612M K=2 candidates; ~76 billion K=3 candidates,count,deterministic,bench/results/2026-08-31-3090x2/FINDINGS.md,25,"612M K=2 candidates plus **~76 billion** K=3 candidates, every one exactly counted (no sampling)"
L-178,bench_stress_k2_shared_vs_legacy_1g_speedup,2238.8 s legacy → 253.3 s shared (±1 s over 3 reps); 8.8×,s / speedup (1× 3090 fused),hardware-dependent,bench/results/2026-08-31-3090x2/FINDINGS.md,30,| 1× 3090 (fused) | 2238.8 s | 253.3 s (±1 s over 3 reps) | **8.8×** |
L-179,bench_stress_k2_shared_vs_legacy_2g_speedup,1996.7 s legacy → 122.3 s shared; 16.3×,s / speedup (2× 3090 row-split),hardware-dependent,bench/results/2026-08-31-3090x2/FINDINGS.md,31,| 2× 3090 (dense row-split) | 1996.7 s | 122.3 s | **16.3×** |
L-180,bench_stress_k2_shared_throughput_counts_s,≈300M counts/s (1 GPU); ≈630M counts/s (2 GPUs),support counts per second,hardware-dependent,bench/results/2026-08-31-3090x2/FINDINGS.md,33,"≈300M exact support counts/s on one 3090, ≈630M/s on two."
L-181,bench_deep_k_shared_vs_legacy_2g_speedup,0.97–1.07×,"speedup (deep_k/smoke, shared vs legacy)",hardware-dependent,bench/results/2026-08-31-3090x2/FINDINGS.md,36,"On small/deep data (`deep_k`, `smoke`) shared is neutral (0.97–1.07×)"
L-182,sw_shared_kernel_min_pairs,64,pairs (sub-64-pair groups routed to legacy kernel),method-parameter,bench/results/2026-08-31-3090x2/FINDINGS.md,37,sub-64-pair groups route to the legacy kernel by design
L-183,bench_stress_k2_legacy_1g_k3_deficit,"9,285 fewer K=3 itemsets (−0.7%)",count,deterministic,bench/results/2026-08-31-3090x2/FINDINGS.md,43,"mined **9,285 fewer K=3 itemsets (−0.7% of that level)** than the seven exact configs"
L-184,sw_prefilter_reject_factor,0.7×min_count,prefilter reject threshold,method-parameter,bench/results/2026-08-31-3090x2/FINDINGS.md,45,rejects candidates whose sampled estimate is < 0.7×min_count *without exact recount*
L-185,bench_deep_k_density_auto_wall_s,10.4 s vs 1.3 s,s (density-auto vs dense),hardware-dependent,bench/results/2026-08-31-3090x2/FINDINGS.md,57,took 10.4 s vs 1.3 s dense: post-transition levels (K=5–9) spend seconds
L-186,sw_sparse_crossover_rule,n/32,crossover (mean support),method-parameter,bench/results/2026-08-31-3090x2/FINDINGS.md,60,"The n/32 crossover optimizes memory, not yet time, at this scale."
L-187,bench_deep_k_density_auto_host_rebuild_s,~2.5 s per level,s (host tidset rebuild),hardware-dependent,bench/results/2026-08-31-3090x2/FINDINGS.md,66,"the host tidset rebuild, not the pair loop, cost ~2.5 s per level"
L-188,bench_deep_k_density_auto_wall_s,1.34 s,"s (deepk-density-auto, 2026-09-01 rerun)",hardware-dependent,bench/results/2026-08-31-3090x2/FINDINGS.md,67,`deepk-density-auto` runs in 1.34 s (== dense) with the identical signature
L-189,bench_stress_k2_filter_compact_wall_s,89.6 / 89.7 / 90.2 s,s (filter compact/cupy/cpu),hardware-dependent,bench/results/2026-08-31-3090x2/FINDINGS.md,73,**Filter impls** (compact/cupy/cpu) indistinguishable at this scale (89.6/89.7/90.2 s)
L-190,bench_stress_k2_filter_cpu_d2h_gb,2.4 GB,full-array D2H (cpu filter),hardware-dependent,bench/results/2026-08-31-3090x2/FINDINGS.md,74,the cpu impl's full-array D2H is only 2.4 GB here
L-191,doc_bench_findings_d2h_scale_gb,80 GB,D2H scale (not reachable on box),method-parameter,bench/results/2026-08-31-3090x2/FINDINGS.md,75,structurally required at the 80 GB-D2H scale this box cannot reach
L-192,bench_deep_k_nonccl_wall_s,0.9 s vs 1.3 s,s (NCCL fallback vs NCCL),hardware-dependent,bench/results/2026-08-31-3090x2/FINDINGS.md,76,"**NCCL fallback** (staged D2D): works, 0.9 s vs 1.3 s with NCCL on tiny data"
L-193,bench_skewed_rows_nnz_wall_s,1.5 vs 1.4 s,s (nnz vs rows balance),hardware-dependent,bench/results/2026-08-31-3090x2/FINDINGS.md,79,`nnz` shows no win over `rows` on the clustered preset (1.5 vs 1.4 s)
L-194,meta_log_bench_0901_git_sha,b8a5032b3e2c492dbc9e185ec24f0aa6b0206b4f,git sha,software,bench/results/2026-09-01-3090x2-sparse/env.txt,2,$ git rev-parse HEAD → b8a5032b3e2c492dbc9e185ec24f0aa6b0206b4f
L-195,meta_log_bench_0901_nvidia_smi_timestamp,Tue Sep  1 20:09:15 2026,timestamp,hardware-dependent,bench/results/2026-09-01-3090x2-sparse/env.txt,6,nvidia-smi banner: Tue Sep  1 20:09:15 2026
L-196,sw_bench_driver_version,580.159.03 / CUDA 13.0,driver / CUDA,software,bench/results/2026-09-01-3090x2-sparse/env.txt,8,NVIDIA-SMI 580.159.03 Driver Version: 580.159.03 CUDA Version: 13.0
L-197,hw_bench_gpu_model,NVIDIA GeForce RTX 3090 (GPU 0),GPU model,hardware-dependent,bench/results/2026-09-01-3090x2-sparse/env.txt,14,0  NVIDIA GeForce RTX 3090  On  00000000:01:00.0 Off
L-198,hw_bench_gpu_vram_mib,24576,MiB VRAM,hardware-dependent,bench/results/2026-09-01-3090x2-sparse/env.txt,15,"1MiB / 24576MiB (49W / 360W, 46C, P5)"
L-199,hw_bench_gpu_model,NVIDIA GeForce RTX 3090 (GPU 1),GPU model,hardware-dependent,bench/results/2026-09-01-3090x2-sparse/env.txt,18,1  NVIDIA GeForce RTX 3090  On  00000000:82:00.0 Off
L-200,meta_log_bench_pip_freeze_empty,(no output captured),—,software,bench/results/2026-09-01-3090x2-sparse/env.txt,32,pip freeze section empty (file otherwise identical to 2026-08-31 env.txt)
L-201,bench_campaign_0901_runs_status,13 ok / 0 failed,runs,deterministic,bench/results/2026-09-01-3090x2-sparse/report.md,3,"Runs: 13 ok, 0 failed/timeout."
L-202,bench_deep_k_density_auto_wall_s,1.3,s median wall,hardware-dependent,bench/results/2026-09-01-3090x2-sparse/report.md,9,deepk-density-auto | deep_k | legacy | compact | 2 | 1 | 1.3 | 1.3 | 408
L-203,bench_deep_k_density_auto_wall_s,1.3,s min wall,hardware-dependent,bench/results/2026-09-01-3090x2-sparse/report.md,9,deepk-density-auto: min s 1.3
L-204,bench_deep_k_density_auto_peak_vram_mb,408,MB peak VRAM,hardware-dependent,bench/results/2026-09-01-3090x2-sparse/report.md,9,deepk-density-auto: peak VRAM MB 408; throttled no
L-205,bench_deep_k_density_auto_params,gpus=2; reps=1; variant=legacy; preset=deep_k,params,method-parameter,bench/results/2026-09-01-3090x2-sparse/report.md,9,deepk-density-auto | deep_k | legacy | compact | 2 | 1
L-206,bench_deep_k_density_auto_1g_wall_s,0.7,s median wall,hardware-dependent,bench/results/2026-09-01-3090x2-sparse/report.md,10,deepk-density-auto-1g | deep_k | legacy | compact | 1 | 1 | 0.7 | 0.7 | 680
L-207,bench_deep_k_density_auto_1g_wall_s,0.7,s min wall,hardware-dependent,bench/results/2026-09-01-3090x2-sparse/report.md,10,deepk-density-auto-1g: min s 0.7
L-208,bench_deep_k_density_auto_1g_peak_vram_mb,680,MB peak VRAM,hardware-dependent,bench/results/2026-09-01-3090x2-sparse/report.md,10,deepk-density-auto-1g: peak VRAM MB 680; throttled no
L-209,bench_deep_k_density_auto_1g_params,gpus=1; reps=1; variant=legacy; preset=deep_k,params,method-parameter,bench/results/2026-09-01-3090x2-sparse/report.md,10,deepk-density-auto-1g | deep_k | legacy | compact | 1 | 1
L-210,bench_deep_k_legacy_1g_wall_s,0.6,s median wall,hardware-dependent,bench/results/2026-09-01-3090x2-sparse/report.md,11,deepk-legacy-1g | deep_k | legacy | compact | 1 | 1 | 0.6 | 0.6 | 352
L-211,bench_deep_k_legacy_1g_wall_s,0.6,s min wall,hardware-dependent,bench/results/2026-09-01-3090x2-sparse/report.md,11,deepk-legacy-1g: min s 0.6
L-212,bench_deep_k_legacy_1g_peak_vram_mb,352,MB peak VRAM,hardware-dependent,bench/results/2026-09-01-3090x2-sparse/report.md,11,deepk-legacy-1g: peak VRAM MB 352; throttled yes
L-213,bench_deep_k_legacy_1g_params,gpus=1; reps=1; variant=legacy; preset=deep_k,params,method-parameter,bench/results/2026-09-01-3090x2-sparse/report.md,11,deepk-legacy-1g | deep_k | legacy | compact | 1 | 1
L-214,bench_deep_k_legacy_2g_wall_s,1.3,s median wall,hardware-dependent,bench/results/2026-09-01-3090x2-sparse/report.md,12,deepk-legacy-2g | deep_k | legacy | compact | 2 | 1 | 1.3 | 1.3 | 416
L-215,bench_deep_k_legacy_2g_wall_s,1.3,s min wall,hardware-dependent,bench/results/2026-09-01-3090x2-sparse/report.md,12,deepk-legacy-2g: min s 1.3
L-216,bench_deep_k_legacy_2g_peak_vram_mb,416,MB peak VRAM,hardware-dependent,bench/results/2026-09-01-3090x2-sparse/report.md,12,deepk-legacy-2g: peak VRAM MB 416; throttled yes
L-217,bench_deep_k_legacy_2g_params,gpus=2; reps=1; variant=legacy; preset=deep_k,params,method-parameter,bench/results/2026-09-01-3090x2-sparse/report.md,12,deepk-legacy-2g | deep_k | legacy | compact | 2 | 1
L-218,bench_deep_k_nonccl_wall_s,0.9,s median wall,hardware-dependent,bench/results/2026-09-01-3090x2-sparse/report.md,13,deepk-nonccl | deep_k | legacy | compact | 2 | 1 | 0.9 | 0.9 | 310
L-219,bench_deep_k_nonccl_wall_s,0.9,s min wall,hardware-dependent,bench/results/2026-09-01-3090x2-sparse/report.md,13,deepk-nonccl: min s 0.9
L-220,bench_deep_k_nonccl_peak_vram_mb,310,MB peak VRAM,hardware-dependent,bench/results/2026-09-01-3090x2-sparse/report.md,13,deepk-nonccl: peak VRAM MB 310; throttled yes
L-221,bench_deep_k_nonccl_params,gpus=2; reps=1; variant=legacy; preset=deep_k,params,method-parameter,bench/results/2026-09-01-3090x2-sparse/report.md,13,deepk-nonccl | deep_k | legacy | compact | 2 | 1
L-222,bench_deep_k_prefilter_off_wall_s,0.6,s median wall,hardware-dependent,bench/results/2026-09-01-3090x2-sparse/report.md,14,deepk-prefilter-off | deep_k | legacy | compact | 1 | 1 | 0.6 | 0.6 | 352
L-223,bench_deep_k_prefilter_off_wall_s,0.6,s min wall,hardware-dependent,bench/results/2026-09-01-3090x2-sparse/report.md,14,deepk-prefilter-off: min s 0.6
L-224,bench_deep_k_prefilter_off_peak_vram_mb,352,MB peak VRAM,hardware-dependent,bench/results/2026-09-01-3090x2-sparse/report.md,14,deepk-prefilter-off: peak VRAM MB 352; throttled yes
L-225,bench_deep_k_prefilter_off_params,gpus=1; reps=1; variant=legacy; preset=deep_k,params,method-parameter,bench/results/2026-09-01-3090x2-sparse/report.md,14,deepk-prefilter-off | deep_k | legacy | compact | 1 | 1
L-226,bench_deep_k_shared_1g_wall_s,0.6,s median wall,hardware-dependent,bench/results/2026-09-01-3090x2-sparse/report.md,15,deepk-shared-1g | deep_k | shared | compact | 1 | 3 | 0.6 | 0.6 | 352
L-227,bench_deep_k_shared_1g_wall_s,0.6,s min wall,hardware-dependent,bench/results/2026-09-01-3090x2-sparse/report.md,15,deepk-shared-1g: min s 0.6
L-228,bench_deep_k_shared_1g_peak_vram_mb,352,MB peak VRAM,hardware-dependent,bench/results/2026-09-01-3090x2-sparse/report.md,15,deepk-shared-1g: peak VRAM MB 352; throttled yes
L-229,bench_deep_k_shared_1g_params,gpus=1; reps=3; variant=shared; preset=deep_k,params,method-parameter,bench/results/2026-09-01-3090x2-sparse/report.md,15,deepk-shared-1g | deep_k | shared | compact | 1 | 3
L-230,bench_deep_k_shared_2g_wall_s,1.4,s median wall,hardware-dependent,bench/results/2026-09-01-3090x2-sparse/report.md,16,deepk-shared-2g | deep_k | shared | compact | 2 | 3 | 1.4 | 1.3 | 416
L-231,bench_deep_k_shared_2g_wall_s,1.3,s min wall,hardware-dependent,bench/results/2026-09-01-3090x2-sparse/report.md,16,deepk-shared-2g: min s 1.3
L-232,bench_deep_k_shared_2g_peak_vram_mb,416,MB peak VRAM,hardware-dependent,bench/results/2026-09-01-3090x2-sparse/report.md,16,deepk-shared-2g: peak VRAM MB 416; throttled yes
L-233,bench_deep_k_shared_2g_params,gpus=2; reps=3; variant=shared; preset=deep_k,params,method-parameter,bench/results/2026-09-01-3090x2-sparse/report.md,16,deepk-shared-2g | deep_k | shared | compact | 2 | 3
L-234,bench_deep_k_single_prefilter_on_wall_s,0.6,s median wall,hardware-dependent,bench/results/2026-09-01-3090x2-sparse/report.md,17,deepk-single-prefilter-on | deep_k | legacy | compact | 1 | 1 | 0.6 | 0.6 | 352
L-235,bench_deep_k_single_prefilter_on_wall_s,0.6,s min wall,hardware-dependent,bench/results/2026-09-01-3090x2-sparse/report.md,17,deepk-single-prefilter-on: min s 0.6
L-236,bench_deep_k_single_prefilter_on_peak_vram_mb,352,MB peak VRAM,hardware-dependent,bench/results/2026-09-01-3090x2-sparse/report.md,17,deepk-single-prefilter-on: peak VRAM MB 352; throttled yes
L-237,bench_deep_k_single_prefilter_on_params,gpus=1; reps=1; variant=legacy; preset=deep_k,params,method-parameter,bench/results/2026-09-01-3090x2-sparse/report.md,17,deepk-single-prefilter-on | deep_k | legacy | compact | 1 | 1
L-238,bench_deep_k_shared_vs_legacy_2g_speedup,0.99×,"speedup shared vs legacy (deep_k, 2 GPUs)",hardware-dependent,bench/results/2026-09-01-3090x2-sparse/report.md,23,| deep_k | 2 | 1.3 | 1.4 | 0.99× |
L-239,bench_deep_k_shared_2g_wall_s,1.382,s (deepk-shared-2g#r2),hardware-dependent,bench/results/2026-09-01-3090x2-sparse/report.md,27,"**deep_k** (deepk-shared-2g#r2, 1.382s):"
L-240,bench_deep_k_shared_2g_levels,K1: candidates=112; frequent=112,count,deterministic,bench/results/2026-09-01-3090x2-sparse/report.md,31,deep_k per-level: | 1 | 112 | 112 | 25 |
L-241,bench_deep_k_shared_2g_level_ms,25,"ms (K=1, deepk-shared-2g#r2)",hardware-dependent,bench/results/2026-09-01-3090x2-sparse/report.md,31,| 1 | 112 | 112 | 25 |
L-242,bench_deep_k_shared_2g_levels,K2: candidates=0; frequent=471,count,deterministic,bench/results/2026-09-01-3090x2-sparse/report.md,32,deep_k per-level: | 2 | 0 | 471 | 50 |
L-243,bench_deep_k_shared_2g_level_ms,50,"ms (K=2, deepk-shared-2g#r2)",hardware-dependent,bench/results/2026-09-01-3090x2-sparse/report.md,32,| 2 | 0 | 471 | 50 |
L-244,bench_deep_k_shared_2g_levels,K3: candidates=0; frequent=901,count,deterministic,bench/results/2026-09-01-3090x2-sparse/report.md,33,deep_k per-level: | 3 | 0 | 901 | 7 |
L-245,bench_deep_k_shared_2g_level_ms,7,"ms (K=3, deepk-shared-2g#r2)",hardware-dependent,bench/results/2026-09-01-3090x2-sparse/report.md,33,| 3 | 0 | 901 | 7 |
L-246,bench_deep_k_shared_2g_levels,K4: candidates=0; frequent=1407,count,deterministic,bench/results/2026-09-01-3090x2-sparse/report.md,34,"deep_k per-level: | 4 | 0 | 1,407 | 9 |"
L-247,bench_deep_k_shared_2g_level_ms,9,"ms (K=4, deepk-shared-2g#r2)",hardware-dependent,bench/results/2026-09-01-3090x2-sparse/report.md,34,"| 4 | 0 | 1,407 | 9 |"
L-248,bench_deep_k_shared_2g_levels,K5: candidates=0; frequent=1854,count,deterministic,bench/results/2026-09-01-3090x2-sparse/report.md,35,"deep_k per-level: | 5 | 0 | 1,854 | 6 |"
L-249,bench_deep_k_shared_2g_level_ms,6,"ms (K=5, deepk-shared-2g#r2)",hardware-dependent,bench/results/2026-09-01-3090x2-sparse/report.md,35,"| 5 | 0 | 1,854 | 6 |"
L-250,bench_deep_k_shared_2g_levels,K6: candidates=0; frequent=1848,count,deterministic,bench/results/2026-09-01-3090x2-sparse/report.md,36,"deep_k per-level: | 6 | 0 | 1,848 | 3 |"
L-251,bench_deep_k_shared_2g_level_ms,3,"ms (K=6, deepk-shared-2g#r2)",hardware-dependent,bench/results/2026-09-01-3090x2-sparse/report.md,36,"| 6 | 0 | 1,848 | 3 |"
L-252,bench_deep_k_shared_2g_levels,K7: candidates=0; frequent=1320,count,deterministic,bench/results/2026-09-01-3090x2-sparse/report.md,37,"deep_k per-level: | 7 | 0 | 1,320 | 3 |"
L-253,bench_deep_k_shared_2g_level_ms,3,"ms (K=7, deepk-shared-2g#r2)",hardware-dependent,bench/results/2026-09-01-3090x2-sparse/report.md,37,"| 7 | 0 | 1,320 | 3 |"
L-254,bench_deep_k_shared_2g_levels,K8: candidates=0; frequent=660,count,deterministic,bench/results/2026-09-01-3090x2-sparse/report.md,38,deep_k per-level: | 8 | 0 | 660 | 2 |
L-255,bench_deep_k_shared_2g_level_ms,2,"ms (K=8, deepk-shared-2g#r2)",hardware-dependent,bench/results/2026-09-01-3090x2-sparse/report.md,38,| 8 | 0 | 660 | 2 |
L-256,bench_deep_k_shared_2g_levels,K9: candidates=0; frequent=220,count,deterministic,bench/results/2026-09-01-3090x2-sparse/report.md,39,deep_k per-level: | 9 | 0 | 220 | 2 |
L-257,bench_deep_k_shared_2g_level_ms,2,"ms (K=9, deepk-shared-2g#r2)",hardware-dependent,bench/results/2026-09-01-3090x2-sparse/report.md,39,| 9 | 0 | 220 | 2 |
L-258,bench_deep_k_shared_2g_levels,K10: candidates=0; frequent=44,count,deterministic,bench/results/2026-09-01-3090x2-sparse/report.md,40,deep_k per-level: | 10 | 0 | 44 | 2 |
L-259,bench_deep_k_shared_2g_level_ms,2,"ms (K=10, deepk-shared-2g#r2)",hardware-dependent,bench/results/2026-09-01-3090x2-sparse/report.md,40,| 10 | 0 | 44 | 2 |
L-260,bench_deep_k_shared_2g_levels,K11: candidates=0; frequent=4,count,deterministic,bench/results/2026-09-01-3090x2-sparse/report.md,41,deep_k per-level: | 11 | 0 | 4 | 2 |
L-261,bench_deep_k_shared_2g_level_ms,2,"ms (K=11, deepk-shared-2g#r2)",hardware-dependent,bench/results/2026-09-01-3090x2-sparse/report.md,41,| 11 | 0 | 4 | 2 |
L-262,hw_bench_gpu_model,2×RTX 3090; 2026-09-01,hardware/date,hardware-dependent,bench/results/2026-09-01-3090x2-sparse/FINDINGS.md,1,"# Sparse-CSR follow-up — 2×RTX 3090, 2026-09-01"
L-263,hw_bench_gpu_model,"2× RTX 3090 24 GB, sm_86, driver 580.159.03, CuPy 14.1.1",GPU/driver,hardware-dependent,bench/results/2026-09-01-3090x2-sparse/FINDINGS.md,4,"Same box as the 2026-08-31 campaign (2× RTX 3090 24 GB, sm_86, driver 580.159.03, CuPy 14.1.1, NCCL over SHM)"
L-264,bench_tier_equivalence_legs,9/9,tier-equivalence legs,deterministic,bench/results/2026-09-01-3090x2-sparse/FINDINGS.md,11,Tier-equivalence chain 9/9 — now extended with single-GPU and multi-GPU sparse CSR legs
L-265,sw_tier_equivalence_sparse_from_k,sparse_from_k=3,param (smoke preset),method-parameter,bench/results/2026-09-01-3090x2-sparse/FINDINGS.md,12,(`sparse_from_k=3` on the smoke preset; CLAUDE.md)
L-266,bench_campaign_0901_runs_status,13,deep_k configs,deterministic,bench/results/2026-09-01-3090x2-sparse/FINDINGS.md,13,"All 13 deep_k configs (dense legacy/shared × 1/2 GPUs, NCCL fallback, prefilter on/off, density-auto × 1/2 GPUs)"
L-267,bench_deep_k_exact_n_itemsets,8841,n_itemsets (deep_k),deterministic,bench/results/2026-09-01-3090x2-sparse/FINDINGS.md,15,"produce the campaign's exact signature: `n_itemsets=8841`, `sum_counts=266261275`,"
L-268,bench_deep_k_exact_sum_counts,266261275,sum_counts (deep_k),deterministic,bench/results/2026-09-01-3090x2-sparse/FINDINGS.md,15,`sum_counts=266261275`
L-269,bench_deep_k_exact_itemset_hash,4d2c8d28bcd33cd6…,itemset_hash prefix (deep_k),deterministic,bench/results/2026-09-01-3090x2-sparse/FINDINGS.md,16,`itemset_hash=4d2c8d28bcd33cd6…` — bit-identical to dense mining.
L-270,bench_deep_k_density_auto_wall_s,10.4 s vs 1.3 s,s,hardware-dependent,bench/results/2026-09-01-3090x2-sparse/FINDINGS.md,26,The campaign measured `deepk-density-auto` at 10.4 s vs 1.3 s dense
L-271,bench_deep_k_density_auto_pair_build_ms,~30 ms per level,ms (pair building),hardware-dependent,bench/results/2026-09-01-3090x2-sparse/FINDINGS.md,28,"pair building was ~30 ms per level, while ~2.5 s"
L-272,bench_deep_k_density_auto_host_rebuild_s,~2.5 s per level (84%),s / share (host tidset rebuild),hardware-dependent,bench/results/2026-09-01-3090x2-sparse/FINDINGS.md,29,~2.5 s per level (84%) went to rebuilding survivors' tidsets on the host
L-273,bench_deep_k_density_auto_wall_s,10.431 s → 1.343 s; legacy-2g 1.338 s; shared-2g 1.35 s; 1.00×,s / ratio (deepk-density-auto 2 GPUs),hardware-dependent,bench/results/2026-09-01-3090x2-sparse/FINDINGS.md,34,"| `deepk-density-auto` (2 GPUs) | 10.431 s | **1.343 s** | legacy-2g 1.338 s, shared-2g 1.35 s → **1.00×** |"
L-274,bench_deep_k_density_auto_1g_wall_s,0.710 s; legacy-1g 0.584 s; 1.22×,s / ratio (deepk-density-auto-1g),hardware-dependent,bench/results/2026-09-01-3090x2-sparse/FINDINGS.md,35,| `deepk-density-auto-1g` (new) | — | **0.710 s** | legacy-1g 0.584 s → 1.22× |
L-275,bench_deep_k_density_auto_transition_k,K=5,sparse transition level (deep_k),method-parameter,bench/results/2026-09-01-3090x2-sparse/FINDINGS.md,37,"Per-level, 2 GPUs (ms; the sparse path runs from K=5):"
L-276,bench_deep_k_density_auto_level_ms,K5: frequent=1854; ms 08-31=3145; ms 09-01=48 (transition + first-use NVRTC compile); dense legacy-2g ms=3.6,count / ms,hardware-dependent,bench/results/2026-09-01-3090x2-sparse/FINDINGS.md,41,"| 5 | 1,854 | 3145 | 48 (transition + first-use NVRTC compile) | 3.6 |"
L-277,bench_deep_k_density_auto_level_ms,K6: frequent=1848; ms 08-31=2553; ms 09-01=4.1; dense legacy-2g ms=2.4,count / ms,hardware-dependent,bench/results/2026-09-01-3090x2-sparse/FINDINGS.md,42,"| 6 | 1,848 | 2553 | 4.1 | 2.4 |"
L-278,bench_deep_k_density_auto_level_ms,K7: frequent=1320; ms 08-31=1817; ms 09-01=3.5; dense legacy-2g ms=2.5,count / ms,hardware-dependent,bench/results/2026-09-01-3090x2-sparse/FINDINGS.md,43,"| 7 | 1,320 | 1817 | 3.5 | 2.5 |"
L-279,bench_deep_k_density_auto_level_ms,K8: frequent=660; ms 08-31=902; ms 09-01=3.0; dense legacy-2g ms=3.2,count / ms,hardware-dependent,bench/results/2026-09-01-3090x2-sparse/FINDINGS.md,44,| 8 | 660 | 902 | 3.0 | 3.2 |
L-280,bench_deep_k_density_auto_level_ms,K9: frequent=220; ms 08-31=374; ms 09-01=2.9; dense legacy-2g ms=2.4,count / ms,hardware-dependent,bench/results/2026-09-01-3090x2-sparse/FINDINGS.md,45,| 9 | 220 | 374 | 2.9 | 2.4 |
L-281,bench_deep_k_density_auto_level_ms,K10: frequent=44; ms 08-31=65; ms 09-01=2.7; dense legacy-2g ms=2.2,count / ms,hardware-dependent,bench/results/2026-09-01-3090x2-sparse/FINDINGS.md,46,| 10 | 44 | 65 | 2.7 | 2.2 |
L-282,bench_deep_k_density_auto_level_ms,K11: frequent=4; ms 08-31=14; ms 09-01=2.7; dense legacy-2g ms=1.9,count / ms,hardware-dependent,bench/results/2026-09-01-3090x2-sparse/FINDINGS.md,47,| 11 | 4 | 14 | 2.7 | 1.9 |
L-283,bench_deep_k_density_auto_level_speedup,~700×,per-level speedup vs host rebuild,hardware-dependent,bench/results/2026-09-01-3090x2-sparse/FINDINGS.md,49,Sparse levels are now single-digit milliseconds — ~700× faster per level than the host rebuild
L-284,bench_deep_k_density_auto_peak_vram_mb,406/408 MB (dense 414/416 MB),MB peak VRAM,hardware-dependent,bench/results/2026-09-01-3090x2-sparse/FINDINGS.md,51,Peak VRAM 406/408 MB (dense 414/416 MB)
L-285,bench_deep_k_density_auto_transition_mb,156 MB tidsets vs 168 MB bitvecs,MB at transition (deep_k),deterministic,bench/results/2026-09-01-3090x2-sparse/FINDINGS.md,64,at deep_k scale it saves almost nothing (156 MB tidsets vs 168 MB bitvecs at the transition)
L-286,bench_deep_k_density_auto_1g_level_ms,"~11–15 ms sparse vs ~2–11 ms dense (K=6–9, 1 GPU)",ms per level,hardware-dependent,bench/results/2026-09-01-3090x2-sparse/FINDINGS.md,76,The single-GPU sparse levels cost ~11–15 ms each vs ~2–11 ms dense on one 3090 (K=6–9)
L-287,bench_deep_k_density_auto_1g_wall_s,0.7 s,s wall (1-GPU density-auto),hardware-dependent,bench/results/2026-09-01-3090x2-sparse/FINDINGS.md,80,Not worth tuning at a 0.7 s wall.
L-288,bench_deep_k_nonccl_wall_s,0.90 s vs 1.34 s,s (nonccl vs NCCL),hardware-dependent,bench/results/2026-09-01-3090x2-sparse/FINDINGS.md,81,`deepk-nonccl` (0.90 s) is faster than NCCL (1.34 s) on this tiny data
L-289,bench_stress_k2_legacy_1g_params,"preset=stress_k2; env={'ET_MINER_KERNEL_VARIANT': 'legacy', 'CUDA_VISIBLE_DEVICES': '0'}; n_gpus=1; sparse_from_k=None; max_length=3; min_support=None; two_phase=False; timeout_s=3600",params,method-parameter,bench/results/2026-08-31-3090x2/raw.jsonl,1,"""id"": ""stressk2-legacy-1g#r0"", ""preset"": ""stress_k2"" … ""result_path"": ""/root/projects/ET-Miner/bench/results/campaign/stressk2-legacy-1g_r0.result.json"""
L-290,bench_stress_k2_legacy_1g_wall_s,2238.846,s wall,hardware-dependent,bench/results/2026-08-31-3090x2/raw.jsonl,1,"stressk2-legacy-1g#r0: ""status"": ""ok"", ""wall_s"": 2238.846"
L-291,bench_stress_k2_legacy_1g_peak_vram_mb,GPU0=17340; GPU1=4,MB peak VRAM,hardware-dependent,bench/results/2026-08-31-3090x2/raw.jsonl,1,"stressk2-legacy-1g#r0: ""peak_vram_mb"": {""0"": 17340, ""1"": 4}"
L-292,bench_stress_k2_legacy_1g_throttle_flags,"0x0000000000000001, 0x0000000000000004",nvml throttle flags,hardware-dependent,bench/results/2026-08-31-3090x2/raw.jsonl,1,"stressk2-legacy-1g#r0: ""throttle_reasons"": [""0x0000000000000001"", ""0x0000000000000004""]"
L-293,bench_stress_k2_legacy_1g_n_itemsets,2996485,n_itemsets,deterministic,bench/results/2026-08-31-3090x2/raw.jsonl,1,"stressk2-legacy-1g#r0: ""motifs_ok"": true, ""n_itemsets"": 2996485"
L-294,bench_stress_k2_legacy_1g_sum_counts,314055259,sum_counts,deterministic,bench/results/2026-08-31-3090x2/raw.jsonl,1,"stressk2-legacy-1g#r0: ""sum_counts"": 314055259"
L-295,bench_stress_k2_legacy_1g_itemset_hash,0b3e8434997fd3b1ec1e95357857b6d575988d0f4d32f478710738887828aca6,sha256 itemset_hash,deterministic,bench/results/2026-08-31-3090x2/raw.jsonl,1,"stressk2-legacy-1g#r0: ""itemset_hash"": ""0b3e8434997fd3b1…"""
L-296,bench_stress_k2_legacy_1g_levels,K1 cand=35000 freq=35000; K2 cand=612482500 freq=1660332; K3 cand=1301153 freq=1301153,per-level candidates/frequent,deterministic,bench/results/2026-08-31-3090x2/raw.jsonl,1,"stressk2-legacy-1g#r0: ""levels"": [{""k"": 1, ""n_candidates"": 35000, ""n_frequent"": 35000 …"
L-297,bench_stress_k2_legacy_1g_level_ms,K1=71.9; K2=175580.2; K3=2046663.2,ms per level,hardware-dependent,bench/results/2026-08-31-3090x2/raw.jsonl,1,"stressk2-legacy-1g#r0: per-level ""ms"" values (rounded to 0.1)"
L-298,bench_deep_k_legacy_1g_params,"preset=deep_k; env={'ET_MINER_KERNEL_VARIANT': 'legacy', 'CUDA_VISIBLE_DEVICES': '0'}; n_gpus=1; sparse_from_k=None; max_length=None; min_support=None; two_phase=False; timeout_s=1800",params,method-parameter,bench/results/2026-08-31-3090x2/raw.jsonl,2,"""id"": ""deepk-legacy-1g#r0"", ""preset"": ""deep_k"" … ""result_path"": ""/root/projects/ET-Miner/bench/results/campaign/deepk-legacy-1g_r0.result.json"""
L-299,bench_deep_k_legacy_1g_wall_s,0.603,s wall,hardware-dependent,bench/results/2026-08-31-3090x2/raw.jsonl,2,"deepk-legacy-1g#r0: ""status"": ""ok"", ""wall_s"": 0.603"
L-300,bench_deep_k_legacy_1g_peak_vram_mb,GPU0=352; GPU1=4,MB peak VRAM,hardware-dependent,bench/results/2026-08-31-3090x2/raw.jsonl,2,"deepk-legacy-1g#r0: ""peak_vram_mb"": {""0"": 352, ""1"": 4}"
L-301,bench_deep_k_legacy_1g_throttle_flags,0x0000000000000001,nvml throttle flags,hardware-dependent,bench/results/2026-08-31-3090x2/raw.jsonl,2,"deepk-legacy-1g#r0: ""throttle_reasons"": [""0x0000000000000001""]"
L-302,bench_deep_k_exact_n_itemsets,8841,n_itemsets,deterministic,bench/results/2026-08-31-3090x2/raw.jsonl,2,"deepk-legacy-1g#r0: ""motifs_ok"": true, ""n_itemsets"": 8841"
L-303,bench_deep_k_exact_sum_counts,266261275,sum_counts,deterministic,bench/results/2026-08-31-3090x2/raw.jsonl,2,"deepk-legacy-1g#r0: ""sum_counts"": 266261275"
L-304,bench_deep_k_exact_itemset_hash,4d2c8d28bcd33cd61f763915e42cb60c0f60f16e1ffec2af32a887faabf47567,sha256 itemset_hash,deterministic,bench/results/2026-08-31-3090x2/raw.jsonl,2,"deepk-legacy-1g#r0: ""itemset_hash"": ""4d2c8d28bcd33cd6…"""
L-305,bench_deep_k_legacy_1g_levels,K1 cand=112 freq=112; K2 cand=6216 freq=471; K3 cand=901 freq=901; K4 cand=1407 freq=1407; K5 cand=1854 freq=1854; K6 cand=1848 freq=1848; K7 cand=1320 freq=1320; K8 cand=660 freq=660; K9 cand=220 freq=220; K10 cand=44 freq=44; K11 cand=4 freq=4,per-level candidates/frequent,deterministic,bench/results/2026-08-31-3090x2/raw.jsonl,2,"deepk-legacy-1g#r0: ""levels"": [{""k"": 1, ""n_candidates"": 112, ""n_frequent"": 112 …"
L-306,bench_deep_k_legacy_1g_level_ms,K1=11.7; K2=3.4; K3=6.0; K4=7.9; K5=10.4; K6=12.3; K7=9.0; K8=5.0; K9=2.1; K10=0.8; K11=0.4,ms per level,hardware-dependent,bench/results/2026-08-31-3090x2/raw.jsonl,2,"deepk-legacy-1g#r0: per-level ""ms"" values (rounded to 0.1)"
L-307,bench_stress_k2_filter_compact_params,"preset=stress_k2; env={'ET_MINER_KERNEL_VARIANT': 'legacy', 'ET_MINER_FILTER_IMPL': 'compact'}; n_gpus=2; sparse_from_k=None; max_length=2; min_support=None; two_phase=False; timeout_s=1800",params,method-parameter,bench/results/2026-08-31-3090x2/raw.jsonl,3,"""id"": ""stressk2-filter-compact#r0"", ""preset"": ""stress_k2"" … ""result_path"": ""/root/projects/ET-Miner/bench/results/campaign/stressk2-filter-compact_r0.result.json"""
L-308,bench_stress_k2_filter_compact_wall_s,89.571,s wall,hardware-dependent,bench/results/2026-08-31-3090x2/raw.jsonl,3,"stressk2-filter-compact#r0: ""status"": ""ok"", ""wall_s"": 89.571"
L-309,bench_stress_k2_filter_compact_peak_vram_mb,GPU0=6918; GPU1=6918,MB peak VRAM,hardware-dependent,bench/results/2026-08-31-3090x2/raw.jsonl,3,"stressk2-filter-compact#r0: ""peak_vram_mb"": {""0"": 6918, ""1"": 6918}"
L-310,bench_stress_k2_filter_compact_throttle_flags,"0x0000000000000001, 0x0000000000000004",nvml throttle flags,hardware-dependent,bench/results/2026-08-31-3090x2/raw.jsonl,3,"stressk2-filter-compact#r0: ""throttle_reasons"": [""0x0000000000000001"", ""0x0000000000000004""]"
L-311,bench_stress_k2_ml2_n_itemsets,1695332,n_itemsets,deterministic,bench/results/2026-08-31-3090x2/raw.jsonl,3,"stressk2-filter-compact#r0: ""motifs_ok"": true, ""n_itemsets"": 1695332"
L-312,bench_stress_k2_ml2_sum_counts,218250884,sum_counts,deterministic,bench/results/2026-08-31-3090x2/raw.jsonl,3,"stressk2-filter-compact#r0: ""sum_counts"": 218250884"
L-313,bench_stress_k2_ml2_itemset_hash,8d989bfcc6e5c745f67108a9b76aacdbe7ae7929ae1df9a0b96a5d2f9dfba006,sha256 itemset_hash,deterministic,bench/results/2026-08-31-3090x2/raw.jsonl,3,"stressk2-filter-compact#r0: ""itemset_hash"": ""8d989bfcc6e5c745…"""
L-314,bench_stress_k2_filter_compact_levels,K1 cand=35000 freq=35000; K2 cand=0 freq=1660332,per-level candidates/frequent,deterministic,bench/results/2026-08-31-3090x2/raw.jsonl,3,"stressk2-filter-compact#r0: ""levels"": [{""k"": 1, ""n_candidates"": 35000, ""n_frequent"": 35000 …"
L-315,bench_stress_k2_filter_compact_level_ms,K1=40.9; K2=86424.3,ms per level,hardware-dependent,bench/results/2026-08-31-3090x2/raw.jsonl,3,"stressk2-filter-compact#r0: per-level ""ms"" values (rounded to 0.1)"
L-316,bench_stress_k2_filter_cupy_params,"preset=stress_k2; env={'ET_MINER_KERNEL_VARIANT': 'legacy', 'ET_MINER_FILTER_IMPL': 'cupy'}; n_gpus=2; sparse_from_k=None; max_length=2; min_support=None; two_phase=False; timeout_s=1800",params,method-parameter,bench/results/2026-08-31-3090x2/raw.jsonl,4,"""id"": ""stressk2-filter-cupy#r0"", ""preset"": ""stress_k2"" … ""result_path"": ""/root/projects/ET-Miner/bench/results/campaign/stressk2-filter-cupy_r0.result.json"""
L-317,bench_stress_k2_filter_cupy_wall_s,89.665,s wall,hardware-dependent,bench/results/2026-08-31-3090x2/raw.jsonl,4,"stressk2-filter-cupy#r0: ""status"": ""ok"", ""wall_s"": 89.665"
L-318,bench_stress_k2_filter_cupy_peak_vram_mb,GPU0=6998; GPU1=6920,MB peak VRAM,hardware-dependent,bench/results/2026-08-31-3090x2/raw.jsonl,4,"stressk2-filter-cupy#r0: ""peak_vram_mb"": {""0"": 6998, ""1"": 6920}"
L-319,bench_stress_k2_filter_cupy_throttle_flags,"0x0000000000000001, 0x0000000000000004",nvml throttle flags,hardware-dependent,bench/results/2026-08-31-3090x2/raw.jsonl,4,"stressk2-filter-cupy#r0: ""throttle_reasons"": [""0x0000000000000001"", ""0x0000000000000004""]"
L-320,bench_stress_k2_ml2_n_itemsets,1695332,n_itemsets,deterministic,bench/results/2026-08-31-3090x2/raw.jsonl,4,"stressk2-filter-cupy#r0: ""motifs_ok"": true, ""n_itemsets"": 1695332"
L-321,bench_stress_k2_ml2_sum_counts,218250884,sum_counts,deterministic,bench/results/2026-08-31-3090x2/raw.jsonl,4,"stressk2-filter-cupy#r0: ""sum_counts"": 218250884"
L-322,bench_stress_k2_ml2_itemset_hash,8d989bfcc6e5c745f67108a9b76aacdbe7ae7929ae1df9a0b96a5d2f9dfba006,sha256 itemset_hash,deterministic,bench/results/2026-08-31-3090x2/raw.jsonl,4,"stressk2-filter-cupy#r0: ""itemset_hash"": ""8d989bfcc6e5c745…"""
L-323,bench_stress_k2_filter_cupy_levels,K1 cand=35000 freq=35000; K2 cand=0 freq=1660332,per-level candidates/frequent,deterministic,bench/results/2026-08-31-3090x2/raw.jsonl,4,"stressk2-filter-cupy#r0: ""levels"": [{""k"": 1, ""n_candidates"": 35000, ""n_frequent"": 35000 …"
L-324,bench_stress_k2_filter_cupy_level_ms,K1=41.4; K2=86467.9,ms per level,hardware-dependent,bench/results/2026-08-31-3090x2/raw.jsonl,4,"stressk2-filter-cupy#r0: per-level ""ms"" values (rounded to 0.1)"
L-325,bench_stress_k2_filter_cpu_params,"preset=stress_k2; env={'ET_MINER_KERNEL_VARIANT': 'legacy', 'ET_MINER_FILTER_IMPL': 'cpu'}; n_gpus=2; sparse_from_k=None; max_length=2; min_support=None; two_phase=False; timeout_s=1800",params,method-parameter,bench/results/2026-08-31-3090x2/raw.jsonl,5,"""id"": ""stressk2-filter-cpu#r0"", ""preset"": ""stress_k2"" … ""result_path"": ""/root/projects/ET-Miner/bench/results/campaign/stressk2-filter-cpu_r0.result.json"""
L-326,bench_stress_k2_filter_cpu_wall_s,90.196,s wall,hardware-dependent,bench/results/2026-08-31-3090x2/raw.jsonl,5,"stressk2-filter-cpu#r0: ""status"": ""ok"", ""wall_s"": 90.196"
L-327,bench_stress_k2_filter_cpu_peak_vram_mb,GPU0=6920; GPU1=6920,MB peak VRAM,hardware-dependent,bench/results/2026-08-31-3090x2/raw.jsonl,5,"stressk2-filter-cpu#r0: ""peak_vram_mb"": {""0"": 6920, ""1"": 6920}"
L-328,bench_stress_k2_filter_cpu_throttle_flags,"0x0000000000000001, 0x0000000000000004",nvml throttle flags,hardware-dependent,bench/results/2026-08-31-3090x2/raw.jsonl,5,"stressk2-filter-cpu#r0: ""throttle_reasons"": [""0x0000000000000001"", ""0x0000000000000004""]"
L-329,bench_stress_k2_ml2_n_itemsets,1695332,n_itemsets,deterministic,bench/results/2026-08-31-3090x2/raw.jsonl,5,"stressk2-filter-cpu#r0: ""motifs_ok"": true, ""n_itemsets"": 1695332"
L-330,bench_stress_k2_ml2_sum_counts,218250884,sum_counts,deterministic,bench/results/2026-08-31-3090x2/raw.jsonl,5,"stressk2-filter-cpu#r0: ""sum_counts"": 218250884"
L-331,bench_stress_k2_ml2_itemset_hash,8d989bfcc6e5c745f67108a9b76aacdbe7ae7929ae1df9a0b96a5d2f9dfba006,sha256 itemset_hash,deterministic,bench/results/2026-08-31-3090x2/raw.jsonl,5,"stressk2-filter-cpu#r0: ""itemset_hash"": ""8d989bfcc6e5c745…"""
L-332,bench_stress_k2_filter_cpu_levels,K1 cand=35000 freq=35000; K2 cand=0 freq=1660332,per-level candidates/frequent,deterministic,bench/results/2026-08-31-3090x2/raw.jsonl,5,"stressk2-filter-cpu#r0: ""levels"": [{""k"": 1, ""n_candidates"": 35000, ""n_frequent"": 35000 …"
L-333,bench_stress_k2_filter_cpu_level_ms,K1=52.0; K2=86704.7,ms per level,hardware-dependent,bench/results/2026-08-31-3090x2/raw.jsonl,5,"stressk2-filter-cpu#r0: per-level ""ms"" values (rounded to 0.1)"
L-334,bench_deep_k_nonccl_params,"preset=deep_k; env={'ET_MINER_KERNEL_VARIANT': 'legacy', 'ET_MINER_DISABLE_NCCL': '1'}; n_gpus=2; sparse_from_k=None; max_length=None; min_support=None; two_phase=False; timeout_s=1800",params,method-parameter,bench/results/2026-08-31-3090x2/raw.jsonl,6,"""id"": ""deepk-nonccl#r0"", ""preset"": ""deep_k"" … ""result_path"": ""/root/projects/ET-Miner/bench/results/campaign/deepk-nonccl_r0.result.json"""
L-335,bench_deep_k_nonccl_wall_s,0.863,s wall,hardware-dependent,bench/results/2026-08-31-3090x2/raw.jsonl,6,"deepk-nonccl#r0: ""status"": ""ok"", ""wall_s"": 0.863"
L-336,bench_deep_k_nonccl_peak_vram_mb,GPU0=310; GPU1=310,MB peak VRAM,hardware-dependent,bench/results/2026-08-31-3090x2/raw.jsonl,6,"deepk-nonccl#r0: ""peak_vram_mb"": {""0"": 310, ""1"": 310}"
L-337,bench_deep_k_nonccl_throttle_flags,(none),nvml throttle flags,hardware-dependent,bench/results/2026-08-31-3090x2/raw.jsonl,6,"deepk-nonccl#r0: ""throttle_reasons"": []"
L-338,bench_deep_k_exact_n_itemsets,8841,n_itemsets,deterministic,bench/results/2026-08-31-3090x2/raw.jsonl,6,"deepk-nonccl#r0: ""motifs_ok"": true, ""n_itemsets"": 8841"
L-339,bench_deep_k_exact_sum_counts,266261275,sum_counts,deterministic,bench/results/2026-08-31-3090x2/raw.jsonl,6,"deepk-nonccl#r0: ""sum_counts"": 266261275"
L-340,bench_deep_k_exact_itemset_hash,4d2c8d28bcd33cd61f763915e42cb60c0f60f16e1ffec2af32a887faabf47567,sha256 itemset_hash,deterministic,bench/results/2026-08-31-3090x2/raw.jsonl,6,"deepk-nonccl#r0: ""itemset_hash"": ""4d2c8d28bcd33cd6…"""
L-341,bench_deep_k_nonccl_levels,K1 cand=112 freq=112; K2 cand=0 freq=471; K3 cand=0 freq=901; K4 cand=0 freq=1407; K5 cand=0 freq=1854; K6 cand=0 freq=1848; K7 cand=0 freq=1320; K8 cand=0 freq=660; K9 cand=0 freq=220; K10 cand=0 freq=44; K11 cand=0 freq=4,per-level candidates/frequent,deterministic,bench/results/2026-08-31-3090x2/raw.jsonl,6,"deepk-nonccl#r0: ""levels"": [{""k"": 1, ""n_candidates"": 112, ""n_frequent"": 112 …"
L-342,bench_deep_k_nonccl_level_ms,K1=20.4; K2=12.8; K3=4.3; K4=4.4; K5=3.1; K6=2.2; K7=2.3; K8=2.2; K9=1.8; K10=2.1; K11=1.7,ms per level,hardware-dependent,bench/results/2026-08-31-3090x2/raw.jsonl,6,"deepk-nonccl#r0: per-level ""ms"" values (rounded to 0.1)"
L-343,bench_deep_k_density_auto_params,preset=deep_k; env={'ET_MINER_KERNEL_VARIANT': 'legacy'}; n_gpus=2; sparse_from_k=auto; max_length=None; min_support=None; two_phase=False; timeout_s=1800,params,method-parameter,bench/results/2026-08-31-3090x2/raw.jsonl,7,"""id"": ""deepk-density-auto#r0"", ""preset"": ""deep_k"" … ""result_path"": ""/root/projects/ET-Miner/bench/results/campaign/deepk-density-auto_r0.result.json"""
L-344,bench_deep_k_density_auto_wall_s,10.431,s wall,hardware-dependent,bench/results/2026-08-31-3090x2/raw.jsonl,7,"deepk-density-auto#r0: ""status"": ""ok"", ""wall_s"": 10.431"
L-345,bench_deep_k_density_auto_peak_vram_mb,GPU0=416; GPU1=416,MB peak VRAM,hardware-dependent,bench/results/2026-08-31-3090x2/raw.jsonl,7,"deepk-density-auto#r0: ""peak_vram_mb"": {""0"": 416, ""1"": 416}"
L-346,bench_deep_k_density_auto_throttle_flags,(none),nvml throttle flags,hardware-dependent,bench/results/2026-08-31-3090x2/raw.jsonl,7,"deepk-density-auto#r0: ""throttle_reasons"": []"
L-347,bench_deep_k_exact_n_itemsets,8841,n_itemsets,deterministic,bench/results/2026-08-31-3090x2/raw.jsonl,7,"deepk-density-auto#r0: ""motifs_ok"": true, ""n_itemsets"": 8841"
L-348,bench_deep_k_exact_sum_counts,266261275,sum_counts,deterministic,bench/results/2026-08-31-3090x2/raw.jsonl,7,"deepk-density-auto#r0: ""sum_counts"": 266261275"
L-349,bench_deep_k_exact_itemset_hash,4d2c8d28bcd33cd61f763915e42cb60c0f60f16e1ffec2af32a887faabf47567,sha256 itemset_hash,deterministic,bench/results/2026-08-31-3090x2/raw.jsonl,7,"deepk-density-auto#r0: ""itemset_hash"": ""4d2c8d28bcd33cd6…"""
L-350,bench_deep_k_density_auto_levels,K1 cand=112 freq=112; K2 cand=0 freq=471; K3 cand=0 freq=901; K4 cand=0 freq=1407; K5 cand=0 freq=1854; K6 cand=0 freq=1848; K7 cand=0 freq=1320; K8 cand=0 freq=660; K9 cand=0 freq=220; K10 cand=0 freq=44; K11 cand=0 freq=4,per-level candidates/frequent,deterministic,bench/results/2026-08-31-3090x2/raw.jsonl,7,"deepk-density-auto#r0: ""levels"": [{""k"": 1, ""n_candidates"": 112, ""n_frequent"": 112 …"
L-351,bench_deep_k_density_auto_level_ms,K1=26.5; K2=45.8; K3=5.3; K4=5.5; K5=3145.4; K6=2552.8; K7=1817.4; K8=902.1; K9=373.7; K10=65.2; K11=13.6,ms per level,hardware-dependent,bench/results/2026-08-31-3090x2/raw.jsonl,7,"deepk-density-auto#r0: per-level ""ms"" values (rounded to 0.1)"
L-352,bench_deep_k_prefilter_off_params,"preset=deep_k; env={'ET_MINER_KERNEL_VARIANT': 'legacy', 'CUDA_VISIBLE_DEVICES': '0', 'ET_MINER_DISABLE_PREFILTER': '1'}; n_gpus=1; sparse_from_k=None; max_length=None; min_support=None; two_phase=False; timeout_s=1800",params,method-parameter,bench/results/2026-08-31-3090x2/raw.jsonl,8,"""id"": ""deepk-prefilter-off#r0"", ""preset"": ""deep_k"" … ""result_path"": ""/root/projects/ET-Miner/bench/results/campaign/deepk-prefilter-off_r0.result.json"""
L-353,bench_deep_k_prefilter_off_wall_s,0.609,s wall,hardware-dependent,bench/results/2026-08-31-3090x2/raw.jsonl,8,"deepk-prefilter-off#r0: ""status"": ""ok"", ""wall_s"": 0.609"
L-354,bench_deep_k_prefilter_off_peak_vram_mb,GPU0=352; GPU1=4,MB peak VRAM,hardware-dependent,bench/results/2026-08-31-3090x2/raw.jsonl,8,"deepk-prefilter-off#r0: ""peak_vram_mb"": {""0"": 352, ""1"": 4}"
L-355,bench_deep_k_prefilter_off_throttle_flags,(none),nvml throttle flags,hardware-dependent,bench/results/2026-08-31-3090x2/raw.jsonl,8,"deepk-prefilter-off#r0: ""throttle_reasons"": []"
L-356,bench_deep_k_exact_n_itemsets,8841,n_itemsets,deterministic,bench/results/2026-08-31-3090x2/raw.jsonl,8,"deepk-prefilter-off#r0: ""motifs_ok"": true, ""n_itemsets"": 8841"
L-357,bench_deep_k_exact_sum_counts,266261275,sum_counts,deterministic,bench/results/2026-08-31-3090x2/raw.jsonl,8,"deepk-prefilter-off#r0: ""sum_counts"": 266261275"
L-358,bench_deep_k_exact_itemset_hash,4d2c8d28bcd33cd61f763915e42cb60c0f60f16e1ffec2af32a887faabf47567,sha256 itemset_hash,deterministic,bench/results/2026-08-31-3090x2/raw.jsonl,8,"deepk-prefilter-off#r0: ""itemset_hash"": ""4d2c8d28bcd33cd6…"""
L-359,bench_deep_k_prefilter_off_levels,K1 cand=112 freq=112; K2 cand=6216 freq=471; K3 cand=901 freq=901; K4 cand=1407 freq=1407; K5 cand=1854 freq=1854; K6 cand=1848 freq=1848; K7 cand=1320 freq=1320; K8 cand=660 freq=660; K9 cand=220 freq=220; K10 cand=44 freq=44; K11 cand=4 freq=4,per-level candidates/frequent,deterministic,bench/results/2026-08-31-3090x2/raw.jsonl,8,"deepk-prefilter-off#r0: ""levels"": [{""k"": 1, ""n_candidates"": 112, ""n_frequent"": 112 …"
L-360,bench_deep_k_prefilter_off_level_ms,K1=11.4; K2=3.4; K3=6.0; K4=7.9; K5=12.4; K6=11.5; K7=9.0; K8=5.2; K9=2.1; K10=0.8; K11=0.4,ms per level,hardware-dependent,bench/results/2026-08-31-3090x2/raw.jsonl,8,"deepk-prefilter-off#r0: per-level ""ms"" values (rounded to 0.1)"
L-361,bench_deep_k_single_prefilter_on_params,"preset=deep_k; env={'ET_MINER_KERNEL_VARIANT': 'legacy', 'CUDA_VISIBLE_DEVICES': '0'}; n_gpus=1; sparse_from_k=None; max_length=None; min_support=None; two_phase=False; timeout_s=1800",params,method-parameter,bench/results/2026-08-31-3090x2/raw.jsonl,9,"""id"": ""deepk-single-prefilter-on#r0"", ""preset"": ""deep_k"" … ""result_path"": ""/root/projects/ET-Miner/bench/results/campaign/deepk-single-prefilter-on_r0.result.json"""
L-362,bench_deep_k_single_prefilter_on_wall_s,0.592,s wall,hardware-dependent,bench/results/2026-08-31-3090x2/raw.jsonl,9,"deepk-single-prefilter-on#r0: ""status"": ""ok"", ""wall_s"": 0.592"
L-363,bench_deep_k_single_prefilter_on_peak_vram_mb,GPU0=352; GPU1=4,MB peak VRAM,hardware-dependent,bench/results/2026-08-31-3090x2/raw.jsonl,9,"deepk-single-prefilter-on#r0: ""peak_vram_mb"": {""0"": 352, ""1"": 4}"
L-364,bench_deep_k_single_prefilter_on_throttle_flags,0x0000000000000001,nvml throttle flags,hardware-dependent,bench/results/2026-08-31-3090x2/raw.jsonl,9,"deepk-single-prefilter-on#r0: ""throttle_reasons"": [""0x0000000000000001""]"
L-365,bench_deep_k_exact_n_itemsets,8841,n_itemsets,deterministic,bench/results/2026-08-31-3090x2/raw.jsonl,9,"deepk-single-prefilter-on#r0: ""motifs_ok"": true, ""n_itemsets"": 8841"
L-366,bench_deep_k_exact_sum_counts,266261275,sum_counts,deterministic,bench/results/2026-08-31-3090x2/raw.jsonl,9,"deepk-single-prefilter-on#r0: ""sum_counts"": 266261275"
L-367,bench_deep_k_exact_itemset_hash,4d2c8d28bcd33cd61f763915e42cb60c0f60f16e1ffec2af32a887faabf47567,sha256 itemset_hash,deterministic,bench/results/2026-08-31-3090x2/raw.jsonl,9,"deepk-single-prefilter-on#r0: ""itemset_hash"": ""4d2c8d28bcd33cd6…"""
L-368,bench_deep_k_single_prefilter_on_levels,K1 cand=112 freq=112; K2 cand=6216 freq=471; K3 cand=901 freq=901; K4 cand=1407 freq=1407; K5 cand=1854 freq=1854; K6 cand=1848 freq=1848; K7 cand=1320 freq=1320; K8 cand=660 freq=660; K9 cand=220 freq=220; K10 cand=44 freq=44; K11 cand=4 freq=4,per-level candidates/frequent,deterministic,bench/results/2026-08-31-3090x2/raw.jsonl,9,"deepk-single-prefilter-on#r0: ""levels"": [{""k"": 1, ""n_candidates"": 112, ""n_frequent"": 112 …"
L-369,bench_deep_k_single_prefilter_on_level_ms,K1=11.4; K2=2.9; K3=5.9; K4=7.8; K5=10.4; K6=12.2; K7=8.8; K8=4.9; K9=2.2; K10=0.8; K11=0.4,ms per level,hardware-dependent,bench/results/2026-08-31-3090x2/raw.jsonl,9,"deepk-single-prefilter-on#r0: per-level ""ms"" values (rounded to 0.1)"
L-370,bench_smoke_twophase_params,preset=smoke; env={'ET_MINER_KERNEL_VARIANT': 'legacy'}; n_gpus=2; sparse_from_k=None; max_length=None; min_support=None; two_phase=True; timeout_s=1800,params,method-parameter,bench/results/2026-08-31-3090x2/raw.jsonl,10,"""id"": ""twophase-smoke#r0"", ""preset"": ""smoke"" … ""result_path"": ""/root/projects/ET-Miner/bench/results/campaign/twophase-smoke_r0.result.json"""
L-371,bench_smoke_twophase_wall_s,1.582,s wall,hardware-dependent,bench/results/2026-08-31-3090x2/raw.jsonl,10,"twophase-smoke#r0: ""status"": ""ok"", ""wall_s"": 1.582"
L-372,bench_smoke_twophase_peak_vram_mb,GPU0=408; GPU1=408,MB peak VRAM,hardware-dependent,bench/results/2026-08-31-3090x2/raw.jsonl,10,"twophase-smoke#r0: ""peak_vram_mb"": {""0"": 408, ""1"": 408}"
L-373,bench_smoke_twophase_throttle_flags,0x0000000000000001,nvml throttle flags,hardware-dependent,bench/results/2026-08-31-3090x2/raw.jsonl,10,"twophase-smoke#r0: ""throttle_reasons"": [""0x0000000000000001""]"
L-374,bench_smoke_twophase_n_itemsets,632,n_itemsets,deterministic,bench/results/2026-08-31-3090x2/raw.jsonl,10,"twophase-smoke#r0: ""motifs_ok"": true, ""n_itemsets"": 632"
L-375,bench_smoke_twophase_sum_counts,1049580,sum_counts,deterministic,bench/results/2026-08-31-3090x2/raw.jsonl,10,"twophase-smoke#r0: ""sum_counts"": 1049580"
L-376,bench_smoke_twophase_itemset_hash,ea17ea26fd0e44f735b62a5699d1227477965905ff34068203ac513aaee6deee,sha256 itemset_hash,deterministic,bench/results/2026-08-31-3090x2/raw.jsonl,10,"twophase-smoke#r0: ""itemset_hash"": ""ea17ea26fd0e44f7…"""
L-377,bench_smoke_twophase_levels,K1 cand=118 freq=118; K2 cand=0 freq=290; K3 cand=0 freq=202; K4 cand=0 freq=22; K5 cand=0 freq=0; K1 cand=118 freq=118; K2 cand=0 freq=290; K3 cand=0 freq=202; K4 cand=0 freq=22; K5 cand=0 freq=0,per-level candidates/frequent,deterministic,bench/results/2026-08-31-3090x2/raw.jsonl,10,"twophase-smoke#r0: ""levels"": [{""k"": 1, ""n_candidates"": 118, ""n_frequent"": 118 …"
L-378,bench_smoke_twophase_level_ms,K1=251.7; K2=48.4; K3=119.5; K4=6.9; K5=0.1; K1=1.5; K2=33.9; K3=87.1; K4=5.1; K5=0.1,ms per level,hardware-dependent,bench/results/2026-08-31-3090x2/raw.jsonl,10,"twophase-smoke#r0: per-level ""ms"" values (rounded to 0.1)"
L-379,bench_skewed_rows_rows_params,"preset=skewed_rows; env={'ET_MINER_KERNEL_VARIANT': 'legacy', 'ET_MINER_ROW_BALANCE': 'rows'}; n_gpus=2; sparse_from_k=None; max_length=None; min_support=None; two_phase=False; timeout_s=1800",params,method-parameter,bench/results/2026-08-31-3090x2/raw.jsonl,11,"""id"": ""skew-rows#r0"", ""preset"": ""skewed_rows"" … ""result_path"": ""/root/projects/ET-Miner/bench/results/campaign/skew-rows_r0.result.json"""
L-380,bench_skewed_rows_rows_wall_s,1.435,s wall,hardware-dependent,bench/results/2026-08-31-3090x2/raw.jsonl,11,"skew-rows#r0: ""status"": ""ok"", ""wall_s"": 1.435"
L-381,bench_skewed_rows_rows_peak_vram_mb,GPU0=416; GPU1=416,MB peak VRAM,hardware-dependent,bench/results/2026-08-31-3090x2/raw.jsonl,11,"skew-rows#r0: ""peak_vram_mb"": {""0"": 416, ""1"": 416}"
L-382,bench_skewed_rows_rows_throttle_flags,(none),nvml throttle flags,hardware-dependent,bench/results/2026-08-31-3090x2/raw.jsonl,11,"skew-rows#r0: ""throttle_reasons"": []"
L-383,bench_skewed_rows_exact_n_itemsets,10350,n_itemsets,deterministic,bench/results/2026-08-31-3090x2/raw.jsonl,11,"skew-rows#r0: ""motifs_ok"": true, ""n_itemsets"": 10350"
L-384,bench_skewed_rows_exact_sum_counts,346834073,sum_counts,deterministic,bench/results/2026-08-31-3090x2/raw.jsonl,11,"skew-rows#r0: ""sum_counts"": 346834073"
L-385,bench_skewed_rows_exact_itemset_hash,75262446a1c2b29bbc15e6d36afe23300984e6d46f8483511f055f1a510c2405,sha256 itemset_hash,deterministic,bench/results/2026-08-31-3090x2/raw.jsonl,11,"skew-rows#r0: ""itemset_hash"": ""75262446a1c2b29b…"""
L-386,bench_skewed_rows_rows_levels,K1 cand=118 freq=118; K2 cand=0 freq=717; K3 cand=0 freq=1928; K4 cand=0 freq=2932; K5 cand=0 freq=2683; K6 cand=0 freq=1458; K7 cand=0 freq=443; K8 cand=0 freq=67; K9 cand=0 freq=4,per-level candidates/frequent,deterministic,bench/results/2026-08-31-3090x2/raw.jsonl,11,"skew-rows#r0: ""levels"": [{""k"": 1, ""n_candidates"": 118, ""n_frequent"": 118 …"
L-387,bench_skewed_rows_rows_level_ms,K1=25.7; K2=48.0; K3=6.1; K4=14.7; K5=32.7; K6=41.6; K7=20.8; K8=5.9; K9=2.1,ms per level,hardware-dependent,bench/results/2026-08-31-3090x2/raw.jsonl,11,"skew-rows#r0: per-level ""ms"" values (rounded to 0.1)"
L-388,bench_skewed_rows_nnz_params,"preset=skewed_rows; env={'ET_MINER_KERNEL_VARIANT': 'legacy', 'ET_MINER_ROW_BALANCE': 'nnz'}; n_gpus=2; sparse_from_k=None; max_length=None; min_support=None; two_phase=False; timeout_s=1800",params,method-parameter,bench/results/2026-08-31-3090x2/raw.jsonl,12,"""id"": ""skew-nnz#r0"", ""preset"": ""skewed_rows"" … ""result_path"": ""/root/projects/ET-Miner/bench/results/campaign/skew-nnz_r0.result.json"""
L-389,bench_skewed_rows_nnz_wall_s,1.488,s wall,hardware-dependent,bench/results/2026-08-31-3090x2/raw.jsonl,12,"skew-nnz#r0: ""status"": ""ok"", ""wall_s"": 1.488"
L-390,bench_skewed_rows_nnz_peak_vram_mb,GPU0=414; GPU1=418,MB peak VRAM,hardware-dependent,bench/results/2026-08-31-3090x2/raw.jsonl,12,"skew-nnz#r0: ""peak_vram_mb"": {""0"": 414, ""1"": 418}"
L-391,bench_skewed_rows_nnz_throttle_flags,(none),nvml throttle flags,hardware-dependent,bench/results/2026-08-31-3090x2/raw.jsonl,12,"skew-nnz#r0: ""throttle_reasons"": []"
L-392,bench_skewed_rows_exact_n_itemsets,10350,n_itemsets,deterministic,bench/results/2026-08-31-3090x2/raw.jsonl,12,"skew-nnz#r0: ""motifs_ok"": true, ""n_itemsets"": 10350"
L-393,bench_skewed_rows_exact_sum_counts,346834073,sum_counts,deterministic,bench/results/2026-08-31-3090x2/raw.jsonl,12,"skew-nnz#r0: ""sum_counts"": 346834073"
L-394,bench_skewed_rows_exact_itemset_hash,75262446a1c2b29bbc15e6d36afe23300984e6d46f8483511f055f1a510c2405,sha256 itemset_hash,deterministic,bench/results/2026-08-31-3090x2/raw.jsonl,12,"skew-nnz#r0: ""itemset_hash"": ""75262446a1c2b29b…"""
L-395,bench_skewed_rows_nnz_levels,K1 cand=118 freq=118; K2 cand=0 freq=717; K3 cand=0 freq=1928; K4 cand=0 freq=2932; K5 cand=0 freq=2683; K6 cand=0 freq=1458; K7 cand=0 freq=443; K8 cand=0 freq=67; K9 cand=0 freq=4,per-level candidates/frequent,deterministic,bench/results/2026-08-31-3090x2/raw.jsonl,12,"skew-nnz#r0: ""levels"": [{""k"": 1, ""n_candidates"": 118, ""n_frequent"": 118 …"
L-396,bench_skewed_rows_nnz_level_ms,K1=26.6; K2=48.2; K3=6.2; K4=16.0; K5=33.7; K6=40.6; K7=22.8; K8=5.5; K9=2.1,ms per level,hardware-dependent,bench/results/2026-08-31-3090x2/raw.jsonl,12,"skew-nnz#r0: per-level ""ms"" values (rounded to 0.1)"
L-397,bench_skewed_rows_rows_params,"preset=skewed_rows; env={'ET_MINER_KERNEL_VARIANT': 'legacy', 'ET_MINER_ROW_BALANCE': 'rows'}; n_gpus=2; sparse_from_k=None; max_length=None; min_support=None; two_phase=False; timeout_s=1800",params,method-parameter,bench/results/2026-08-31-3090x2/raw.jsonl,13,"""id"": ""skew-rows#r1"", ""preset"": ""skewed_rows"" … ""result_path"": ""/root/projects/ET-Miner/bench/results/campaign/skew-rows_r1.result.json"""
L-398,bench_skewed_rows_rows_wall_s,1.441,s wall,hardware-dependent,bench/results/2026-08-31-3090x2/raw.jsonl,13,"skew-rows#r1: ""status"": ""ok"", ""wall_s"": 1.441"
L-399,bench_skewed_rows_rows_peak_vram_mb,GPU0=416; GPU1=416,MB peak VRAM,hardware-dependent,bench/results/2026-08-31-3090x2/raw.jsonl,13,"skew-rows#r1: ""peak_vram_mb"": {""0"": 416, ""1"": 416}"
L-400,bench_skewed_rows_rows_throttle_flags,(none),nvml throttle flags,hardware-dependent,bench/results/2026-08-31-3090x2/raw.jsonl,13,"skew-rows#r1: ""throttle_reasons"": []"
L-401,bench_skewed_rows_exact_n_itemsets,10350,n_itemsets,deterministic,bench/results/2026-08-31-3090x2/raw.jsonl,13,"skew-rows#r1: ""motifs_ok"": true, ""n_itemsets"": 10350"
L-402,bench_skewed_rows_exact_sum_counts,346834073,sum_counts,deterministic,bench/results/2026-08-31-3090x2/raw.jsonl,13,"skew-rows#r1: ""sum_counts"": 346834073"
L-403,bench_skewed_rows_exact_itemset_hash,75262446a1c2b29bbc15e6d36afe23300984e6d46f8483511f055f1a510c2405,sha256 itemset_hash,deterministic,bench/results/2026-08-31-3090x2/raw.jsonl,13,"skew-rows#r1: ""itemset_hash"": ""75262446a1c2b29b…"""
L-404,bench_skewed_rows_rows_levels,K1 cand=118 freq=118; K2 cand=0 freq=717; K3 cand=0 freq=1928; K4 cand=0 freq=2932; K5 cand=0 freq=2683; K6 cand=0 freq=1458; K7 cand=0 freq=443; K8 cand=0 freq=67; K9 cand=0 freq=4,per-level candidates/frequent,deterministic,bench/results/2026-08-31-3090x2/raw.jsonl,13,"skew-rows#r1: ""levels"": [{""k"": 1, ""n_candidates"": 118, ""n_frequent"": 118 …"
L-405,bench_skewed_rows_rows_level_ms,K1=26.4; K2=49.0; K3=6.7; K4=15.4; K5=32.7; K6=38.5; K7=23.9; K8=5.1; K9=2.1,ms per level,hardware-dependent,bench/results/2026-08-31-3090x2/raw.jsonl,13,"skew-rows#r1: per-level ""ms"" values (rounded to 0.1)"
L-406,bench_skewed_rows_nnz_params,"preset=skewed_rows; env={'ET_MINER_KERNEL_VARIANT': 'legacy', 'ET_MINER_ROW_BALANCE': 'nnz'}; n_gpus=2; sparse_from_k=None; max_length=None; min_support=None; two_phase=False; timeout_s=1800",params,method-parameter,bench/results/2026-08-31-3090x2/raw.jsonl,14,"""id"": ""skew-nnz#r1"", ""preset"": ""skewed_rows"" … ""result_path"": ""/root/projects/ET-Miner/bench/results/campaign/skew-nnz_r1.result.json"""
L-407,bench_skewed_rows_nnz_wall_s,1.517,s wall,hardware-dependent,bench/results/2026-08-31-3090x2/raw.jsonl,14,"skew-nnz#r1: ""status"": ""ok"", ""wall_s"": 1.517"
L-408,bench_skewed_rows_nnz_peak_vram_mb,GPU0=414; GPU1=418,MB peak VRAM,hardware-dependent,bench/results/2026-08-31-3090x2/raw.jsonl,14,"skew-nnz#r1: ""peak_vram_mb"": {""0"": 414, ""1"": 418}"
L-409,bench_skewed_rows_nnz_throttle_flags,(none),nvml throttle flags,hardware-dependent,bench/results/2026-08-31-3090x2/raw.jsonl,14,"skew-nnz#r1: ""throttle_reasons"": []"
L-410,bench_skewed_rows_exact_n_itemsets,10350,n_itemsets,deterministic,bench/results/2026-08-31-3090x2/raw.jsonl,14,"skew-nnz#r1: ""motifs_ok"": true, ""n_itemsets"": 10350"
L-411,bench_skewed_rows_exact_sum_counts,346834073,sum_counts,deterministic,bench/results/2026-08-31-3090x2/raw.jsonl,14,"skew-nnz#r1: ""sum_counts"": 346834073"
L-412,bench_skewed_rows_exact_itemset_hash,75262446a1c2b29bbc15e6d36afe23300984e6d46f8483511f055f1a510c2405,sha256 itemset_hash,deterministic,bench/results/2026-08-31-3090x2/raw.jsonl,14,"skew-nnz#r1: ""itemset_hash"": ""75262446a1c2b29b…"""
L-413,bench_skewed_rows_nnz_levels,K1 cand=118 freq=118; K2 cand=0 freq=717; K3 cand=0 freq=1928; K4 cand=0 freq=2932; K5 cand=0 freq=2683; K6 cand=0 freq=1458; K7 cand=0 freq=443; K8 cand=0 freq=67; K9 cand=0 freq=4,per-level candidates/frequent,deterministic,bench/results/2026-08-31-3090x2/raw.jsonl,14,"skew-nnz#r1: ""levels"": [{""k"": 1, ""n_candidates"": 118, ""n_frequent"": 118 …"
L-414,bench_skewed_rows_nnz_level_ms,K1=25.7; K2=46.6; K3=6.6; K4=16.5; K5=34.0; K6=39.9; K7=21.9; K8=5.0; K9=2.0,ms per level,hardware-dependent,bench/results/2026-08-31-3090x2/raw.jsonl,14,"skew-nnz#r1: per-level ""ms"" values (rounded to 0.1)"
L-415,bench_stress_k2_legacy_2g_params,preset=stress_k2; env={'ET_MINER_KERNEL_VARIANT': 'legacy'}; n_gpus=2; sparse_from_k=None; max_length=3; min_support=None; two_phase=False; timeout_s=3600,params,method-parameter,bench/results/2026-08-31-3090x2/raw.jsonl,15,"""id"": ""stressk2-legacy-2g#r0"", ""preset"": ""stress_k2"" … ""result_path"": ""/root/projects/ET-Miner/bench/results/campaign/stressk2-legacy-2g_r0.result.json"""
L-416,bench_stress_k2_legacy_2g_wall_s,1996.726,s wall,hardware-dependent,bench/results/2026-08-31-3090x2/raw.jsonl,15,"stressk2-legacy-2g#r0: ""status"": ""ok"", ""wall_s"": 1996.726"
L-417,bench_stress_k2_legacy_2g_peak_vram_mb,GPU0=16576; GPU1=16576,MB peak VRAM,hardware-dependent,bench/results/2026-08-31-3090x2/raw.jsonl,15,"stressk2-legacy-2g#r0: ""peak_vram_mb"": {""0"": 16576, ""1"": 16576}"
L-418,bench_stress_k2_legacy_2g_throttle_flags,"0x0000000000000001, 0x0000000000000004, 0x0000000000000020, 0x0000000000000024",nvml throttle flags,hardware-dependent,bench/results/2026-08-31-3090x2/raw.jsonl,15,"stressk2-legacy-2g#r0: ""throttle_reasons"": [""0x0000000000000001"", ""0x0000000000000004"", ""0x0000000000000020"", ""0x0000000000000024""]"
L-419,bench_stress_k2_ml3_n_itemsets,3005770,n_itemsets,deterministic,bench/results/2026-08-31-3090x2/raw.jsonl,15,"stressk2-legacy-2g#r0: ""motifs_ok"": true, ""n_itemsets"": 3005770"
L-420,bench_stress_k2_ml3_sum_counts,314350393,sum_counts,deterministic,bench/results/2026-08-31-3090x2/raw.jsonl,15,"stressk2-legacy-2g#r0: ""sum_counts"": 314350393"
L-421,bench_stress_k2_ml3_itemset_hash,a6d53e9a5e1b44a78dc01b5d23a8ebfdd0e800c0c716bef8a476f0ba0540fe2a,sha256 itemset_hash,deterministic,bench/results/2026-08-31-3090x2/raw.jsonl,15,"stressk2-legacy-2g#r0: ""itemset_hash"": ""a6d53e9a5e1b44a7…"""
L-422,bench_stress_k2_legacy_2g_levels,K1 cand=35000 freq=35000; K2 cand=0 freq=1660332; K3 cand=0 freq=1310438,per-level candidates/frequent,deterministic,bench/results/2026-08-31-3090x2/raw.jsonl,15,"stressk2-legacy-2g#r0: ""levels"": [{""k"": 1, ""n_candidates"": 35000, ""n_frequent"": 35000 …"
L-423,bench_stress_k2_legacy_2g_level_ms,K1=42.5; K2=86439.6; K3=1906847.2,ms per level,hardware-dependent,bench/results/2026-08-31-3090x2/raw.jsonl,15,"stressk2-legacy-2g#r0: per-level ""ms"" values (rounded to 0.1)"
L-424,bench_stress_k2_shared_1g_params,"preset=stress_k2; env={'ET_MINER_KERNEL_VARIANT': 'shared', 'CUDA_VISIBLE_DEVICES': '0'}; n_gpus=1; sparse_from_k=None; max_length=3; min_support=None; two_phase=False; timeout_s=3600",params,method-parameter,bench/results/2026-08-31-3090x2/raw.jsonl,16,"""id"": ""stressk2-shared-1g#r0"", ""preset"": ""stress_k2"" … ""result_path"": ""/root/projects/ET-Miner/bench/results/campaign/stressk2-shared-1g_r0.result.json"""
L-425,bench_stress_k2_shared_1g_wall_s,255.303,s wall,hardware-dependent,bench/results/2026-08-31-3090x2/raw.jsonl,16,"stressk2-shared-1g#r0: ""status"": ""ok"", ""wall_s"": 255.303"
L-426,bench_stress_k2_shared_1g_peak_vram_mb,GPU0=17340; GPU1=4,MB peak VRAM,hardware-dependent,bench/results/2026-08-31-3090x2/raw.jsonl,16,"stressk2-shared-1g#r0: ""peak_vram_mb"": {""0"": 17340, ""1"": 4}"
L-427,bench_stress_k2_shared_1g_throttle_flags,"0x0000000000000001, 0x0000000000000004, 0x0000000000000020, 0x0000000000000024",nvml throttle flags,hardware-dependent,bench/results/2026-08-31-3090x2/raw.jsonl,16,"stressk2-shared-1g#r0: ""throttle_reasons"": [""0x0000000000000001"", ""0x0000000000000004"", ""0x0000000000000020"", ""0x0000000000000024""]"
L-428,bench_stress_k2_ml3_n_itemsets,3005770,n_itemsets,deterministic,bench/results/2026-08-31-3090x2/raw.jsonl,16,"stressk2-shared-1g#r0: ""motifs_ok"": true, ""n_itemsets"": 3005770"
L-429,bench_stress_k2_ml3_sum_counts,314350393,sum_counts,deterministic,bench/results/2026-08-31-3090x2/raw.jsonl,16,"stressk2-shared-1g#r0: ""sum_counts"": 314350393"
L-430,bench_stress_k2_ml3_itemset_hash,a6d53e9a5e1b44a78dc01b5d23a8ebfdd0e800c0c716bef8a476f0ba0540fe2a,sha256 itemset_hash,deterministic,bench/results/2026-08-31-3090x2/raw.jsonl,16,"stressk2-shared-1g#r0: ""itemset_hash"": ""a6d53e9a5e1b44a7…"""
L-431,bench_stress_k2_shared_1g_levels,K1 cand=35000 freq=35000; K2 cand=612482500 freq=1660332; K3 cand=1310438 freq=1310438,per-level candidates/frequent,deterministic,bench/results/2026-08-31-3090x2/raw.jsonl,16,"stressk2-shared-1g#r0: ""levels"": [{""k"": 1, ""n_candidates"": 35000, ""n_frequent"": 35000 …"
L-432,bench_stress_k2_shared_1g_level_ms,K1=73.3; K2=18561.1; K3=220167.6,ms per level,hardware-dependent,bench/results/2026-08-31-3090x2/raw.jsonl,16,"stressk2-shared-1g#r0: per-level ""ms"" values (rounded to 0.1)"
L-433,bench_deep_k_shared_1g_params,"preset=deep_k; env={'ET_MINER_KERNEL_VARIANT': 'shared', 'CUDA_VISIBLE_DEVICES': '0'}; n_gpus=1; sparse_from_k=None; max_length=None; min_support=None; two_phase=False; timeout_s=1800",params,method-parameter,bench/results/2026-08-31-3090x2/raw.jsonl,17,"""id"": ""deepk-shared-1g#r0"", ""preset"": ""deep_k"" … ""result_path"": ""/root/projects/ET-Miner/bench/results/campaign/deepk-shared-1g_r0.result.json"""
L-434,bench_deep_k_shared_1g_wall_s,0.627,s wall,hardware-dependent,bench/results/2026-08-31-3090x2/raw.jsonl,17,"deepk-shared-1g#r0: ""status"": ""ok"", ""wall_s"": 0.627"
L-435,bench_deep_k_shared_1g_peak_vram_mb,GPU0=352; GPU1=4,MB peak VRAM,hardware-dependent,bench/results/2026-08-31-3090x2/raw.jsonl,17,"deepk-shared-1g#r0: ""peak_vram_mb"": {""0"": 352, ""1"": 4}"
L-436,bench_deep_k_shared_1g_throttle_flags,0x0000000000000001,nvml throttle flags,hardware-dependent,bench/results/2026-08-31-3090x2/raw.jsonl,17,"deepk-shared-1g#r0: ""throttle_reasons"": [""0x0000000000000001""]"
L-437,bench_deep_k_exact_n_itemsets,8841,n_itemsets,deterministic,bench/results/2026-08-31-3090x2/raw.jsonl,17,"deepk-shared-1g#r0: ""motifs_ok"": true, ""n_itemsets"": 8841"
L-438,bench_deep_k_exact_sum_counts,266261275,sum_counts,deterministic,bench/results/2026-08-31-3090x2/raw.jsonl,17,"deepk-shared-1g#r0: ""sum_counts"": 266261275"
L-439,bench_deep_k_exact_itemset_hash,4d2c8d28bcd33cd61f763915e42cb60c0f60f16e1ffec2af32a887faabf47567,sha256 itemset_hash,deterministic,bench/results/2026-08-31-3090x2/raw.jsonl,17,"deepk-shared-1g#r0: ""itemset_hash"": ""4d2c8d28bcd33cd6…"""
L-440,bench_deep_k_shared_1g_levels,K1 cand=112 freq=112; K2 cand=6216 freq=471; K3 cand=901 freq=901; K4 cand=1407 freq=1407; K5 cand=1854 freq=1854; K6 cand=1848 freq=1848; K7 cand=1320 freq=1320; K8 cand=660 freq=660; K9 cand=220 freq=220; K10 cand=44 freq=44; K11 cand=4 freq=4,per-level candidates/frequent,deterministic,bench/results/2026-08-31-3090x2/raw.jsonl,17,"deepk-shared-1g#r0: ""levels"": [{""k"": 1, ""n_candidates"": 112, ""n_frequent"": 112 …"
L-441,bench_deep_k_shared_1g_level_ms,K1=11.4; K2=6.3; K3=5.3; K4=7.6; K5=11.2; K6=15.0; K7=13.2; K8=9.2; K9=4.7; K10=3.1; K11=2.9,ms per level,hardware-dependent,bench/results/2026-08-31-3090x2/raw.jsonl,17,"deepk-shared-1g#r0: per-level ""ms"" values (rounded to 0.1)"
L-442,bench_stress_k2_shared_2g_params,preset=stress_k2; env={'ET_MINER_KERNEL_VARIANT': 'shared'}; n_gpus=2; sparse_from_k=None; max_length=3; min_support=None; two_phase=False; timeout_s=3600,params,method-parameter,bench/results/2026-08-31-3090x2/raw.jsonl,18,"""id"": ""stressk2-shared-2g#r0"", ""preset"": ""stress_k2"" … ""result_path"": ""/root/projects/ET-Miner/bench/results/campaign/stressk2-shared-2g_r0.result.json"""
L-443,bench_stress_k2_shared_2g_wall_s,122.814,s wall,hardware-dependent,bench/results/2026-08-31-3090x2/raw.jsonl,18,"stressk2-shared-2g#r0: ""status"": ""ok"", ""wall_s"": 122.814"
L-444,bench_stress_k2_shared_2g_peak_vram_mb,GPU0=16576; GPU1=16576,MB peak VRAM,hardware-dependent,bench/results/2026-08-31-3090x2/raw.jsonl,18,"stressk2-shared-2g#r0: ""peak_vram_mb"": {""0"": 16576, ""1"": 16576}"
L-445,bench_stress_k2_shared_2g_throttle_flags,"0x0000000000000001, 0x0000000000000004",nvml throttle flags,hardware-dependent,bench/results/2026-08-31-3090x2/raw.jsonl,18,"stressk2-shared-2g#r0: ""throttle_reasons"": [""0x0000000000000001"", ""0x0000000000000004""]"
L-446,bench_stress_k2_ml3_n_itemsets,3005770,n_itemsets,deterministic,bench/results/2026-08-31-3090x2/raw.jsonl,18,"stressk2-shared-2g#r0: ""motifs_ok"": true, ""n_itemsets"": 3005770"
L-447,bench_stress_k2_ml3_sum_counts,314350393,sum_counts,deterministic,bench/results/2026-08-31-3090x2/raw.jsonl,18,"stressk2-shared-2g#r0: ""sum_counts"": 314350393"
L-448,bench_stress_k2_ml3_itemset_hash,a6d53e9a5e1b44a78dc01b5d23a8ebfdd0e800c0c716bef8a476f0ba0540fe2a,sha256 itemset_hash,deterministic,bench/results/2026-08-31-3090x2/raw.jsonl,18,"stressk2-shared-2g#r0: ""itemset_hash"": ""a6d53e9a5e1b44a7…"""
L-449,bench_stress_k2_shared_2g_levels,K1 cand=35000 freq=35000; K2 cand=0 freq=1660332; K3 cand=0 freq=1310438,per-level candidates/frequent,deterministic,bench/results/2026-08-31-3090x2/raw.jsonl,18,"stressk2-shared-2g#r0: ""levels"": [{""k"": 1, ""n_candidates"": 35000, ""n_frequent"": 35000 …"
L-450,bench_stress_k2_shared_2g_level_ms,K1=45.2; K2=7215.2; K3=111994.4,ms per level,hardware-dependent,bench/results/2026-08-31-3090x2/raw.jsonl,18,"stressk2-shared-2g#r0: per-level ""ms"" values (rounded to 0.1)"
L-451,bench_deep_k_legacy_2g_params,preset=deep_k; env={'ET_MINER_KERNEL_VARIANT': 'legacy'}; n_gpus=2; sparse_from_k=None; max_length=None; min_support=None; two_phase=False; timeout_s=1800,params,method-parameter,bench/results/2026-08-31-3090x2/raw.jsonl,19,"""id"": ""deepk-legacy-2g#r0"", ""preset"": ""deep_k"" … ""result_path"": ""/root/projects/ET-Miner/bench/results/campaign/deepk-legacy-2g_r0.result.json"""
L-452,bench_deep_k_legacy_2g_wall_s,1.322,s wall,hardware-dependent,bench/results/2026-08-31-3090x2/raw.jsonl,19,"deepk-legacy-2g#r0: ""status"": ""ok"", ""wall_s"": 1.322"
L-453,bench_deep_k_legacy_2g_peak_vram_mb,GPU0=414; GPU1=416,MB peak VRAM,hardware-dependent,bench/results/2026-08-31-3090x2/raw.jsonl,19,"deepk-legacy-2g#r0: ""peak_vram_mb"": {""0"": 414, ""1"": 416}"
L-454,bench_deep_k_legacy_2g_throttle_flags,(none),nvml throttle flags,hardware-dependent,bench/results/2026-08-31-3090x2/raw.jsonl,19,"deepk-legacy-2g#r0: ""throttle_reasons"": []"
L-455,bench_deep_k_exact_n_itemsets,8841,n_itemsets,deterministic,bench/results/2026-08-31-3090x2/raw.jsonl,19,"deepk-legacy-2g#r0: ""motifs_ok"": true, ""n_itemsets"": 8841"
L-456,bench_deep_k_exact_sum_counts,266261275,sum_counts,deterministic,bench/results/2026-08-31-3090x2/raw.jsonl,19,"deepk-legacy-2g#r0: ""sum_counts"": 266261275"
L-457,bench_deep_k_exact_itemset_hash,4d2c8d28bcd33cd61f763915e42cb60c0f60f16e1ffec2af32a887faabf47567,sha256 itemset_hash,deterministic,bench/results/2026-08-31-3090x2/raw.jsonl,19,"deepk-legacy-2g#r0: ""itemset_hash"": ""4d2c8d28bcd33cd6…"""
L-458,bench_deep_k_legacy_2g_levels,K1 cand=112 freq=112; K2 cand=0 freq=471; K3 cand=0 freq=901; K4 cand=0 freq=1407; K5 cand=0 freq=1854; K6 cand=0 freq=1848; K7 cand=0 freq=1320; K8 cand=0 freq=660; K9 cand=0 freq=220; K10 cand=0 freq=44; K11 cand=0 freq=4,per-level candidates/frequent,deterministic,bench/results/2026-08-31-3090x2/raw.jsonl,19,"deepk-legacy-2g#r0: ""levels"": [{""k"": 1, ""n_candidates"": 112, ""n_frequent"": 112 …"
L-459,bench_deep_k_legacy_2g_level_ms,K1=26.0; K2=44.2; K3=6.0; K4=5.5; K5=4.2; K6=2.6; K7=2.4; K8=2.2; K9=2.2; K10=2.0; K11=2.0,ms per level,hardware-dependent,bench/results/2026-08-31-3090x2/raw.jsonl,19,"deepk-legacy-2g#r0: per-level ""ms"" values (rounded to 0.1)"
L-460,bench_deep_k_shared_2g_params,preset=deep_k; env={'ET_MINER_KERNEL_VARIANT': 'shared'}; n_gpus=2; sparse_from_k=None; max_length=None; min_support=None; two_phase=False; timeout_s=1800,params,method-parameter,bench/results/2026-08-31-3090x2/raw.jsonl,20,"""id"": ""deepk-shared-2g#r0"", ""preset"": ""deep_k"" … ""result_path"": ""/root/projects/ET-Miner/bench/results/campaign/deepk-shared-2g_r0.result.json"""
L-461,bench_deep_k_shared_2g_wall_s,1.391,s wall,hardware-dependent,bench/results/2026-08-31-3090x2/raw.jsonl,20,"deepk-shared-2g#r0: ""status"": ""ok"", ""wall_s"": 1.391"
L-462,bench_deep_k_shared_2g_peak_vram_mb,GPU0=414; GPU1=416,MB peak VRAM,hardware-dependent,bench/results/2026-08-31-3090x2/raw.jsonl,20,"deepk-shared-2g#r0: ""peak_vram_mb"": {""0"": 414, ""1"": 416}"
L-463,bench_deep_k_shared_2g_throttle_flags,(none),nvml throttle flags,hardware-dependent,bench/results/2026-08-31-3090x2/raw.jsonl,20,"deepk-shared-2g#r0: ""throttle_reasons"": []"
L-464,bench_deep_k_exact_n_itemsets,8841,n_itemsets,deterministic,bench/results/2026-08-31-3090x2/raw.jsonl,20,"deepk-shared-2g#r0: ""motifs_ok"": true, ""n_itemsets"": 8841"
L-465,bench_deep_k_exact_sum_counts,266261275,sum_counts,deterministic,bench/results/2026-08-31-3090x2/raw.jsonl,20,"deepk-shared-2g#r0: ""sum_counts"": 266261275"
L-466,bench_deep_k_exact_itemset_hash,4d2c8d28bcd33cd61f763915e42cb60c0f60f16e1ffec2af32a887faabf47567,sha256 itemset_hash,deterministic,bench/results/2026-08-31-3090x2/raw.jsonl,20,"deepk-shared-2g#r0: ""itemset_hash"": ""4d2c8d28bcd33cd6…"""
L-467,bench_deep_k_shared_2g_levels,K1 cand=112 freq=112; K2 cand=0 freq=471; K3 cand=0 freq=901; K4 cand=0 freq=1407; K5 cand=0 freq=1854; K6 cand=0 freq=1848; K7 cand=0 freq=1320; K8 cand=0 freq=660; K9 cand=0 freq=220; K10 cand=0 freq=44; K11 cand=0 freq=4,per-level candidates/frequent,deterministic,bench/results/2026-08-31-3090x2/raw.jsonl,20,"deepk-shared-2g#r0: ""levels"": [{""k"": 1, ""n_candidates"": 112, ""n_frequent"": 112 …"
L-468,bench_deep_k_shared_2g_level_ms,K1=26.4; K2=50.6; K3=6.7; K4=8.3; K5=6.0; K6=2.7; K7=2.5; K8=2.8; K9=2.1; K10=4.5; K11=2.0,ms per level,hardware-dependent,bench/results/2026-08-31-3090x2/raw.jsonl,20,"deepk-shared-2g#r0: per-level ""ms"" values (rounded to 0.1)"
L-469,bench_stress_k2_shared_1g_params,"preset=stress_k2; env={'ET_MINER_KERNEL_VARIANT': 'shared', 'CUDA_VISIBLE_DEVICES': '0'}; n_gpus=1; sparse_from_k=None; max_length=3; min_support=None; two_phase=False; timeout_s=3600",params,method-parameter,bench/results/2026-08-31-3090x2/raw.jsonl,21,"""id"": ""stressk2-shared-1g#r1"", ""preset"": ""stress_k2"" … ""result_path"": ""/root/projects/ET-Miner/bench/results/campaign/stressk2-shared-1g_r1.result.json"""
L-470,bench_stress_k2_shared_1g_wall_s,253.074,s wall,hardware-dependent,bench/results/2026-08-31-3090x2/raw.jsonl,21,"stressk2-shared-1g#r1: ""status"": ""ok"", ""wall_s"": 253.074"
L-471,bench_stress_k2_shared_1g_peak_vram_mb,GPU0=17340; GPU1=4,MB peak VRAM,hardware-dependent,bench/results/2026-08-31-3090x2/raw.jsonl,21,"stressk2-shared-1g#r1: ""peak_vram_mb"": {""0"": 17340, ""1"": 4}"
L-472,bench_stress_k2_shared_1g_throttle_flags,"0x0000000000000001, 0x0000000000000004",nvml throttle flags,hardware-dependent,bench/results/2026-08-31-3090x2/raw.jsonl,21,"stressk2-shared-1g#r1: ""throttle_reasons"": [""0x0000000000000001"", ""0x0000000000000004""]"
L-473,bench_stress_k2_ml3_n_itemsets,3005770,n_itemsets,deterministic,bench/results/2026-08-31-3090x2/raw.jsonl,21,"stressk2-shared-1g#r1: ""motifs_ok"": true, ""n_itemsets"": 3005770"
L-474,bench_stress_k2_ml3_sum_counts,314350393,sum_counts,deterministic,bench/results/2026-08-31-3090x2/raw.jsonl,21,"stressk2-shared-1g#r1: ""sum_counts"": 314350393"
L-475,bench_stress_k2_ml3_itemset_hash,a6d53e9a5e1b44a78dc01b5d23a8ebfdd0e800c0c716bef8a476f0ba0540fe2a,sha256 itemset_hash,deterministic,bench/results/2026-08-31-3090x2/raw.jsonl,21,"stressk2-shared-1g#r1: ""itemset_hash"": ""a6d53e9a5e1b44a7…"""
L-476,bench_stress_k2_shared_1g_levels,K1 cand=35000 freq=35000; K2 cand=612482500 freq=1660332; K3 cand=1310438 freq=1310438,per-level candidates/frequent,deterministic,bench/results/2026-08-31-3090x2/raw.jsonl,21,"stressk2-shared-1g#r1: ""levels"": [{""k"": 1, ""n_candidates"": 35000, ""n_frequent"": 35000 …"
L-477,bench_stress_k2_shared_1g_level_ms,K1=72.9; K2=18099.5; K3=218647.6,ms per level,hardware-dependent,bench/results/2026-08-31-3090x2/raw.jsonl,21,"stressk2-shared-1g#r1: per-level ""ms"" values (rounded to 0.1)"
L-478,bench_deep_k_shared_1g_params,"preset=deep_k; env={'ET_MINER_KERNEL_VARIANT': 'shared', 'CUDA_VISIBLE_DEVICES': '0'}; n_gpus=1; sparse_from_k=None; max_length=None; min_support=None; two_phase=False; timeout_s=1800",params,method-parameter,bench/results/2026-08-31-3090x2/raw.jsonl,22,"""id"": ""deepk-shared-1g#r1"", ""preset"": ""deep_k"" … ""result_path"": ""/root/projects/ET-Miner/bench/results/campaign/deepk-shared-1g_r1.result.json"""
L-479,bench_deep_k_shared_1g_wall_s,0.639,s wall,hardware-dependent,bench/results/2026-08-31-3090x2/raw.jsonl,22,"deepk-shared-1g#r1: ""status"": ""ok"", ""wall_s"": 0.639"
L-480,bench_deep_k_shared_1g_peak_vram_mb,GPU0=352; GPU1=4,MB peak VRAM,hardware-dependent,bench/results/2026-08-31-3090x2/raw.jsonl,22,"deepk-shared-1g#r1: ""peak_vram_mb"": {""0"": 352, ""1"": 4}"
L-481,bench_deep_k_shared_1g_throttle_flags,0x0000000000000001,nvml throttle flags,hardware-dependent,bench/results/2026-08-31-3090x2/raw.jsonl,22,"deepk-shared-1g#r1: ""throttle_reasons"": [""0x0000000000000001""]"
L-482,bench_deep_k_exact_n_itemsets,8841,n_itemsets,deterministic,bench/results/2026-08-31-3090x2/raw.jsonl,22,"deepk-shared-1g#r1: ""motifs_ok"": true, ""n_itemsets"": 8841"
L-483,bench_deep_k_exact_sum_counts,266261275,sum_counts,deterministic,bench/results/2026-08-31-3090x2/raw.jsonl,22,"deepk-shared-1g#r1: ""sum_counts"": 266261275"
L-484,bench_deep_k_exact_itemset_hash,4d2c8d28bcd33cd61f763915e42cb60c0f60f16e1ffec2af32a887faabf47567,sha256 itemset_hash,deterministic,bench/results/2026-08-31-3090x2/raw.jsonl,22,"deepk-shared-1g#r1: ""itemset_hash"": ""4d2c8d28bcd33cd6…"""
L-485,bench_deep_k_shared_1g_levels,K1 cand=112 freq=112; K2 cand=6216 freq=471; K3 cand=901 freq=901; K4 cand=1407 freq=1407; K5 cand=1854 freq=1854; K6 cand=1848 freq=1848; K7 cand=1320 freq=1320; K8 cand=660 freq=660; K9 cand=220 freq=220; K10 cand=44 freq=44; K11 cand=4 freq=4,per-level candidates/frequent,deterministic,bench/results/2026-08-31-3090x2/raw.jsonl,22,"deepk-shared-1g#r1: ""levels"": [{""k"": 1, ""n_candidates"": 112, ""n_frequent"": 112 …"
L-486,bench_deep_k_shared_1g_level_ms,K1=11.4; K2=6.3; K3=5.3; K4=7.7; K5=11.4; K6=14.1; K7=13.3; K8=9.2; K9=4.7; K10=3.1; K11=3.0,ms per level,hardware-dependent,bench/results/2026-08-31-3090x2/raw.jsonl,22,"deepk-shared-1g#r1: per-level ""ms"" values (rounded to 0.1)"
L-487,bench_stress_k2_shared_2g_params,preset=stress_k2; env={'ET_MINER_KERNEL_VARIANT': 'shared'}; n_gpus=2; sparse_from_k=None; max_length=3; min_support=None; two_phase=False; timeout_s=3600,params,method-parameter,bench/results/2026-08-31-3090x2/raw.jsonl,23,"""id"": ""stressk2-shared-2g#r1"", ""preset"": ""stress_k2"" … ""result_path"": ""/root/projects/ET-Miner/bench/results/campaign/stressk2-shared-2g_r1.result.json"""
L-488,bench_stress_k2_shared_2g_wall_s,122.257,s wall,hardware-dependent,bench/results/2026-08-31-3090x2/raw.jsonl,23,"stressk2-shared-2g#r1: ""status"": ""ok"", ""wall_s"": 122.257"
L-489,bench_stress_k2_shared_2g_peak_vram_mb,GPU0=16576; GPU1=16576,MB peak VRAM,hardware-dependent,bench/results/2026-08-31-3090x2/raw.jsonl,23,"stressk2-shared-2g#r1: ""peak_vram_mb"": {""0"": 16576, ""1"": 16576}"
L-490,bench_stress_k2_shared_2g_throttle_flags,"0x0000000000000001, 0x0000000000000004",nvml throttle flags,hardware-dependent,bench/results/2026-08-31-3090x2/raw.jsonl,23,"stressk2-shared-2g#r1: ""throttle_reasons"": [""0x0000000000000001"", ""0x0000000000000004""]"
L-491,bench_stress_k2_ml3_n_itemsets,3005770,n_itemsets,deterministic,bench/results/2026-08-31-3090x2/raw.jsonl,23,"stressk2-shared-2g#r1: ""motifs_ok"": true, ""n_itemsets"": 3005770"
L-492,bench_stress_k2_ml3_sum_counts,314350393,sum_counts,deterministic,bench/results/2026-08-31-3090x2/raw.jsonl,23,"stressk2-shared-2g#r1: ""sum_counts"": 314350393"
L-493,bench_stress_k2_ml3_itemset_hash,a6d53e9a5e1b44a78dc01b5d23a8ebfdd0e800c0c716bef8a476f0ba0540fe2a,sha256 itemset_hash,deterministic,bench/results/2026-08-31-3090x2/raw.jsonl,23,"stressk2-shared-2g#r1: ""itemset_hash"": ""a6d53e9a5e1b44a7…"""
L-494,bench_stress_k2_shared_2g_levels,K1 cand=35000 freq=35000; K2 cand=0 freq=1660332; K3 cand=0 freq=1310438,per-level candidates/frequent,deterministic,bench/results/2026-08-31-3090x2/raw.jsonl,23,"stressk2-shared-2g#r1: ""levels"": [{""k"": 1, ""n_candidates"": 35000, ""n_frequent"": 35000 …"
L-495,bench_stress_k2_shared_2g_level_ms,K1=54.9; K2=7204.6; K3=111955.2,ms per level,hardware-dependent,bench/results/2026-08-31-3090x2/raw.jsonl,23,"stressk2-shared-2g#r1: per-level ""ms"" values (rounded to 0.1)"
L-496,bench_deep_k_shared_2g_params,preset=deep_k; env={'ET_MINER_KERNEL_VARIANT': 'shared'}; n_gpus=2; sparse_from_k=None; max_length=None; min_support=None; two_phase=False; timeout_s=1800,params,method-parameter,bench/results/2026-08-31-3090x2/raw.jsonl,24,"""id"": ""deepk-shared-2g#r1"", ""preset"": ""deep_k"" … ""result_path"": ""/root/projects/ET-Miner/bench/results/campaign/deepk-shared-2g_r1.result.json"""
L-497,bench_deep_k_shared_2g_wall_s,1.316,s wall,hardware-dependent,bench/results/2026-08-31-3090x2/raw.jsonl,24,"deepk-shared-2g#r1: ""status"": ""ok"", ""wall_s"": 1.316"
L-498,bench_deep_k_shared_2g_peak_vram_mb,GPU0=414; GPU1=416,MB peak VRAM,hardware-dependent,bench/results/2026-08-31-3090x2/raw.jsonl,24,"deepk-shared-2g#r1: ""peak_vram_mb"": {""0"": 414, ""1"": 416}"
L-499,bench_deep_k_shared_2g_throttle_flags,(none),nvml throttle flags,hardware-dependent,bench/results/2026-08-31-3090x2/raw.jsonl,24,"deepk-shared-2g#r1: ""throttle_reasons"": []"
L-500,bench_deep_k_exact_n_itemsets,8841,n_itemsets,deterministic,bench/results/2026-08-31-3090x2/raw.jsonl,24,"deepk-shared-2g#r1: ""motifs_ok"": true, ""n_itemsets"": 8841"
L-501,bench_deep_k_exact_sum_counts,266261275,sum_counts,deterministic,bench/results/2026-08-31-3090x2/raw.jsonl,24,"deepk-shared-2g#r1: ""sum_counts"": 266261275"
L-502,bench_deep_k_exact_itemset_hash,4d2c8d28bcd33cd61f763915e42cb60c0f60f16e1ffec2af32a887faabf47567,sha256 itemset_hash,deterministic,bench/results/2026-08-31-3090x2/raw.jsonl,24,"deepk-shared-2g#r1: ""itemset_hash"": ""4d2c8d28bcd33cd6…"""
L-503,bench_deep_k_shared_2g_levels,K1 cand=112 freq=112; K2 cand=0 freq=471; K3 cand=0 freq=901; K4 cand=0 freq=1407; K5 cand=0 freq=1854; K6 cand=0 freq=1848; K7 cand=0 freq=1320; K8 cand=0 freq=660; K9 cand=0 freq=220; K10 cand=0 freq=44; K11 cand=0 freq=4,per-level candidates/frequent,deterministic,bench/results/2026-08-31-3090x2/raw.jsonl,24,"deepk-shared-2g#r1: ""levels"": [{""k"": 1, ""n_candidates"": 112, ""n_frequent"": 112 …"
L-504,bench_deep_k_shared_2g_level_ms,K1=26.3; K2=48.9; K3=6.2; K4=9.3; K5=5.4; K6=2.5; K7=2.5; K8=2.2; K9=2.0; K10=2.0; K11=2.2,ms per level,hardware-dependent,bench/results/2026-08-31-3090x2/raw.jsonl,24,"deepk-shared-2g#r1: per-level ""ms"" values (rounded to 0.1)"
L-505,bench_stress_k2_shared_1g_params,"preset=stress_k2; env={'ET_MINER_KERNEL_VARIANT': 'shared', 'CUDA_VISIBLE_DEVICES': '0'}; n_gpus=1; sparse_from_k=None; max_length=3; min_support=None; two_phase=False; timeout_s=3600",params,method-parameter,bench/results/2026-08-31-3090x2/raw.jsonl,25,"""id"": ""stressk2-shared-1g#r2"", ""preset"": ""stress_k2"" … ""result_path"": ""/root/projects/ET-Miner/bench/results/campaign/stressk2-shared-1g_r2.result.json"""
L-506,bench_stress_k2_shared_1g_wall_s,253.285,s wall,hardware-dependent,bench/results/2026-08-31-3090x2/raw.jsonl,25,"stressk2-shared-1g#r2: ""status"": ""ok"", ""wall_s"": 253.285"
L-507,bench_stress_k2_shared_1g_peak_vram_mb,GPU0=17340; GPU1=4,MB peak VRAM,hardware-dependent,bench/results/2026-08-31-3090x2/raw.jsonl,25,"stressk2-shared-1g#r2: ""peak_vram_mb"": {""0"": 17340, ""1"": 4}"
L-508,bench_stress_k2_shared_1g_throttle_flags,"0x0000000000000001, 0x0000000000000004",nvml throttle flags,hardware-dependent,bench/results/2026-08-31-3090x2/raw.jsonl,25,"stressk2-shared-1g#r2: ""throttle_reasons"": [""0x0000000000000001"", ""0x0000000000000004""]"
L-509,bench_stress_k2_ml3_n_itemsets,3005770,n_itemsets,deterministic,bench/results/2026-08-31-3090x2/raw.jsonl,25,"stressk2-shared-1g#r2: ""motifs_ok"": true, ""n_itemsets"": 3005770"
L-510,bench_stress_k2_ml3_sum_counts,314350393,sum_counts,deterministic,bench/results/2026-08-31-3090x2/raw.jsonl,25,"stressk2-shared-1g#r2: ""sum_counts"": 314350393"
L-511,bench_stress_k2_ml3_itemset_hash,a6d53e9a5e1b44a78dc01b5d23a8ebfdd0e800c0c716bef8a476f0ba0540fe2a,sha256 itemset_hash,deterministic,bench/results/2026-08-31-3090x2/raw.jsonl,25,"stressk2-shared-1g#r2: ""itemset_hash"": ""a6d53e9a5e1b44a7…"""
L-512,bench_stress_k2_shared_1g_levels,K1 cand=35000 freq=35000; K2 cand=612482500 freq=1660332; K3 cand=1310438 freq=1310438,per-level candidates/frequent,deterministic,bench/results/2026-08-31-3090x2/raw.jsonl,25,"stressk2-shared-1g#r2: ""levels"": [{""k"": 1, ""n_candidates"": 35000, ""n_frequent"": 35000 …"
L-513,bench_stress_k2_shared_1g_level_ms,K1=73.9; K2=18136.5; K3=218798.1,ms per level,hardware-dependent,bench/results/2026-08-31-3090x2/raw.jsonl,25,"stressk2-shared-1g#r2: per-level ""ms"" values (rounded to 0.1)"
L-514,bench_deep_k_shared_1g_params,"preset=deep_k; env={'ET_MINER_KERNEL_VARIANT': 'shared', 'CUDA_VISIBLE_DEVICES': '0'}; n_gpus=1; sparse_from_k=None; max_length=None; min_support=None; two_phase=False; timeout_s=1800",params,method-parameter,bench/results/2026-08-31-3090x2/raw.jsonl,26,"""id"": ""deepk-shared-1g#r2"", ""preset"": ""deep_k"" … ""result_path"": ""/root/projects/ET-Miner/bench/results/campaign/deepk-shared-1g_r2.result.json"""
L-515,bench_deep_k_shared_1g_wall_s,0.603,s wall,hardware-dependent,bench/results/2026-08-31-3090x2/raw.jsonl,26,"deepk-shared-1g#r2: ""status"": ""ok"", ""wall_s"": 0.603"
L-516,bench_deep_k_shared_1g_peak_vram_mb,GPU0=352; GPU1=4,MB peak VRAM,hardware-dependent,bench/results/2026-08-31-3090x2/raw.jsonl,26,"deepk-shared-1g#r2: ""peak_vram_mb"": {""0"": 352, ""1"": 4}"
L-517,bench_deep_k_shared_1g_throttle_flags,0x0000000000000001,nvml throttle flags,hardware-dependent,bench/results/2026-08-31-3090x2/raw.jsonl,26,"deepk-shared-1g#r2: ""throttle_reasons"": [""0x0000000000000001""]"
L-518,bench_deep_k_exact_n_itemsets,8841,n_itemsets,deterministic,bench/results/2026-08-31-3090x2/raw.jsonl,26,"deepk-shared-1g#r2: ""motifs_ok"": true, ""n_itemsets"": 8841"
L-519,bench_deep_k_exact_sum_counts,266261275,sum_counts,deterministic,bench/results/2026-08-31-3090x2/raw.jsonl,26,"deepk-shared-1g#r2: ""sum_counts"": 266261275"
L-520,bench_deep_k_exact_itemset_hash,4d2c8d28bcd33cd61f763915e42cb60c0f60f16e1ffec2af32a887faabf47567,sha256 itemset_hash,deterministic,bench/results/2026-08-31-3090x2/raw.jsonl,26,"deepk-shared-1g#r2: ""itemset_hash"": ""4d2c8d28bcd33cd6…"""
L-521,bench_deep_k_shared_1g_levels,K1 cand=112 freq=112; K2 cand=6216 freq=471; K3 cand=901 freq=901; K4 cand=1407 freq=1407; K5 cand=1854 freq=1854; K6 cand=1848 freq=1848; K7 cand=1320 freq=1320; K8 cand=660 freq=660; K9 cand=220 freq=220; K10 cand=44 freq=44; K11 cand=4 freq=4,per-level candidates/frequent,deterministic,bench/results/2026-08-31-3090x2/raw.jsonl,26,"deepk-shared-1g#r2: ""levels"": [{""k"": 1, ""n_candidates"": 112, ""n_frequent"": 112 …"
L-522,bench_deep_k_shared_1g_level_ms,K1=11.3; K2=6.3; K3=5.3; K4=7.6; K5=11.2; K6=13.9; K7=13.2; K8=9.2; K9=4.7; K10=3.1; K11=3.0,ms per level,hardware-dependent,bench/results/2026-08-31-3090x2/raw.jsonl,26,"deepk-shared-1g#r2: per-level ""ms"" values (rounded to 0.1)"
L-523,bench_stress_k2_shared_2g_params,preset=stress_k2; env={'ET_MINER_KERNEL_VARIANT': 'shared'}; n_gpus=2; sparse_from_k=None; max_length=3; min_support=None; two_phase=False; timeout_s=3600,params,method-parameter,bench/results/2026-08-31-3090x2/raw.jsonl,27,"""id"": ""stressk2-shared-2g#r2"", ""preset"": ""stress_k2"" … ""result_path"": ""/root/projects/ET-Miner/bench/results/campaign/stressk2-shared-2g_r2.result.json"""
L-524,bench_stress_k2_shared_2g_wall_s,122.333,s wall,hardware-dependent,bench/results/2026-08-31-3090x2/raw.jsonl,27,"stressk2-shared-2g#r2: ""status"": ""ok"", ""wall_s"": 122.333"
L-525,bench_stress_k2_shared_2g_peak_vram_mb,GPU0=16576; GPU1=16576,MB peak VRAM,hardware-dependent,bench/results/2026-08-31-3090x2/raw.jsonl,27,"stressk2-shared-2g#r2: ""peak_vram_mb"": {""0"": 16576, ""1"": 16576}"
L-526,bench_stress_k2_shared_2g_throttle_flags,"0x0000000000000001, 0x0000000000000004",nvml throttle flags,hardware-dependent,bench/results/2026-08-31-3090x2/raw.jsonl,27,"stressk2-shared-2g#r2: ""throttle_reasons"": [""0x0000000000000001"", ""0x0000000000000004""]"
L-527,bench_stress_k2_ml3_n_itemsets,3005770,n_itemsets,deterministic,bench/results/2026-08-31-3090x2/raw.jsonl,27,"stressk2-shared-2g#r2: ""motifs_ok"": true, ""n_itemsets"": 3005770"
L-528,bench_stress_k2_ml3_sum_counts,314350393,sum_counts,deterministic,bench/results/2026-08-31-3090x2/raw.jsonl,27,"stressk2-shared-2g#r2: ""sum_counts"": 314350393"
L-529,bench_stress_k2_ml3_itemset_hash,a6d53e9a5e1b44a78dc01b5d23a8ebfdd0e800c0c716bef8a476f0ba0540fe2a,sha256 itemset_hash,deterministic,bench/results/2026-08-31-3090x2/raw.jsonl,27,"stressk2-shared-2g#r2: ""itemset_hash"": ""a6d53e9a5e1b44a7…"""
L-530,bench_stress_k2_shared_2g_levels,K1 cand=35000 freq=35000; K2 cand=0 freq=1660332; K3 cand=0 freq=1310438,per-level candidates/frequent,deterministic,bench/results/2026-08-31-3090x2/raw.jsonl,27,"stressk2-shared-2g#r2: ""levels"": [{""k"": 1, ""n_candidates"": 35000, ""n_frequent"": 35000 …"
L-531,bench_stress_k2_shared_2g_level_ms,K1=47.2; K2=7198.9; K3=111923.4,ms per level,hardware-dependent,bench/results/2026-08-31-3090x2/raw.jsonl,27,"stressk2-shared-2g#r2: per-level ""ms"" values (rounded to 0.1)"
L-532,bench_deep_k_shared_2g_params,preset=deep_k; env={'ET_MINER_KERNEL_VARIANT': 'shared'}; n_gpus=2; sparse_from_k=None; max_length=None; min_support=None; two_phase=False; timeout_s=1800,params,method-parameter,bench/results/2026-08-31-3090x2/raw.jsonl,28,"""id"": ""deepk-shared-2g#r2"", ""preset"": ""deep_k"" … ""result_path"": ""/root/projects/ET-Miner/bench/results/campaign/deepk-shared-2g_r2.result.json"""
L-533,bench_deep_k_shared_2g_wall_s,1.361,s wall,hardware-dependent,bench/results/2026-08-31-3090x2/raw.jsonl,28,"deepk-shared-2g#r2: ""status"": ""ok"", ""wall_s"": 1.361"
L-534,bench_deep_k_shared_2g_peak_vram_mb,GPU0=414; GPU1=416,MB peak VRAM,hardware-dependent,bench/results/2026-08-31-3090x2/raw.jsonl,28,"deepk-shared-2g#r2: ""peak_vram_mb"": {""0"": 414, ""1"": 416}"
L-535,bench_deep_k_shared_2g_throttle_flags,(none),nvml throttle flags,hardware-dependent,bench/results/2026-08-31-3090x2/raw.jsonl,28,"deepk-shared-2g#r2: ""throttle_reasons"": []"
L-536,bench_deep_k_exact_n_itemsets,8841,n_itemsets,deterministic,bench/results/2026-08-31-3090x2/raw.jsonl,28,"deepk-shared-2g#r2: ""motifs_ok"": true, ""n_itemsets"": 8841"
L-537,bench_deep_k_exact_sum_counts,266261275,sum_counts,deterministic,bench/results/2026-08-31-3090x2/raw.jsonl,28,"deepk-shared-2g#r2: ""sum_counts"": 266261275"
L-538,bench_deep_k_exact_itemset_hash,4d2c8d28bcd33cd61f763915e42cb60c0f60f16e1ffec2af32a887faabf47567,sha256 itemset_hash,deterministic,bench/results/2026-08-31-3090x2/raw.jsonl,28,"deepk-shared-2g#r2: ""itemset_hash"": ""4d2c8d28bcd33cd6…"""
L-539,bench_deep_k_shared_2g_levels,K1 cand=112 freq=112; K2 cand=0 freq=471; K3 cand=0 freq=901; K4 cand=0 freq=1407; K5 cand=0 freq=1854; K6 cand=0 freq=1848; K7 cand=0 freq=1320; K8 cand=0 freq=660; K9 cand=0 freq=220; K10 cand=0 freq=44; K11 cand=0 freq=4,per-level candidates/frequent,deterministic,bench/results/2026-08-31-3090x2/raw.jsonl,28,"deepk-shared-2g#r2: ""levels"": [{""k"": 1, ""n_candidates"": 112, ""n_frequent"": 112 …"
L-540,bench_deep_k_shared_2g_level_ms,K1=26.4; K2=49.2; K3=6.8; K4=8.4; K5=5.6; K6=2.9; K7=2.5; K8=2.3; K9=2.1; K10=2.2; K11=2.1,ms per level,hardware-dependent,bench/results/2026-08-31-3090x2/raw.jsonl,28,"deepk-shared-2g#r2: per-level ""ms"" values (rounded to 0.1)"
L-541,bench_deep_k_nonccl_params,"preset=deep_k; env={'ET_MINER_KERNEL_VARIANT': 'legacy', 'ET_MINER_DISABLE_NCCL': '1'}; n_gpus=2; sparse_from_k=None; max_length=None; min_support=None; two_phase=False; timeout_s=1800",params,method-parameter,bench/results/2026-09-01-3090x2-sparse/raw.jsonl,1,"""id"": ""deepk-nonccl#r0"", ""preset"": ""deep_k"" … ""result_path"": ""bench/results/2026-09-01-3090x2-sparse/deepk-nonccl_r0.result.json"""
L-542,bench_deep_k_nonccl_wall_s,0.901,s wall,hardware-dependent,bench/results/2026-09-01-3090x2-sparse/raw.jsonl,1,"deepk-nonccl#r0: ""status"": ""ok"", ""wall_s"": 0.901"
L-543,bench_deep_k_nonccl_peak_vram_mb,GPU0=302; GPU1=310,MB peak VRAM,hardware-dependent,bench/results/2026-09-01-3090x2-sparse/raw.jsonl,1,"deepk-nonccl#r0: ""peak_vram_mb"": {""0"": 302, ""1"": 310}"
L-544,bench_deep_k_nonccl_throttle_flags,0x0000000000000001,nvml throttle flags,hardware-dependent,bench/results/2026-09-01-3090x2-sparse/raw.jsonl,1,"deepk-nonccl#r0: ""throttle_reasons"": [""0x0000000000000001""]"
L-545,bench_deep_k_exact_n_itemsets,8841,n_itemsets,deterministic,bench/results/2026-09-01-3090x2-sparse/raw.jsonl,1,"deepk-nonccl#r0: ""motifs_ok"": true, ""n_itemsets"": 8841"
L-546,bench_deep_k_exact_sum_counts,266261275,sum_counts,deterministic,bench/results/2026-09-01-3090x2-sparse/raw.jsonl,1,"deepk-nonccl#r0: ""sum_counts"": 266261275"
L-547,bench_deep_k_exact_itemset_hash,4d2c8d28bcd33cd61f763915e42cb60c0f60f16e1ffec2af32a887faabf47567,sha256 itemset_hash,deterministic,bench/results/2026-09-01-3090x2-sparse/raw.jsonl,1,"deepk-nonccl#r0: ""itemset_hash"": ""4d2c8d28bcd33cd6…"""
L-548,bench_deep_k_nonccl_levels,K1 cand=112 freq=112; K2 cand=0 freq=471; K3 cand=0 freq=901; K4 cand=0 freq=1407; K5 cand=0 freq=1854; K6 cand=0 freq=1848; K7 cand=0 freq=1320; K8 cand=0 freq=660; K9 cand=0 freq=220; K10 cand=0 freq=44; K11 cand=0 freq=4,per-level candidates/frequent,deterministic,bench/results/2026-09-01-3090x2-sparse/raw.jsonl,1,"deepk-nonccl#r0: ""levels"": [{""k"": 1, ""n_candidates"": 112, ""n_frequent"": 112 …"
L-549,bench_deep_k_nonccl_level_ms,K1=22.3; K2=12.5; K3=5.1; K4=3.9; K5=2.8; K6=2.1; K7=2.0; K8=1.8; K9=1.6; K10=1.8; K11=1.7,ms per level,hardware-dependent,bench/results/2026-09-01-3090x2-sparse/raw.jsonl,1,"deepk-nonccl#r0: per-level ""ms"" values (rounded to 0.1)"
L-550,bench_deep_k_density_auto_params,preset=deep_k; env={'ET_MINER_KERNEL_VARIANT': 'legacy'}; n_gpus=2; sparse_from_k=auto; max_length=None; min_support=None; two_phase=False; timeout_s=1800,params,method-parameter,bench/results/2026-09-01-3090x2-sparse/raw.jsonl,2,"""id"": ""deepk-density-auto#r0"", ""preset"": ""deep_k"" … ""result_path"": ""bench/results/2026-09-01-3090x2-sparse/deepk-density-auto_r0.result.json"""
L-551,bench_deep_k_density_auto_wall_s,1.343,s wall,hardware-dependent,bench/results/2026-09-01-3090x2-sparse/raw.jsonl,2,"deepk-density-auto#r0: ""status"": ""ok"", ""wall_s"": 1.343"
L-552,bench_deep_k_density_auto_peak_vram_mb,GPU0=406; GPU1=408,MB peak VRAM,hardware-dependent,bench/results/2026-09-01-3090x2-sparse/raw.jsonl,2,"deepk-density-auto#r0: ""peak_vram_mb"": {""0"": 406, ""1"": 408}"
L-553,bench_deep_k_density_auto_throttle_flags,(none),nvml throttle flags,hardware-dependent,bench/results/2026-09-01-3090x2-sparse/raw.jsonl,2,"deepk-density-auto#r0: ""throttle_reasons"": []"
L-554,bench_deep_k_exact_n_itemsets,8841,n_itemsets,deterministic,bench/results/2026-09-01-3090x2-sparse/raw.jsonl,2,"deepk-density-auto#r0: ""motifs_ok"": true, ""n_itemsets"": 8841"
L-555,bench_deep_k_exact_sum_counts,266261275,sum_counts,deterministic,bench/results/2026-09-01-3090x2-sparse/raw.jsonl,2,"deepk-density-auto#r0: ""sum_counts"": 266261275"
L-556,bench_deep_k_exact_itemset_hash,4d2c8d28bcd33cd61f763915e42cb60c0f60f16e1ffec2af32a887faabf47567,sha256 itemset_hash,deterministic,bench/results/2026-09-01-3090x2-sparse/raw.jsonl,2,"deepk-density-auto#r0: ""itemset_hash"": ""4d2c8d28bcd33cd6…"""
L-557,bench_deep_k_density_auto_levels,K1 cand=112 freq=112; K2 cand=0 freq=471; K3 cand=0 freq=901; K4 cand=0 freq=1407; K5 cand=2251 freq=1854; K6 cand=1855 freq=1848; K7 cand=1320 freq=1320; K8 cand=660 freq=660; K9 cand=220 freq=220; K10 cand=44 freq=44; K11 cand=4 freq=4,per-level candidates/frequent,deterministic,bench/results/2026-09-01-3090x2-sparse/raw.jsonl,2,"deepk-density-auto#r0: ""levels"": [{""k"": 1, ""n_candidates"": 112, ""n_frequent"": 112 …"
L-558,bench_deep_k_density_auto_level_ms,K1=25.7; K2=48.8; K3=5.6; K4=5.3; K5=48.1; K6=4.1; K7=3.5; K8=3.0; K9=2.9; K10=2.7; K11=2.7,ms per level,hardware-dependent,bench/results/2026-09-01-3090x2-sparse/raw.jsonl,2,"deepk-density-auto#r0: per-level ""ms"" values (rounded to 0.1)"
L-559,bench_deep_k_density_auto_1g_params,"preset=deep_k; env={'ET_MINER_KERNEL_VARIANT': 'legacy', 'CUDA_VISIBLE_DEVICES': '0'}; n_gpus=1; sparse_from_k=auto; max_length=None; min_support=None; two_phase=False; timeout_s=1800",params,method-parameter,bench/results/2026-09-01-3090x2-sparse/raw.jsonl,3,"""id"": ""deepk-density-auto-1g#r0"", ""preset"": ""deep_k"" … ""result_path"": ""bench/results/2026-09-01-3090x2-sparse/deepk-density-auto-1g_r0.result.json"""
L-560,bench_deep_k_density_auto_1g_wall_s,0.71,s wall,hardware-dependent,bench/results/2026-09-01-3090x2-sparse/raw.jsonl,3,"deepk-density-auto-1g#r0: ""status"": ""ok"", ""wall_s"": 0.71"
L-561,bench_deep_k_density_auto_1g_peak_vram_mb,GPU0=680; GPU1=4,MB peak VRAM,hardware-dependent,bench/results/2026-09-01-3090x2-sparse/raw.jsonl,3,"deepk-density-auto-1g#r0: ""peak_vram_mb"": {""0"": 680, ""1"": 4}"
L-562,bench_deep_k_density_auto_1g_throttle_flags,(none),nvml throttle flags,hardware-dependent,bench/results/2026-09-01-3090x2-sparse/raw.jsonl,3,"deepk-density-auto-1g#r0: ""throttle_reasons"": []"
L-563,bench_deep_k_exact_n_itemsets,8841,n_itemsets,deterministic,bench/results/2026-09-01-3090x2-sparse/raw.jsonl,3,"deepk-density-auto-1g#r0: ""motifs_ok"": true, ""n_itemsets"": 8841"
L-564,bench_deep_k_exact_sum_counts,266261275,sum_counts,deterministic,bench/results/2026-09-01-3090x2-sparse/raw.jsonl,3,"deepk-density-auto-1g#r0: ""sum_counts"": 266261275"
L-565,bench_deep_k_exact_itemset_hash,4d2c8d28bcd33cd61f763915e42cb60c0f60f16e1ffec2af32a887faabf47567,sha256 itemset_hash,deterministic,bench/results/2026-09-01-3090x2-sparse/raw.jsonl,3,"deepk-density-auto-1g#r0: ""itemset_hash"": ""4d2c8d28bcd33cd6…"""
L-566,bench_deep_k_density_auto_1g_levels,K1 cand=112 freq=112; K2 cand=6216 freq=471; K3 cand=901 freq=901; K4 cand=1407 freq=1407; K5 cand=2251 freq=1854; K6 cand=1855 freq=1848; K7 cand=1320 freq=1320; K8 cand=660 freq=660; K9 cand=220 freq=220; K10 cand=44 freq=44; K11 cand=4 freq=4,per-level candidates/frequent,deterministic,bench/results/2026-09-01-3090x2-sparse/raw.jsonl,3,"deepk-density-auto-1g#r0: ""levels"": [{""k"": 1, ""n_candidates"": 112, ""n_frequent"": 112 …"
L-567,bench_deep_k_density_auto_1g_level_ms,K1=11.4; K2=2.9; K3=6.5; K4=7.9; K5=74.1; K6=14.7; K7=13.4; K8=11.1; K9=10.8; K10=8.9; K11=2.8,ms per level,hardware-dependent,bench/results/2026-09-01-3090x2-sparse/raw.jsonl,3,"deepk-density-auto-1g#r0: per-level ""ms"" values (rounded to 0.1)"
L-568,bench_deep_k_prefilter_off_params,"preset=deep_k; env={'ET_MINER_KERNEL_VARIANT': 'legacy', 'CUDA_VISIBLE_DEVICES': '0'}; n_gpus=1; sparse_from_k=None; max_length=None; min_support=None; two_phase=False; timeout_s=1800",params,method-parameter,bench/results/2026-09-01-3090x2-sparse/raw.jsonl,4,"""id"": ""deepk-prefilter-off#r0"", ""preset"": ""deep_k"" … ""result_path"": ""bench/results/2026-09-01-3090x2-sparse/deepk-prefilter-off_r0.result.json"""
L-569,bench_deep_k_prefilter_off_wall_s,0.59,s wall,hardware-dependent,bench/results/2026-09-01-3090x2-sparse/raw.jsonl,4,"deepk-prefilter-off#r0: ""status"": ""ok"", ""wall_s"": 0.59"
L-570,bench_deep_k_prefilter_off_peak_vram_mb,GPU0=352; GPU1=4,MB peak VRAM,hardware-dependent,bench/results/2026-09-01-3090x2-sparse/raw.jsonl,4,"deepk-prefilter-off#r0: ""peak_vram_mb"": {""0"": 352, ""1"": 4}"
L-571,bench_deep_k_prefilter_off_throttle_flags,0x0000000000000001,nvml throttle flags,hardware-dependent,bench/results/2026-09-01-3090x2-sparse/raw.jsonl,4,"deepk-prefilter-off#r0: ""throttle_reasons"": [""0x0000000000000001""]"
L-572,bench_deep_k_exact_n_itemsets,8841,n_itemsets,deterministic,bench/results/2026-09-01-3090x2-sparse/raw.jsonl,4,"deepk-prefilter-off#r0: ""motifs_ok"": true, ""n_itemsets"": 8841"
L-573,bench_deep_k_exact_sum_counts,266261275,sum_counts,deterministic,bench/results/2026-09-01-3090x2-sparse/raw.jsonl,4,"deepk-prefilter-off#r0: ""sum_counts"": 266261275"
L-574,bench_deep_k_exact_itemset_hash,4d2c8d28bcd33cd61f763915e42cb60c0f60f16e1ffec2af32a887faabf47567,sha256 itemset_hash,deterministic,bench/results/2026-09-01-3090x2-sparse/raw.jsonl,4,"deepk-prefilter-off#r0: ""itemset_hash"": ""4d2c8d28bcd33cd6…"""
L-575,bench_deep_k_prefilter_off_levels,K1 cand=112 freq=112; K2 cand=6216 freq=471; K3 cand=901 freq=901; K4 cand=1407 freq=1407; K5 cand=1854 freq=1854; K6 cand=1848 freq=1848; K7 cand=1320 freq=1320; K8 cand=660 freq=660; K9 cand=220 freq=220; K10 cand=44 freq=44; K11 cand=4 freq=4,per-level candidates/frequent,deterministic,bench/results/2026-09-01-3090x2-sparse/raw.jsonl,4,"deepk-prefilter-off#r0: ""levels"": [{""k"": 1, ""n_candidates"": 112, ""n_frequent"": 112 …"
L-576,bench_deep_k_prefilter_off_level_ms,K1=11.4; K2=3.0; K3=6.0; K4=8.2; K5=10.5; K6=11.2; K7=9.6; K8=5.0; K9=2.1; K10=0.8; K11=0.4,ms per level,hardware-dependent,bench/results/2026-09-01-3090x2-sparse/raw.jsonl,4,"deepk-prefilter-off#r0: per-level ""ms"" values (rounded to 0.1)"
L-577,bench_deep_k_single_prefilter_on_params,"preset=deep_k; env={'ET_MINER_KERNEL_VARIANT': 'legacy', 'CUDA_VISIBLE_DEVICES': '0', 'ET_MINER_ENABLE_PREFILTER': '1'}; n_gpus=1; sparse_from_k=None; max_length=None; min_support=None; two_phase=False; timeout_s=1800",params,method-parameter,bench/results/2026-09-01-3090x2-sparse/raw.jsonl,5,"""id"": ""deepk-single-prefilter-on#r0"", ""preset"": ""deep_k"" … ""result_path"": ""bench/results/2026-09-01-3090x2-sparse/deepk-single-prefilter-on_r0.result.json"""
L-578,bench_deep_k_single_prefilter_on_wall_s,0.595,s wall,hardware-dependent,bench/results/2026-09-01-3090x2-sparse/raw.jsonl,5,"deepk-single-prefilter-on#r0: ""status"": ""ok"", ""wall_s"": 0.595"
L-579,bench_deep_k_single_prefilter_on_peak_vram_mb,GPU0=352; GPU1=4,MB peak VRAM,hardware-dependent,bench/results/2026-09-01-3090x2-sparse/raw.jsonl,5,"deepk-single-prefilter-on#r0: ""peak_vram_mb"": {""0"": 352, ""1"": 4}"
L-580,bench_deep_k_single_prefilter_on_throttle_flags,0x0000000000000001,nvml throttle flags,hardware-dependent,bench/results/2026-09-01-3090x2-sparse/raw.jsonl,5,"deepk-single-prefilter-on#r0: ""throttle_reasons"": [""0x0000000000000001""]"
L-581,bench_deep_k_exact_n_itemsets,8841,n_itemsets,deterministic,bench/results/2026-09-01-3090x2-sparse/raw.jsonl,5,"deepk-single-prefilter-on#r0: ""motifs_ok"": true, ""n_itemsets"": 8841"
L-582,bench_deep_k_exact_sum_counts,266261275,sum_counts,deterministic,bench/results/2026-09-01-3090x2-sparse/raw.jsonl,5,"deepk-single-prefilter-on#r0: ""sum_counts"": 266261275"
L-583,bench_deep_k_exact_itemset_hash,4d2c8d28bcd33cd61f763915e42cb60c0f60f16e1ffec2af32a887faabf47567,sha256 itemset_hash,deterministic,bench/results/2026-09-01-3090x2-sparse/raw.jsonl,5,"deepk-single-prefilter-on#r0: ""itemset_hash"": ""4d2c8d28bcd33cd6…"""
L-584,bench_deep_k_single_prefilter_on_levels,K1 cand=112 freq=112; K2 cand=6216 freq=471; K3 cand=901 freq=901; K4 cand=1407 freq=1407; K5 cand=1854 freq=1854; K6 cand=1848 freq=1848; K7 cand=1320 freq=1320; K8 cand=660 freq=660; K9 cand=220 freq=220; K10 cand=44 freq=44; K11 cand=4 freq=4,per-level candidates/frequent,deterministic,bench/results/2026-09-01-3090x2-sparse/raw.jsonl,5,"deepk-single-prefilter-on#r0: ""levels"": [{""k"": 1, ""n_candidates"": 112, ""n_frequent"": 112 …"
L-585,bench_deep_k_single_prefilter_on_level_ms,K1=11.4; K2=2.9; K3=6.0; K4=7.9; K5=10.3; K6=12.4; K7=9.1; K8=4.9; K9=2.1; K10=0.8; K11=0.4,ms per level,hardware-dependent,bench/results/2026-09-01-3090x2-sparse/raw.jsonl,5,"deepk-single-prefilter-on#r0: per-level ""ms"" values (rounded to 0.1)"
L-586,bench_deep_k_legacy_1g_params,"preset=deep_k; env={'ET_MINER_KERNEL_VARIANT': 'legacy', 'CUDA_VISIBLE_DEVICES': '0'}; n_gpus=1; sparse_from_k=None; max_length=None; min_support=None; two_phase=False; timeout_s=1800",params,method-parameter,bench/results/2026-09-01-3090x2-sparse/raw.jsonl,6,"""id"": ""deepk-legacy-1g#r0"", ""preset"": ""deep_k"" … ""result_path"": ""bench/results/2026-09-01-3090x2-sparse/deepk-legacy-1g_r0.result.json"""
L-587,bench_deep_k_legacy_1g_wall_s,0.584,s wall,hardware-dependent,bench/results/2026-09-01-3090x2-sparse/raw.jsonl,6,"deepk-legacy-1g#r0: ""status"": ""ok"", ""wall_s"": 0.584"
L-588,bench_deep_k_legacy_1g_peak_vram_mb,GPU0=352; GPU1=4,MB peak VRAM,hardware-dependent,bench/results/2026-09-01-3090x2-sparse/raw.jsonl,6,"deepk-legacy-1g#r0: ""peak_vram_mb"": {""0"": 352, ""1"": 4}"
L-589,bench_deep_k_legacy_1g_throttle_flags,0x0000000000000001,nvml throttle flags,hardware-dependent,bench/results/2026-09-01-3090x2-sparse/raw.jsonl,6,"deepk-legacy-1g#r0: ""throttle_reasons"": [""0x0000000000000001""]"
L-590,bench_deep_k_exact_n_itemsets,8841,n_itemsets,deterministic,bench/results/2026-09-01-3090x2-sparse/raw.jsonl,6,"deepk-legacy-1g#r0: ""motifs_ok"": true, ""n_itemsets"": 8841"
L-591,bench_deep_k_exact_sum_counts,266261275,sum_counts,deterministic,bench/results/2026-09-01-3090x2-sparse/raw.jsonl,6,"deepk-legacy-1g#r0: ""sum_counts"": 266261275"
L-592,bench_deep_k_exact_itemset_hash,4d2c8d28bcd33cd61f763915e42cb60c0f60f16e1ffec2af32a887faabf47567,sha256 itemset_hash,deterministic,bench/results/2026-09-01-3090x2-sparse/raw.jsonl,6,"deepk-legacy-1g#r0: ""itemset_hash"": ""4d2c8d28bcd33cd6…"""
L-593,bench_deep_k_legacy_1g_levels,K1 cand=112 freq=112; K2 cand=6216 freq=471; K3 cand=901 freq=901; K4 cand=1407 freq=1407; K5 cand=1854 freq=1854; K6 cand=1848 freq=1848; K7 cand=1320 freq=1320; K8 cand=660 freq=660; K9 cand=220 freq=220; K10 cand=44 freq=44; K11 cand=4 freq=4,per-level candidates/frequent,deterministic,bench/results/2026-09-01-3090x2-sparse/raw.jsonl,6,"deepk-legacy-1g#r0: ""levels"": [{""k"": 1, ""n_candidates"": 112, ""n_frequent"": 112 …"
L-594,bench_deep_k_legacy_1g_level_ms,K1=11.4; K2=2.9; K3=6.1; K4=8.3; K5=10.4; K6=11.2; K7=10.1; K8=4.9; K9=2.1; K10=0.8; K11=0.4,ms per level,hardware-dependent,bench/results/2026-09-01-3090x2-sparse/raw.jsonl,6,"deepk-legacy-1g#r0: per-level ""ms"" values (rounded to 0.1)"
L-595,bench_deep_k_shared_1g_params,"preset=deep_k; env={'ET_MINER_KERNEL_VARIANT': 'shared', 'CUDA_VISIBLE_DEVICES': '0'}; n_gpus=1; sparse_from_k=None; max_length=None; min_support=None; two_phase=False; timeout_s=1800",params,method-parameter,bench/results/2026-09-01-3090x2-sparse/raw.jsonl,7,"""id"": ""deepk-shared-1g#r0"", ""preset"": ""deep_k"" … ""result_path"": ""bench/results/2026-09-01-3090x2-sparse/deepk-shared-1g_r0.result.json"""
L-596,bench_deep_k_shared_1g_wall_s,0.613,s wall,hardware-dependent,bench/results/2026-09-01-3090x2-sparse/raw.jsonl,7,"deepk-shared-1g#r0: ""status"": ""ok"", ""wall_s"": 0.613"
L-597,bench_deep_k_shared_1g_peak_vram_mb,GPU0=352; GPU1=4,MB peak VRAM,hardware-dependent,bench/results/2026-09-01-3090x2-sparse/raw.jsonl,7,"deepk-shared-1g#r0: ""peak_vram_mb"": {""0"": 352, ""1"": 4}"
L-598,bench_deep_k_shared_1g_throttle_flags,0x0000000000000001,nvml throttle flags,hardware-dependent,bench/results/2026-09-01-3090x2-sparse/raw.jsonl,7,"deepk-shared-1g#r0: ""throttle_reasons"": [""0x0000000000000001""]"
L-599,bench_deep_k_exact_n_itemsets,8841,n_itemsets,deterministic,bench/results/2026-09-01-3090x2-sparse/raw.jsonl,7,"deepk-shared-1g#r0: ""motifs_ok"": true, ""n_itemsets"": 8841"
L-600,bench_deep_k_exact_sum_counts,266261275,sum_counts,deterministic,bench/results/2026-09-01-3090x2-sparse/raw.jsonl,7,"deepk-shared-1g#r0: ""sum_counts"": 266261275"
L-601,bench_deep_k_exact_itemset_hash,4d2c8d28bcd33cd61f763915e42cb60c0f60f16e1ffec2af32a887faabf47567,sha256 itemset_hash,deterministic,bench/results/2026-09-01-3090x2-sparse/raw.jsonl,7,"deepk-shared-1g#r0: ""itemset_hash"": ""4d2c8d28bcd33cd6…"""
L-602,bench_deep_k_shared_1g_levels,K1 cand=112 freq=112; K2 cand=6216 freq=471; K3 cand=901 freq=901; K4 cand=1407 freq=1407; K5 cand=1854 freq=1854; K6 cand=1848 freq=1848; K7 cand=1320 freq=1320; K8 cand=660 freq=660; K9 cand=220 freq=220; K10 cand=44 freq=44; K11 cand=4 freq=4,per-level candidates/frequent,deterministic,bench/results/2026-09-01-3090x2-sparse/raw.jsonl,7,"deepk-shared-1g#r0: ""levels"": [{""k"": 1, ""n_candidates"": 112, ""n_frequent"": 112 …"
L-603,bench_deep_k_shared_1g_level_ms,K1=11.4; K2=6.3; K3=5.3; K4=7.7; K5=11.2; K6=14.1; K7=13.2; K8=9.2; K9=4.7; K10=3.1; K11=2.9,ms per level,hardware-dependent,bench/results/2026-09-01-3090x2-sparse/raw.jsonl,7,"deepk-shared-1g#r0: per-level ""ms"" values (rounded to 0.1)"
L-604,bench_deep_k_legacy_2g_params,preset=deep_k; env={'ET_MINER_KERNEL_VARIANT': 'legacy'}; n_gpus=2; sparse_from_k=None; max_length=None; min_support=None; two_phase=False; timeout_s=1800,params,method-parameter,bench/results/2026-09-01-3090x2-sparse/raw.jsonl,8,"""id"": ""deepk-legacy-2g#r0"", ""preset"": ""deep_k"" … ""result_path"": ""bench/results/2026-09-01-3090x2-sparse/deepk-legacy-2g_r0.result.json"""
L-605,bench_deep_k_legacy_2g_wall_s,1.338,s wall,hardware-dependent,bench/results/2026-09-01-3090x2-sparse/raw.jsonl,8,"deepk-legacy-2g#r0: ""status"": ""ok"", ""wall_s"": 1.338"
L-606,bench_deep_k_legacy_2g_peak_vram_mb,GPU0=414; GPU1=416,MB peak VRAM,hardware-dependent,bench/results/2026-09-01-3090x2-sparse/raw.jsonl,8,"deepk-legacy-2g#r0: ""peak_vram_mb"": {""0"": 414, ""1"": 416}"
L-607,bench_deep_k_legacy_2g_throttle_flags,0x0000000000000001,nvml throttle flags,hardware-dependent,bench/results/2026-09-01-3090x2-sparse/raw.jsonl,8,"deepk-legacy-2g#r0: ""throttle_reasons"": [""0x0000000000000001""]"
L-608,bench_deep_k_exact_n_itemsets,8841,n_itemsets,deterministic,bench/results/2026-09-01-3090x2-sparse/raw.jsonl,8,"deepk-legacy-2g#r0: ""motifs_ok"": true, ""n_itemsets"": 8841"
L-609,bench_deep_k_exact_sum_counts,266261275,sum_counts,deterministic,bench/results/2026-09-01-3090x2-sparse/raw.jsonl,8,"deepk-legacy-2g#r0: ""sum_counts"": 266261275"
L-610,bench_deep_k_exact_itemset_hash,4d2c8d28bcd33cd61f763915e42cb60c0f60f16e1ffec2af32a887faabf47567,sha256 itemset_hash,deterministic,bench/results/2026-09-01-3090x2-sparse/raw.jsonl,8,"deepk-legacy-2g#r0: ""itemset_hash"": ""4d2c8d28bcd33cd6…"""
L-611,bench_deep_k_legacy_2g_levels,K1 cand=112 freq=112; K2 cand=0 freq=471; K3 cand=0 freq=901; K4 cand=0 freq=1407; K5 cand=0 freq=1854; K6 cand=0 freq=1848; K7 cand=0 freq=1320; K8 cand=0 freq=660; K9 cand=0 freq=220; K10 cand=0 freq=44; K11 cand=0 freq=4,per-level candidates/frequent,deterministic,bench/results/2026-09-01-3090x2-sparse/raw.jsonl,8,"deepk-legacy-2g#r0: ""levels"": [{""k"": 1, ""n_candidates"": 112, ""n_frequent"": 112 …"
L-612,bench_deep_k_legacy_2g_level_ms,K1=27.9; K2=46.2; K3=5.8; K4=5.4; K5=3.6; K6=2.4; K7=2.5; K8=3.2; K9=2.4; K10=2.2; K11=1.9,ms per level,hardware-dependent,bench/results/2026-09-01-3090x2-sparse/raw.jsonl,8,"deepk-legacy-2g#r0: per-level ""ms"" values (rounded to 0.1)"
L-613,bench_deep_k_shared_2g_params,preset=deep_k; env={'ET_MINER_KERNEL_VARIANT': 'shared'}; n_gpus=2; sparse_from_k=None; max_length=None; min_support=None; two_phase=False; timeout_s=1800,params,method-parameter,bench/results/2026-09-01-3090x2-sparse/raw.jsonl,9,"""id"": ""deepk-shared-2g#r0"", ""preset"": ""deep_k"" … ""result_path"": ""bench/results/2026-09-01-3090x2-sparse/deepk-shared-2g_r0.result.json"""
L-614,bench_deep_k_shared_2g_wall_s,1.354,s wall,hardware-dependent,bench/results/2026-09-01-3090x2-sparse/raw.jsonl,9,"deepk-shared-2g#r0: ""status"": ""ok"", ""wall_s"": 1.354"
L-615,bench_deep_k_shared_2g_peak_vram_mb,GPU0=414; GPU1=416,MB peak VRAM,hardware-dependent,bench/results/2026-09-01-3090x2-sparse/raw.jsonl,9,"deepk-shared-2g#r0: ""peak_vram_mb"": {""0"": 414, ""1"": 416}"
L-616,bench_deep_k_shared_2g_throttle_flags,(none),nvml throttle flags,hardware-dependent,bench/results/2026-09-01-3090x2-sparse/raw.jsonl,9,"deepk-shared-2g#r0: ""throttle_reasons"": []"
L-617,bench_deep_k_exact_n_itemsets,8841,n_itemsets,deterministic,bench/results/2026-09-01-3090x2-sparse/raw.jsonl,9,"deepk-shared-2g#r0: ""motifs_ok"": true, ""n_itemsets"": 8841"
L-618,bench_deep_k_exact_sum_counts,266261275,sum_counts,deterministic,bench/results/2026-09-01-3090x2-sparse/raw.jsonl,9,"deepk-shared-2g#r0: ""sum_counts"": 266261275"
L-619,bench_deep_k_exact_itemset_hash,4d2c8d28bcd33cd61f763915e42cb60c0f60f16e1ffec2af32a887faabf47567,sha256 itemset_hash,deterministic,bench/results/2026-09-01-3090x2-sparse/raw.jsonl,9,"deepk-shared-2g#r0: ""itemset_hash"": ""4d2c8d28bcd33cd6…"""
L-620,bench_deep_k_shared_2g_levels,K1 cand=112 freq=112; K2 cand=0 freq=471; K3 cand=0 freq=901; K4 cand=0 freq=1407; K5 cand=0 freq=1854; K6 cand=0 freq=1848; K7 cand=0 freq=1320; K8 cand=0 freq=660; K9 cand=0 freq=220; K10 cand=0 freq=44; K11 cand=0 freq=4,per-level candidates/frequent,deterministic,bench/results/2026-09-01-3090x2-sparse/raw.jsonl,9,"deepk-shared-2g#r0: ""levels"": [{""k"": 1, ""n_candidates"": 112, ""n_frequent"": 112 …"
L-621,bench_deep_k_shared_2g_level_ms,K1=26.4; K2=49.1; K3=7.2; K4=9.1; K5=5.4; K6=2.5; K7=2.6; K8=2.3; K9=2.6; K10=1.9; K11=1.9,ms per level,hardware-dependent,bench/results/2026-09-01-3090x2-sparse/raw.jsonl,9,"deepk-shared-2g#r0: per-level ""ms"" values (rounded to 0.1)"
L-622,bench_deep_k_shared_1g_params,"preset=deep_k; env={'ET_MINER_KERNEL_VARIANT': 'shared', 'CUDA_VISIBLE_DEVICES': '0'}; n_gpus=1; sparse_from_k=None; max_length=None; min_support=None; two_phase=False; timeout_s=1800",params,method-parameter,bench/results/2026-09-01-3090x2-sparse/raw.jsonl,10,"""id"": ""deepk-shared-1g#r1"", ""preset"": ""deep_k"" … ""result_path"": ""bench/results/2026-09-01-3090x2-sparse/deepk-shared-1g_r1.result.json"""
L-623,bench_deep_k_shared_1g_wall_s,0.628,s wall,hardware-dependent,bench/results/2026-09-01-3090x2-sparse/raw.jsonl,10,"deepk-shared-1g#r1: ""status"": ""ok"", ""wall_s"": 0.628"
L-624,bench_deep_k_shared_1g_peak_vram_mb,GPU0=352; GPU1=4,MB peak VRAM,hardware-dependent,bench/results/2026-09-01-3090x2-sparse/raw.jsonl,10,"deepk-shared-1g#r1: ""peak_vram_mb"": {""0"": 352, ""1"": 4}"
L-625,bench_deep_k_shared_1g_throttle_flags,(none),nvml throttle flags,hardware-dependent,bench/results/2026-09-01-3090x2-sparse/raw.jsonl,10,"deepk-shared-1g#r1: ""throttle_reasons"": []"
L-626,bench_deep_k_exact_n_itemsets,8841,n_itemsets,deterministic,bench/results/2026-09-01-3090x2-sparse/raw.jsonl,10,"deepk-shared-1g#r1: ""motifs_ok"": true, ""n_itemsets"": 8841"
L-627,bench_deep_k_exact_sum_counts,266261275,sum_counts,deterministic,bench/results/2026-09-01-3090x2-sparse/raw.jsonl,10,"deepk-shared-1g#r1: ""sum_counts"": 266261275"
L-628,bench_deep_k_exact_itemset_hash,4d2c8d28bcd33cd61f763915e42cb60c0f60f16e1ffec2af32a887faabf47567,sha256 itemset_hash,deterministic,bench/results/2026-09-01-3090x2-sparse/raw.jsonl,10,"deepk-shared-1g#r1: ""itemset_hash"": ""4d2c8d28bcd33cd6…"""
L-629,bench_deep_k_shared_1g_levels,K1 cand=112 freq=112; K2 cand=6216 freq=471; K3 cand=901 freq=901; K4 cand=1407 freq=1407; K5 cand=1854 freq=1854; K6 cand=1848 freq=1848; K7 cand=1320 freq=1320; K8 cand=660 freq=660; K9 cand=220 freq=220; K10 cand=44 freq=44; K11 cand=4 freq=4,per-level candidates/frequent,deterministic,bench/results/2026-09-01-3090x2-sparse/raw.jsonl,10,"deepk-shared-1g#r1: ""levels"": [{""k"": 1, ""n_candidates"": 112, ""n_frequent"": 112 …"
L-630,bench_deep_k_shared_1g_level_ms,K1=11.4; K2=6.3; K3=5.3; K4=7.6; K5=11.2; K6=14.1; K7=13.2; K8=9.3; K9=4.7; K10=3.1; K11=2.9,ms per level,hardware-dependent,bench/results/2026-09-01-3090x2-sparse/raw.jsonl,10,"deepk-shared-1g#r1: per-level ""ms"" values (rounded to 0.1)"
L-631,bench_deep_k_shared_2g_params,preset=deep_k; env={'ET_MINER_KERNEL_VARIANT': 'shared'}; n_gpus=2; sparse_from_k=None; max_length=None; min_support=None; two_phase=False; timeout_s=1800,params,method-parameter,bench/results/2026-09-01-3090x2-sparse/raw.jsonl,11,"""id"": ""deepk-shared-2g#r1"", ""preset"": ""deep_k"" … ""result_path"": ""bench/results/2026-09-01-3090x2-sparse/deepk-shared-2g_r1.result.json"""
L-632,bench_deep_k_shared_2g_wall_s,1.346,s wall,hardware-dependent,bench/results/2026-09-01-3090x2-sparse/raw.jsonl,11,"deepk-shared-2g#r1: ""status"": ""ok"", ""wall_s"": 1.346"
L-633,bench_deep_k_shared_2g_peak_vram_mb,GPU0=414; GPU1=416,MB peak VRAM,hardware-dependent,bench/results/2026-09-01-3090x2-sparse/raw.jsonl,11,"deepk-shared-2g#r1: ""peak_vram_mb"": {""0"": 414, ""1"": 416}"
L-634,bench_deep_k_shared_2g_throttle_flags,0x0000000000000001,nvml throttle flags,hardware-dependent,bench/results/2026-09-01-3090x2-sparse/raw.jsonl,11,"deepk-shared-2g#r1: ""throttle_reasons"": [""0x0000000000000001""]"
L-635,bench_deep_k_exact_n_itemsets,8841,n_itemsets,deterministic,bench/results/2026-09-01-3090x2-sparse/raw.jsonl,11,"deepk-shared-2g#r1: ""motifs_ok"": true, ""n_itemsets"": 8841"
L-636,bench_deep_k_exact_sum_counts,266261275,sum_counts,deterministic,bench/results/2026-09-01-3090x2-sparse/raw.jsonl,11,"deepk-shared-2g#r1: ""sum_counts"": 266261275"
L-637,bench_deep_k_exact_itemset_hash,4d2c8d28bcd33cd61f763915e42cb60c0f60f16e1ffec2af32a887faabf47567,sha256 itemset_hash,deterministic,bench/results/2026-09-01-3090x2-sparse/raw.jsonl,11,"deepk-shared-2g#r1: ""itemset_hash"": ""4d2c8d28bcd33cd6…"""
L-638,bench_deep_k_shared_2g_levels,K1 cand=112 freq=112; K2 cand=0 freq=471; K3 cand=0 freq=901; K4 cand=0 freq=1407; K5 cand=0 freq=1854; K6 cand=0 freq=1848; K7 cand=0 freq=1320; K8 cand=0 freq=660; K9 cand=0 freq=220; K10 cand=0 freq=44; K11 cand=0 freq=4,per-level candidates/frequent,deterministic,bench/results/2026-09-01-3090x2-sparse/raw.jsonl,11,"deepk-shared-2g#r1: ""levels"": [{""k"": 1, ""n_candidates"": 112, ""n_frequent"": 112 …"
L-639,bench_deep_k_shared_2g_level_ms,K1=26.3; K2=48.8; K3=7.6; K4=9.5; K5=5.4; K6=2.6; K7=2.5; K8=2.2; K9=1.9; K10=2.2; K11=2.0,ms per level,hardware-dependent,bench/results/2026-09-01-3090x2-sparse/raw.jsonl,11,"deepk-shared-2g#r1: per-level ""ms"" values (rounded to 0.1)"
L-640,bench_deep_k_shared_1g_params,"preset=deep_k; env={'ET_MINER_KERNEL_VARIANT': 'shared', 'CUDA_VISIBLE_DEVICES': '0'}; n_gpus=1; sparse_from_k=None; max_length=None; min_support=None; two_phase=False; timeout_s=1800",params,method-parameter,bench/results/2026-09-01-3090x2-sparse/raw.jsonl,12,"""id"": ""deepk-shared-1g#r2"", ""preset"": ""deep_k"" … ""result_path"": ""bench/results/2026-09-01-3090x2-sparse/deepk-shared-1g_r2.result.json"""
L-641,bench_deep_k_shared_1g_wall_s,0.602,s wall,hardware-dependent,bench/results/2026-09-01-3090x2-sparse/raw.jsonl,12,"deepk-shared-1g#r2: ""status"": ""ok"", ""wall_s"": 0.602"
L-642,bench_deep_k_shared_1g_peak_vram_mb,GPU0=352; GPU1=4,MB peak VRAM,hardware-dependent,bench/results/2026-09-01-3090x2-sparse/raw.jsonl,12,"deepk-shared-1g#r2: ""peak_vram_mb"": {""0"": 352, ""1"": 4}"
L-643,bench_deep_k_shared_1g_throttle_flags,(none),nvml throttle flags,hardware-dependent,bench/results/2026-09-01-3090x2-sparse/raw.jsonl,12,"deepk-shared-1g#r2: ""throttle_reasons"": []"
L-644,bench_deep_k_exact_n_itemsets,8841,n_itemsets,deterministic,bench/results/2026-09-01-3090x2-sparse/raw.jsonl,12,"deepk-shared-1g#r2: ""motifs_ok"": true, ""n_itemsets"": 8841"
L-645,bench_deep_k_exact_sum_counts,266261275,sum_counts,deterministic,bench/results/2026-09-01-3090x2-sparse/raw.jsonl,12,"deepk-shared-1g#r2: ""sum_counts"": 266261275"
L-646,bench_deep_k_exact_itemset_hash,4d2c8d28bcd33cd61f763915e42cb60c0f60f16e1ffec2af32a887faabf47567,sha256 itemset_hash,deterministic,bench/results/2026-09-01-3090x2-sparse/raw.jsonl,12,"deepk-shared-1g#r2: ""itemset_hash"": ""4d2c8d28bcd33cd6…"""
L-647,bench_deep_k_shared_1g_levels,K1 cand=112 freq=112; K2 cand=6216 freq=471; K3 cand=901 freq=901; K4 cand=1407 freq=1407; K5 cand=1854 freq=1854; K6 cand=1848 freq=1848; K7 cand=1320 freq=1320; K8 cand=660 freq=660; K9 cand=220 freq=220; K10 cand=44 freq=44; K11 cand=4 freq=4,per-level candidates/frequent,deterministic,bench/results/2026-09-01-3090x2-sparse/raw.jsonl,12,"deepk-shared-1g#r2: ""levels"": [{""k"": 1, ""n_candidates"": 112, ""n_frequent"": 112 …"
L-648,bench_deep_k_shared_1g_level_ms,K1=11.5; K2=6.4; K3=5.3; K4=7.7; K5=11.3; K6=14.1; K7=13.5; K8=9.2; K9=4.7; K10=3.1; K11=3.0,ms per level,hardware-dependent,bench/results/2026-09-01-3090x2-sparse/raw.jsonl,12,"deepk-shared-1g#r2: per-level ""ms"" values (rounded to 0.1)"
L-649,bench_deep_k_shared_2g_params,preset=deep_k; env={'ET_MINER_KERNEL_VARIANT': 'shared'}; n_gpus=2; sparse_from_k=None; max_length=None; min_support=None; two_phase=False; timeout_s=1800,params,method-parameter,bench/results/2026-09-01-3090x2-sparse/raw.jsonl,13,"""id"": ""deepk-shared-2g#r2"", ""preset"": ""deep_k"" … ""result_path"": ""bench/results/2026-09-01-3090x2-sparse/deepk-shared-2g_r2.result.json"""
L-650,bench_deep_k_shared_2g_wall_s,1.382,s wall,hardware-dependent,bench/results/2026-09-01-3090x2-sparse/raw.jsonl,13,"deepk-shared-2g#r2: ""status"": ""ok"", ""wall_s"": 1.382"
L-651,bench_deep_k_shared_2g_peak_vram_mb,GPU0=414; GPU1=416,MB peak VRAM,hardware-dependent,bench/results/2026-09-01-3090x2-sparse/raw.jsonl,13,"deepk-shared-2g#r2: ""peak_vram_mb"": {""0"": 414, ""1"": 416}"
L-652,bench_deep_k_shared_2g_throttle_flags,0x0000000000000001,nvml throttle flags,hardware-dependent,bench/results/2026-09-01-3090x2-sparse/raw.jsonl,13,"deepk-shared-2g#r2: ""throttle_reasons"": [""0x0000000000000001""]"
L-653,bench_deep_k_exact_n_itemsets,8841,n_itemsets,deterministic,bench/results/2026-09-01-3090x2-sparse/raw.jsonl,13,"deepk-shared-2g#r2: ""motifs_ok"": true, ""n_itemsets"": 8841"
L-654,bench_deep_k_exact_sum_counts,266261275,sum_counts,deterministic,bench/results/2026-09-01-3090x2-sparse/raw.jsonl,13,"deepk-shared-2g#r2: ""sum_counts"": 266261275"
L-655,bench_deep_k_exact_itemset_hash,4d2c8d28bcd33cd61f763915e42cb60c0f60f16e1ffec2af32a887faabf47567,sha256 itemset_hash,deterministic,bench/results/2026-09-01-3090x2-sparse/raw.jsonl,13,"deepk-shared-2g#r2: ""itemset_hash"": ""4d2c8d28bcd33cd6…"""
L-656,bench_deep_k_shared_2g_levels,K1 cand=112 freq=112; K2 cand=0 freq=471; K3 cand=0 freq=901; K4 cand=0 freq=1407; K5 cand=0 freq=1854; K6 cand=0 freq=1848; K7 cand=0 freq=1320; K8 cand=0 freq=660; K9 cand=0 freq=220; K10 cand=0 freq=44; K11 cand=0 freq=4,per-level candidates/frequent,deterministic,bench/results/2026-09-01-3090x2-sparse/raw.jsonl,13,"deepk-shared-2g#r2: ""levels"": [{""k"": 1, ""n_candidates"": 112, ""n_frequent"": 112 …"
L-657,bench_deep_k_shared_2g_level_ms,K1=25.3; K2=50.1; K3=6.8; K4=8.5; K5=5.5; K6=2.5; K7=2.5; K8=2.2; K9=2.1; K10=2.0; K11=2.4,ms per level,hardware-dependent,bench/results/2026-09-01-3090x2-sparse/raw.jsonl,13,"deepk-shared-2g#r2: per-level ""ms"" values (rounded to 0.1)"
L-658,meta_log_direct_vs_son_experiment_id,direct_gpu_vs_son,experiment id,method-parameter,applications/alphafold/results_214m/experiment_direct_vs_son_20260219_050326.json,2,"""experiment"": ""direct_gpu_vs_son"""
L-659,meta_log_direct_vs_son_timestamp,2026-02-19T05:03:26.988464+00:00,timestamp,software,applications/alphafold/results_214m/experiment_direct_vs_son_20260219_050326.json,3,"""timestamp"": ""2026-02-19T05:03:26.988464+00:00"""
L-660,run_power_support,1e-05,min_support (fraction),method-parameter,applications/alphafold/results_214m/experiment_direct_vs_son_20260219_050326.json,5,"""min_support"": 1e-05"
L-661,run_power_support_pct,0.001%,support_pct,method-parameter,applications/alphafold/results_214m/experiment_direct_vs_son_20260219_050326.json,6,"""support_pct"": ""0.001%"""
L-662,dataset_multi_feature,76890945,n_transactions (proteins),deterministic,applications/alphafold/results_214m/experiment_direct_vs_son_20260219_050326.json,7,"""n_transactions"": 76890945"
L-663,run_power_min_count,768,min_count,method-parameter,applications/alphafold/results_214m/experiment_direct_vs_son_20260219_050326.json,8,"""min_count"": 768"
L-664,run_power_direct_max_length,null,max_length,method-parameter,applications/alphafold/results_214m/experiment_direct_vs_son_20260219_050326.json,9,"""max_length"": null"
L-665,run_power_direct_use_gpu,true,use_gpu,method-parameter,applications/alphafold/results_214m/experiment_direct_vs_son_20260219_050326.json,10,"""use_gpu"": true"
L-666,run_power_direct_itemsets,475865,itemsets (direct GPU),deterministic,applications/alphafold/results_214m/experiment_direct_vs_son_20260219_050326.json,13,"""direct_gpu_result"": { ""itemsets"": 475865"
L-667,run_power_direct_time_s,50.72,s (direct GPU time),hardware-dependent,applications/alphafold/results_214m/experiment_direct_vs_son_20260219_050326.json,14,"""time_seconds"": 50.72"
L-668,run_power_direct_kmax,14,max_k (direct GPU),deterministic,applications/alphafold/results_214m/experiment_direct_vs_son_20260219_050326.json,15,"""max_k"": 14"
L-669,kdist_power_direct_k1_count,1002,"itemsets at K=1 (direct GPU, 0.001%)",deterministic,applications/alphafold/results_214m/experiment_direct_vs_son_20260219_050326.json,17,"""k_distribution"": … ""1"": 1002"
L-670,kdist_power_direct_k2_count,22019,"itemsets at K=2 (direct GPU, 0.001%)",deterministic,applications/alphafold/results_214m/experiment_direct_vs_son_20260219_050326.json,18,"""k_distribution"": … ""2"": 22019"
L-671,kdist_power_direct_k3_count,73205,"itemsets at K=3 (direct GPU, 0.001%)",deterministic,applications/alphafold/results_214m/experiment_direct_vs_son_20260219_050326.json,19,"""k_distribution"": … ""3"": 73205"
L-672,kdist_power_direct_k4_count,108059,"itemsets at K=4 (direct GPU, 0.001%)",deterministic,applications/alphafold/results_214m/experiment_direct_vs_son_20260219_050326.json,20,"""k_distribution"": … ""4"": 108059"
L-673,kdist_power_direct_k5_count,104239,"itemsets at K=5 (direct GPU, 0.001%)",deterministic,applications/alphafold/results_214m/experiment_direct_vs_son_20260219_050326.json,21,"""k_distribution"": … ""5"": 104239"
L-674,kdist_power_direct_k6_count,78596,"itemsets at K=6 (direct GPU, 0.001%)",deterministic,applications/alphafold/results_214m/experiment_direct_vs_son_20260219_050326.json,22,"""k_distribution"": … ""6"": 78596"
L-675,kdist_power_direct_k7_count,48699,"itemsets at K=7 (direct GPU, 0.001%)",deterministic,applications/alphafold/results_214m/experiment_direct_vs_son_20260219_050326.json,23,"""k_distribution"": … ""7"": 48699"
L-676,kdist_power_direct_k8_count,25011,"itemsets at K=8 (direct GPU, 0.001%)",deterministic,applications/alphafold/results_214m/experiment_direct_vs_son_20260219_050326.json,24,"""k_distribution"": … ""8"": 25011"
L-677,kdist_power_direct_k9_count,10508,"itemsets at K=9 (direct GPU, 0.001%)",deterministic,applications/alphafold/results_214m/experiment_direct_vs_son_20260219_050326.json,25,"""k_distribution"": … ""9"": 10508"
L-678,kdist_power_direct_k10_count,3488,"itemsets at K=10 (direct GPU, 0.001%)",deterministic,applications/alphafold/results_214m/experiment_direct_vs_son_20260219_050326.json,26,"""k_distribution"": … ""10"": 3488"
L-679,kdist_power_direct_k11_count,869,"itemsets at K=11 (direct GPU, 0.001%)",deterministic,applications/alphafold/results_214m/experiment_direct_vs_son_20260219_050326.json,27,"""k_distribution"": … ""11"": 869"
L-680,kdist_power_direct_k12_count,152,"itemsets at K=12 (direct GPU, 0.001%)",deterministic,applications/alphafold/results_214m/experiment_direct_vs_son_20260219_050326.json,28,"""k_distribution"": … ""12"": 152"
L-681,kdist_power_direct_k13_count,17,"itemsets at K=13 (direct GPU, 0.001%)",deterministic,applications/alphafold/results_214m/experiment_direct_vs_son_20260219_050326.json,29,"""k_distribution"": … ""13"": 17"
L-682,kdist_power_direct_k14_count,1,"itemsets at K=14 (direct GPU, 0.001%)",deterministic,applications/alphafold/results_214m/experiment_direct_vs_son_20260219_050326.json,30,"""k_distribution"": … ""14"": 1"
L-683,run_power_method,SON (Power),method,method-parameter,applications/alphafold/results_214m/experiment_direct_vs_son_20260219_050326.json,34,"""son_reference"": { ""method"": ""SON (Power)"""
L-684,run_power_support_pct,0.001% / 1e-05,support (SON),method-parameter,applications/alphafold/results_214m/experiment_direct_vs_son_20260219_050326.json,35,"""support_pct"": ""0.001%"", ""min_support"": 1e-05"
L-685,run_power_son_itemsets,22846,itemsets (SON),deterministic,applications/alphafold/results_214m/experiment_direct_vs_son_20260219_050326.json,37,"""itemsets"": 22846"
L-686,run_power_son_time_s,1085.6,s (SON time),hardware-dependent,applications/alphafold/results_214m/experiment_direct_vs_son_20260219_050326.json,38,"""time_seconds"": 1085.6"
L-687,run_power_kmax,13,max_k (SON),deterministic,applications/alphafold/results_214m/experiment_direct_vs_son_20260219_050326.json,39,"""max_k"": 13"
L-688,run_blitz_method,Direct GPU (Blitz),method,method-parameter,applications/alphafold/results_214m/experiment_direct_vs_son_20260219_050326.json,42,"""blitz_reference"": { ""method"": ""Direct GPU (Blitz)"""
L-689,run_blitz_support_pct,0.0001% / 1e-06,support (Blitz),method-parameter,applications/alphafold/results_214m/experiment_direct_vs_son_20260219_050326.json,43,"""support_pct"": ""0.0001%"", ""min_support"": 1e-06"
L-690,run_blitz_itemsets,2841280,itemsets (Blitz),deterministic,applications/alphafold/results_214m/experiment_direct_vs_son_20260219_050326.json,45,"""itemsets"": 2841280"
L-691,run_blitz_time_s,119.3,s (Blitz time),hardware-dependent,applications/alphafold/results_214m/experiment_direct_vs_son_20260219_050326.json,46,"""time_seconds"": 119.3"
L-692,run_blitz_kmax,19,max_k (Blitz),deterministic,applications/alphafold/results_214m/experiment_direct_vs_son_20260219_050326.json,47,"""max_k"": 19"
L-693,son_speedup,21.4,speedup_vs_son,hardware-dependent,applications/alphafold/results_214m/experiment_direct_vs_son_20260219_050326.json,50,"""comparison"": { ""speedup_vs_son"": 21.4"
L-694,run_power_son_itemset_match,false,itemset_match,deterministic,applications/alphafold/results_214m/experiment_direct_vs_son_20260219_050326.json,51,"""itemset_match"": false"
L-695,run_power_son_itemset_diff,453019,itemset_diff,deterministic,applications/alphafold/results_214m/experiment_direct_vs_son_20260219_050326.json,52,"""itemset_diff"": 453019"
L-696,run_power_direct_itemsets,475865 (sum of k_distribution K1..K14),itemsets,deterministic,applications/alphafold/results_214m/experiment_direct_vs_son_20260219_050326.json,(derived),extractor check: sum of direct k_distribution equals itemsets=475865
L-697,run_power_min_count,768.9 → ceil 769,min_count implied by 1e-05 × 76890945,deterministic,applications/alphafold/results_214m/experiment_direct_vs_son_20260219_050326.json,(derived),"extractor check: 1e-05 × 76,890,945 = 768.909; file states min_count 768"
L-698,meta_log_null_experiment_id,null_model_permutation_test,experiment id,method-parameter,applications/alphafold/results_214m/experiment_null_model_20260219_061046.json,2,"""experiment"": ""null_model_permutation_test"""
L-699,meta_log_null_timestamp,2026-02-19T06:10:46.260818+00:00,timestamp,software,applications/alphafold/results_214m/experiment_null_model_20260219_061046.json,3,"""timestamp"": ""2026-02-19T06:10:46.260818+00:00"""
L-700,null_support,1.0001177641918693e-05,min_support (fraction),method-parameter,applications/alphafold/results_214m/experiment_null_model_20260219_061046.json,5,"""min_support"": 1.0001177641918693e-05"
L-701,null_min_count,769,min_count,method-parameter,applications/alphafold/results_214m/experiment_null_model_20260219_061046.json,6,"""min_count"": 769"
L-702,dataset_multi_feature,76890945,n_transactions (proteins),deterministic,applications/alphafold/results_214m/experiment_null_model_20260219_061046.json,7,"""n_transactions"": 76890945"
L-703,null_permutations,5,n_permutations,method-parameter,applications/alphafold/results_214m/experiment_null_model_20260219_061046.json,8,"""n_permutations"": 5"
L-704,null_seed,42,seed,method-parameter,applications/alphafold/results_214m/experiment_null_model_20260219_061046.json,9,"""seed"": 42"
L-705,null_recomputed_real,false,recomputed_real,method-parameter,applications/alphafold/results_214m/experiment_null_model_20260219_061046.json,10,"""recomputed_real"": false"
L-706,null_k1_bio,1002,real itemsets at K=1,deterministic,applications/alphafold/results_214m/experiment_null_model_20260219_061046.json,13,"""real_distribution"": … ""1"": 1002"
L-707,null_k2_bio,22019,real itemsets at K=2,deterministic,applications/alphafold/results_214m/experiment_null_model_20260219_061046.json,14,"""real_distribution"": … ""2"": 22019"
L-708,null_k3_bio,73205,real itemsets at K=3,deterministic,applications/alphafold/results_214m/experiment_null_model_20260219_061046.json,15,"""real_distribution"": … ""3"": 73205"
L-709,null_k4_bio,108059,real itemsets at K=4,deterministic,applications/alphafold/results_214m/experiment_null_model_20260219_061046.json,16,"""real_distribution"": … ""4"": 108059"
L-710,null_k5_bio,104239,real itemsets at K=5,deterministic,applications/alphafold/results_214m/experiment_null_model_20260219_061046.json,17,"""real_distribution"": … ""5"": 104239"
L-711,null_k6_bio,78596,real itemsets at K=6,deterministic,applications/alphafold/results_214m/experiment_null_model_20260219_061046.json,18,"""real_distribution"": … ""6"": 78596"
L-712,null_k7_bio,48699,real itemsets at K=7,deterministic,applications/alphafold/results_214m/experiment_null_model_20260219_061046.json,19,"""real_distribution"": … ""7"": 48699"
L-713,null_k8_bio,25011,real itemsets at K=8,deterministic,applications/alphafold/results_214m/experiment_null_model_20260219_061046.json,20,"""real_distribution"": … ""8"": 25011"
L-714,null_k9_bio,10508,real itemsets at K=9,deterministic,applications/alphafold/results_214m/experiment_null_model_20260219_061046.json,21,"""real_distribution"": … ""9"": 10508"
L-715,null_k10_bio,3488,real itemsets at K=10,deterministic,applications/alphafold/results_214m/experiment_null_model_20260219_061046.json,22,"""real_distribution"": … ""10"": 3488"
L-716,null_k11_bio,869,real itemsets at K=11,deterministic,applications/alphafold/results_214m/experiment_null_model_20260219_061046.json,23,"""real_distribution"": … ""11"": 869"
L-717,null_k12_bio,152,real itemsets at K=12,deterministic,applications/alphafold/results_214m/experiment_null_model_20260219_061046.json,24,"""real_distribution"": … ""12"": 152"
L-718,null_k13_bio,17,real itemsets at K=13,deterministic,applications/alphafold/results_214m/experiment_null_model_20260219_061046.json,25,"""real_distribution"": … ""13"": 17"
L-719,null_k14_bio,1,real itemsets at K=14,deterministic,applications/alphafold/results_214m/experiment_null_model_20260219_061046.json,26,"""real_distribution"": … ""14"": 1"
L-720,run_power_direct_itemsets,475865,real_total,deterministic,applications/alphafold/results_214m/experiment_null_model_20260219_061046.json,28,"""real_total"": 475865"
L-721,null_perm1_total_itemsets,171401,total_itemsets (null run 1),deterministic,applications/alphafold/results_214m/experiment_null_model_20260219_061046.json,32,"""run"": 1, ""total_itemsets"": 171401"
L-722,null_perm1_time_s,99.22,s (null run 1 mining time),hardware-dependent,applications/alphafold/results_214m/experiment_null_model_20260219_061046.json,33,"""run"": 1, ""time_seconds"": 99.22"
L-723,null_perm1_k_distribution,K1=1002; K2=63737; K3=79166; K4=25482; K5=1994; K6=20,k_distribution (null run 1),deterministic,applications/alphafold/results_214m/experiment_null_model_20260219_061046.json,35,"""run"": 1, ""k_distribution"": {""1"": 1002, ""2"": 63737, ""3"": 79166, ""4"": 25482, ""5"": 1994, ""6"": 20}"
L-724,null_perm2_total_itemsets,171240,total_itemsets (null run 2),deterministic,applications/alphafold/results_214m/experiment_null_model_20260219_061046.json,45,"""run"": 2, ""total_itemsets"": 171240"
L-725,null_perm2_time_s,135.62,s (null run 2 mining time),hardware-dependent,applications/alphafold/results_214m/experiment_null_model_20260219_061046.json,46,"""run"": 2, ""time_seconds"": 135.62"
L-726,null_perm2_k_distribution,K1=1002; K2=63672; K3=79121; K4=25453; K5=1970; K6=22,k_distribution (null run 2),deterministic,applications/alphafold/results_214m/experiment_null_model_20260219_061046.json,48,"""run"": 2, ""k_distribution"": {""1"": 1002, ""2"": 63672, ""3"": 79121, ""4"": 25453, ""5"": 1970, ""6"": 22}"
L-727,null_perm3_total_itemsets,171289,total_itemsets (null run 3),deterministic,applications/alphafold/results_214m/experiment_null_model_20260219_061046.json,58,"""run"": 3, ""total_itemsets"": 171289"
L-728,null_perm3_time_s,141.97,s (null run 3 mining time),hardware-dependent,applications/alphafold/results_214m/experiment_null_model_20260219_061046.json,59,"""run"": 3, ""time_seconds"": 141.97"
L-729,null_perm3_k_distribution,K1=1002; K2=63750; K3=79080; K4=25438; K5=1996; K6=23,k_distribution (null run 3),deterministic,applications/alphafold/results_214m/experiment_null_model_20260219_061046.json,61,"""run"": 3, ""k_distribution"": {""1"": 1002, ""2"": 63750, ""3"": 79080, ""4"": 25438, ""5"": 1996, ""6"": 23}"
L-730,null_perm4_total_itemsets,171395,total_itemsets (null run 4),deterministic,applications/alphafold/results_214m/experiment_null_model_20260219_061046.json,71,"""run"": 4, ""total_itemsets"": 171395"
L-731,null_perm4_time_s,143.06,s (null run 4 mining time),hardware-dependent,applications/alphafold/results_214m/experiment_null_model_20260219_061046.json,72,"""run"": 4, ""time_seconds"": 143.06"
L-732,null_perm4_k_distribution,K1=1002; K2=63703; K3=79185; K4=25475; K5=2008; K6=22,k_distribution (null run 4),deterministic,applications/alphafold/results_214m/experiment_null_model_20260219_061046.json,74,"""run"": 4, ""k_distribution"": {""1"": 1002, ""2"": 63703, ""3"": 79185, ""4"": 25475, ""5"": 2008, ""6"": 22}"
L-733,null_perm5_total_itemsets,171275,total_itemsets (null run 5),deterministic,applications/alphafold/results_214m/experiment_null_model_20260219_061046.json,84,"""run"": 5, ""total_itemsets"": 171275"
L-734,null_perm5_time_s,142.3,s (null run 5 mining time),hardware-dependent,applications/alphafold/results_214m/experiment_null_model_20260219_061046.json,85,"""run"": 5, ""time_seconds"": 142.3"
L-735,null_perm5_k_distribution,K1=1002; K2=63650; K3=79120; K4=25491; K5=1990; K6=22,k_distribution (null run 5),deterministic,applications/alphafold/results_214m/experiment_null_model_20260219_061046.json,87,"""run"": 5, ""k_distribution"": {""1"": 1002, ""2"": 63650, ""3"": 79120, ""4"": 25491, ""5"": 1990, ""6"": 22}"
L-736,null_k1_z,real=1002; null_mean=1002.0; null_std=0.0; z_score=0.0; p_value=1.0; direction=depleted; significant=false,statistics K=1,deterministic,applications/alphafold/results_214m/experiment_null_model_20260219_061046.json,98,"""1"": { ""real"": 1002, ""null_mean"": 1002.0, ""null_std"": 0.0, ""z_score"": 0.0, ""p_value"": 1.0"
L-737,null_k2_z,real=22019; null_mean=63702.4; null_std=42.2; z_score=-987.08; p_value=1.0; direction=depleted; significant=false,statistics K=2,deterministic,applications/alphafold/results_214m/experiment_null_model_20260219_061046.json,107,"""2"": { ""real"": 22019, ""null_mean"": 63702.4, ""null_std"": 42.2, ""z_score"": -987.08, ""p_value"": 1.0"
L-738,null_k3_z,real=73205; null_mean=79134.4; null_std=41.5; z_score=-142.71; p_value=1.0; direction=depleted; significant=false,statistics K=3,deterministic,applications/alphafold/results_214m/experiment_null_model_20260219_061046.json,116,"""3"": { ""real"": 73205, ""null_mean"": 79134.4, ""null_std"": 41.5, ""z_score"": -142.71, ""p_value"": 1.0"
L-739,null_k4_z,real=108059; null_mean=25467.8; null_std=21.8; z_score=3790.74; p_value=0.0; direction=enriched; significant=true,statistics K=4,deterministic,applications/alphafold/results_214m/experiment_null_model_20260219_061046.json,125,"""4"": { ""real"": 108059, ""null_mean"": 25467.8, ""null_std"": 21.8, ""z_score"": 3790.74, ""p_value"": 0.0"
L-740,null_k5_z,real=104239; null_mean=1991.6; null_std=13.8; z_score=7402.24; p_value=0.0; direction=enriched; significant=true,statistics K=5,deterministic,applications/alphafold/results_214m/experiment_null_model_20260219_061046.json,134,"""5"": { ""real"": 104239, ""null_mean"": 1991.6, ""null_std"": 13.8, ""z_score"": 7402.24, ""p_value"": 0.0"
L-741,null_k6_z,real=78596; null_mean=21.8; null_std=1.1; z_score=71728.1; p_value=0.0; direction=enriched; significant=true,statistics K=6,deterministic,applications/alphafold/results_214m/experiment_null_model_20260219_061046.json,143,"""6"": { ""real"": 78596, ""null_mean"": 21.8, ""null_std"": 1.1, ""z_score"": 71728.1, ""p_value"": 0.0"
L-742,null_k7_z,"real=48699; null_mean=0.0; null_std=0.0; z_score=inf; p_value=0.0; direction=enriched; significant=""True""",statistics K=7,deterministic,applications/alphafold/results_214m/experiment_null_model_20260219_061046.json,152,"""7"": { ""real"": 48699, ""null_mean"": 0.0, ""null_std"": 0.0, ""z_score"": inf, ""p_value"": 0.0"
L-743,null_k8_z,"real=25011; null_mean=0.0; null_std=0.0; z_score=inf; p_value=0.0; direction=enriched; significant=""True""",statistics K=8,deterministic,applications/alphafold/results_214m/experiment_null_model_20260219_061046.json,161,"""8"": { ""real"": 25011, ""null_mean"": 0.0, ""null_std"": 0.0, ""z_score"": inf, ""p_value"": 0.0"
L-744,null_k9_z,"real=10508; null_mean=0.0; null_std=0.0; z_score=inf; p_value=0.0; direction=enriched; significant=""True""",statistics K=9,deterministic,applications/alphafold/results_214m/experiment_null_model_20260219_061046.json,170,"""9"": { ""real"": 10508, ""null_mean"": 0.0, ""null_std"": 0.0, ""z_score"": inf, ""p_value"": 0.0"
L-745,null_k10_z,"real=3488; null_mean=0.0; null_std=0.0; z_score=inf; p_value=0.0; direction=enriched; significant=""True""",statistics K=10,deterministic,applications/alphafold/results_214m/experiment_null_model_20260219_061046.json,179,"""10"": { ""real"": 3488, ""null_mean"": 0.0, ""null_std"": 0.0, ""z_score"": inf, ""p_value"": 0.0"
L-746,null_k11_z,"real=869; null_mean=0.0; null_std=0.0; z_score=inf; p_value=0.0; direction=enriched; significant=""True""",statistics K=11,deterministic,applications/alphafold/results_214m/experiment_null_model_20260219_061046.json,188,"""11"": { ""real"": 869, ""null_mean"": 0.0, ""null_std"": 0.0, ""z_score"": inf, ""p_value"": 0.0"
L-747,null_k12_z,"real=152; null_mean=0.0; null_std=0.0; z_score=inf; p_value=0.0; direction=enriched; significant=""True""",statistics K=12,deterministic,applications/alphafold/results_214m/experiment_null_model_20260219_061046.json,197,"""12"": { ""real"": 152, ""null_mean"": 0.0, ""null_std"": 0.0, ""z_score"": inf, ""p_value"": 0.0"
L-748,null_k13_z,"real=17; null_mean=0.0; null_std=0.0; z_score=inf; p_value=0.0; direction=enriched; significant=""True""",statistics K=13,deterministic,applications/alphafold/results_214m/experiment_null_model_20260219_061046.json,206,"""13"": { ""real"": 17, ""null_mean"": 0.0, ""null_std"": 0.0, ""z_score"": inf, ""p_value"": 0.0"
L-749,null_k14_z,"real=1; null_mean=0.0; null_std=0.0; z_score=inf; p_value=0.0; direction=enriched; significant=""True""",statistics K=14,deterministic,applications/alphafold/results_214m/experiment_null_model_20260219_061046.json,215,"""14"": { ""real"": 1, ""null_mean"": 0.0, ""null_std"": 0.0, ""z_score"": inf, ""p_value"": 0.0"
L-750,run_power_direct_itemsets,475865,real_total (summary),deterministic,applications/alphafold/results_214m/experiment_null_model_20260219_061046.json,225,"""summary"": { ""real_total"": 475865"
L-751,null_mean_total,171320.0,null_mean_total,deterministic,applications/alphafold/results_214m/experiment_null_model_20260219_061046.json,226,"""null_mean_total"": 171320.0"
L-752,null_ratio,2.78,ratio_real_vs_null,deterministic,applications/alphafold/results_214m/experiment_null_model_20260219_061046.json,227,"""ratio_real_vs_null"": 2.78"
L-753,null_per_perm_time_s,132.43,s avg_null_mining_seconds,hardware-dependent,applications/alphafold/results_214m/experiment_null_model_20260219_061046.json,228,"""avg_null_mining_seconds"": 132.43"
L-754,null_total_time_s,662.17,s total_experiment_seconds,hardware-dependent,applications/alphafold/results_214m/experiment_null_model_20260219_061046.json,229,"""total_experiment_seconds"": 662.17"
L-755,null_kge7_bio,88745,itemsets K>=7 (sum of real_distribution K7..K14),deterministic,applications/alphafold/results_214m/experiment_null_model_20260219_061046.json,(derived),"extractor check: 48699+25011+10508+3488+869+152+17+1 = 88,745 (notebook text says 89,566)"
L-756,null_min_count,769.0,min_count × 1/n (1.0001177641918693e-05 × 76890945),deterministic,applications/alphafold/results_214m/experiment_null_model_20260219_061046.json,(derived),"extractor check: min_support here equals 769/76,890,945 exactly"
L-757,meta_log_decoded_patterns_file_summary,"41,665 lines; 4,749,057 bytes; 5,351 itemset blocks (K=15..19); fields per block: Support/Proteins/K, Item IDs, pLDDT features, Pfam domains, GO terms, Full decode",summary,deterministic,applications/alphafold/results_214m/decoded_top_k_patterns.txt,(file),structured text dump; not transcribed row-by-row (see summary rows below)
L-758,run_blitz_k_ge15_distinct_items,"81 distinct item ids used (min 1, max 1002); pLDDT-feature line present in 4,329/5,351 blocks; Pfam line in 5,196/5,351",summary,deterministic,applications/alphafold/results_214m/decoded_top_k_patterns.txt,(file),extractor-computed over all 'Item IDs' lines
L-759,doc_decoded_patterns_k_range,K=15 to K=19; 214M TrEMBL,scope,method-parameter,applications/alphafold/results_214m/decoded_top_k_patterns.txt,2,DECODED HIGH-K ITEMSETS (K=15 to K=19) FROM 214M TrEMBL MINING
L-760,dataset_multi_feature,"76,890,945",proteins in dataset,deterministic,applications/alphafold/results_214m/decoded_top_k_patterns.txt,3,"Total proteins in dataset: 76,890,945"
L-761,run_blitz_k_ge15_itemsets,"5,351",itemsets K>=15,deterministic,applications/alphafold/results_214m/decoded_top_k_patterns.txt,4,"Total itemsets K>=15: 5,351"
L-762,kdist_blitz_k19_count,1,itemsets at K=19,deterministic,applications/alphafold/results_214m/decoded_top_k_patterns.txt,8,K = 19  |  1 itemsets
L-763,pattern_k19_support,support 0.000002; ~187 proteins; K 19,K=19 itemset 1/1,deterministic,applications/alphafold/results_214m/decoded_top_k_patterns.txt,12,Support: 0.000002  |  Proteins: ~187  |  K: 19
L-764,pattern_k19_item_ids,"[1, 13, 23, 507, 508, 511, 517, 560, 594, 602, 604, 641, 677, 698, 724, 731, 794, 887, 906]",item ids (K=19 itemset),deterministic,applications/alphafold/results_214m/decoded_top_k_patterns.txt,13,"Item IDs: [1, 13, 23, 507, 508, 511, 517, 560, 594, 602, 604, 641, 677, 698, 724, 731, 794, 887, 906]"
L-765,pattern_k19_plddt_member,plddt_mean_med,pLDDT feature (K=19 itemset),deterministic,applications/alphafold/results_214m/decoded_top_k_patterns.txt,14,pLDDT features:  plddt_mean_med
L-766,pattern_k19_pfam_members,"PF00271, PF00270",Pfam (K=19 itemset),deterministic,applications/alphafold/results_214m/decoded_top_k_patterns.txt,15,"Pfam domains:    PF00271, PF00270"
L-767,pattern_k19_go_members,"GO:0005524, GO:0046872, GO:0003677, GO:0016887, GO:1990904, GO:0005730, GO:0005654, GO:0006397, GO:0045944, GO:0003724, GO:0043138, GO:0005813, GO:0008380, … (16 GO terms)",GO terms (K=19 itemset),deterministic,applications/alphafold/results_214m/decoded_top_k_patterns.txt,16,"GO terms: GO:0005524 [go_term], GO:0046872 [go_term], GO:0003677 [go_term], GO:0016887 [go_term], …"
L-768,kdist_blitz_k18_count,19,itemsets at K=18,deterministic,applications/alphafold/results_214m/decoded_top_k_patterns.txt,20,K = 18  |  19 itemsets
L-769,pattern_k18_support,support 0.000002; ~192 proteins,K=18 itemset 1/19,deterministic,applications/alphafold/results_214m/decoded_top_k_patterns.txt,24,Support: 0.000002  |  Proteins: ~192  |  K: 18
L-770,kdist_blitz_k17_count,173,itemsets at K=17,deterministic,applications/alphafold/results_214m/decoded_top_k_patterns.txt,175,K = 17  |  173 itemsets
L-771,pattern_k17_support,support 0.000008; ~611 proteins,K=17 itemset 1/173,deterministic,applications/alphafold/results_214m/decoded_top_k_patterns.txt,179,Support: 0.000008  |  Proteins: ~611  |  K: 17
L-772,kdist_blitz_k16_count,1003,itemsets at K=16,deterministic,applications/alphafold/results_214m/decoded_top_k_patterns.txt,1544,K = 16  |  1003 itemsets
L-773,kdist_blitz_k15_count,4155,itemsets at K=15,deterministic,applications/alphafold/results_214m/decoded_top_k_patterns.txt,9400,K = 15  |  4155 itemsets
L-774,kdist_blitz_k19_count,"K=19: 1 itemsets; support [0.000002, 0.000002]; proteins [187 - 187]",summary,deterministic,applications/alphafold/results_214m/decoded_top_k_patterns.txt,41661,"K=19:     1 itemsets | support range [0.000002, 0.000002] | proteins [187 - 187]"
L-775,kdist_blitz_k18_count,"K=18: 19 itemsets; support [0.000002, 0.000002]; proteins [187 - 192]",summary,deterministic,applications/alphafold/results_214m/decoded_top_k_patterns.txt,41662,"K=18:    19 itemsets | support range [0.000002, 0.000002] | proteins [187 - 192]"
L-776,kdist_blitz_k17_count,"K=17: 173 itemsets; support [0.000002, 0.000008]; proteins [187 - 611]",summary,deterministic,applications/alphafold/results_214m/decoded_top_k_patterns.txt,41663,"K=17:   173 itemsets | support range [0.000002, 0.000008] | proteins [187 - 611]"
L-777,kdist_blitz_k16_count,"K=16: 1003 itemsets; support [0.000002, 0.000008]; proteins [187 - 612]",summary,deterministic,applications/alphafold/results_214m/decoded_top_k_patterns.txt,41664,"K=16:  1003 itemsets | support range [0.000002, 0.000008] | proteins [187 - 612]"
L-778,kdist_blitz_k15_count,"K=15: 4155 itemsets; support [0.000001, 0.000009]; proteins [84 - 664]",summary,deterministic,applications/alphafold/results_214m/decoded_top_k_patterns.txt,41665,"K=15:  4155 itemsets | support range [0.000001, 0.000009] | proteins [84 - 664]"
L-779,run_blitz_k_ge15_itemsets,"1+19+173+1003+4155 = 5351; per-K support/protein ranges recomputed from all 5,351 'Support:' lines match the SUMMARY block exactly",consistency,deterministic,applications/alphafold/results_214m/decoded_top_k_patterns.txt,(derived),extractor check
L-780,run_blitz_k15_min_proteins,"84 proteins at K=15 minimum → support 84/76,890,945 = 1.09e-6",min protein count (K=15),deterministic,applications/alphafold/results_214m/decoded_top_k_patterns.txt,(derived),extractor check: lowest 'Proteins: ~84' in file (K=15)
L-781,dataset_metadata_rows,214M,proteins (title),deterministic,applications/alphafold/results_214m/GLOSSARY.md,1,# Biological Glossary - AlphaFold 214M Mining Results
L-782,dataset_metadata_rows,214 million,AlphaFold-predicted structures,deterministic,applications/alphafold/results_214m/GLOSSARY.md,3,frequent itemset mining of 214 million AlphaFold-predicted protein structures.
L-783,doc_glossary_high_k_threshold,K>=10; 2.84M,high-K threshold / itemsets (direct GPU),deterministic,applications/alphafold/results_214m/GLOSSARY.md,9,Domains listed here appear in high-K itemsets (K>=10) from the 2.84M direct GPU mining results.
L-784,doc_glossary_gpcr_drug_share_pct,~34%,FDA-approved drugs targeting GPCRs,external-fact,applications/alphafold/results_214m/GLOSSARY.md,13,~34% of FDA-approved drugs target GPCRs.
L-785,doc_glossary_sh2_domain,~100 aa; >100 human proteins,SH2 domain length / count,external-fact,applications/alphafold/results_214m/GLOSSARY.md,15,Src Homology 2 domain (~100 aa) … Over 100 human proteins contain SH2 domains.
L-786,doc_glossary_sh3_domain,~60 aa; ~300,SH3 domain length / count in human proteome,external-fact,applications/alphafold/results_214m/GLOSSARY.md,16,Src Homology 3 domain (~60 aa) … ~300 SH3 domains in the human proteome.
L-787,doc_glossary_c1_domain_length_aa,~50 aa,C1_1 domain length,external-fact,applications/alphafold/results_214m/GLOSSARY.md,18,Phorbol ester / diacylglycerol (DAG) binding domain (~50 aa).
L-788,doc_glossary_dbl_family_members,70,human Dbl-family members,external-fact,applications/alphafold/results_214m/GLOSSARY.md,21,70 human Dbl-family members.
L-789,run_blitz_itemsets,2.84M frequent itemsets; K=1-19,itemsets / K range,deterministic,applications/alphafold/results_214m/GLOSSARY.md,140,"*Generated from et-miner AlphaFold 214M protein mining results (2.84M frequent itemsets, K=1-19)."
L-790,meta_log_notebook_summary,"29 cells (19 code, 10 markdown); 1 stored output (cell 1 stream); execution_count None on all code cells; kernel '.venv (3.10.12)'",summary,software,applications/alphafold/experiments/analysis_alpha_centauri.ipynb,(file),notebook stored without executed outputs except one print
L-791,dataset_multi_feature,76.9M--109M,proteins,deterministic,applications/alphafold/experiments/analysis_alpha_centauri.ipynb,cell 0 (md),GPU-accelerated frequent itemset mining on 76.9M--109M proteins
L-792,run_opus_itemsets,26.8M itemsets; K=1--22,God Mode campaign,deterministic,applications/alphafold/experiments/analysis_alpha_centauri.ipynb,cell 0 (md),"1K-feature ""God Mode"" campaign (26.8M itemsets, K=1--22)"
L-793,run_v35k_itemsets,16.8B itemsets; K=1--8,35K Alpha Centauri,deterministic,applications/alphafold/experiments/analysis_alpha_centauri.ipynb,cell 0 (md),"35K-feature Alpha Centauri results (16.8B itemsets, K=1--8)"
L-794,run_v35k_n_transactions,76.9M (1K features) / 109.2M (35K features),proteins,deterministic,applications/alphafold/experiments/analysis_alpha_centauri.ipynb,cell 0 (md),"UniProt TrEMBL + SwissProt, 76.9M proteins (1K features) / 109.2M proteins (35K features)"
L-795,hw_gpu_model,NVIDIA H100/H200,GPU,hardware-dependent,applications/alphafold/experiments/analysis_alpha_centauri.ipynb,cell 0 (md),"**Hardware:** NVIDIA H100/H200 GPUs, CSR bitvector encoding, Apriori with popcount-based support counting"
L-796,run_opus_time_min,7.3 minutes,God Mode mining time,hardware-dependent,applications/alphafold/experiments/analysis_alpha_centauri.ipynb,cell 0 (md),1K God Mode: 26.8M itemsets in 7.3 minutes (K=1--22)
L-797,run_v35k_itemsets,"16,812,646,639; 12.07B at K=8; 67 GB",itemsets / size,deterministic,applications/alphafold/experiments/analysis_alpha_centauri.ipynb,cell 0 (md),"35K Alpha Centauri: **16,812,646,639 itemsets** (K=1--8), including 12.07B K=8 itemsets (67 GB)"
L-798,meta_log_notebook_input_paths,archived/alphafold/results_214m/itemsets_214m_godmode.parquet; item_mapping_214m.parquet,input paths (NOT present in repo),software,applications/alphafold/experiments/analysis_alpha_centauri.ipynb,cell 1 L40-41 (code),"GODMODE_PATH = REPO_ROOT / ""archived"" / ""alphafold"" / ""results_214m"" / ""itemsets_214m_godmode.parquet"""
L-799,run_opus_itemsets,26.8M rows,God Mode itemsets,deterministic,applications/alphafold/experiments/analysis_alpha_centauri.ipynb,cell 1 L47 (code),"print(""Loading God Mode itemsets (26.8M rows)..."")"
L-800,vocab_items_defined,"1,006",item-mapping features,deterministic,applications/alphafold/experiments/analysis_alpha_centauri.ipynb,cell 1 L51 (code),"print(""Loading item mapping (1,006 features)..."")"
L-801,dataset_multi_feature,"76,890,945",N_PROTEINS,deterministic,applications/alphafold/experiments/analysis_alpha_centauri.ipynb,cell 1 L67 (code),"N_PROTEINS = son_data[""parameters""][""n_transactions""]  # 76,890,945"
L-802,meta_log_notebook_stored_output,"(stream) Loading God Mode itemsets (26.8M rows)... / Loading item mapping (1,006 features)...",only stored output,software,applications/alphafold/experiments/analysis_alpha_centauri.ipynb,cell 1 (output),the sole output in the notebook
L-803,k22_support,"K=22: 1 itemset, ~8 proteins",deepest itemset,deterministic,applications/alphafold/experiments/analysis_alpha_centauri.ipynb,cell 2 L16 (code),"22: ""Deepest: 22-feature signature (1 itemset, ~8 proteins)"""
L-804,run_opus_support_pct,"76.9M proteins; 1,002 features (500 Pfam + 500 GO + 6 pLDDT); support >= 1e-7",God Mode params,method-parameter,applications/alphafold/experiments/analysis_alpha_centauri.ipynb,cell 2 L66 (code),"<sub>76.9M proteins, 1,002 features (500 Pfam + 500 GO + 6 pLDDT), support >= 1e-7</sub>"
L-805,doc_notebook_kdist_opus_bins,K=1--3: 527K; K=4--6: 5.8M; K=7--9: 10.1M (peak); K=10--14: 6.0M; K=15--22: 5.5K,itemsets per K range (God Mode),deterministic,applications/alphafold/experiments/analysis_alpha_centauri.ipynb,cell 3 (md),| K=1--3 | 527K | … | K=15--22 | 5.5K | … found in ~100--200 proteins each
L-806,kdist_opus_peak_count,K=9: 3.53M,peak K itemsets,deterministic,applications/alphafold/experiments/analysis_alpha_centauri.ipynb,cell 3 (md),The **peak at K=9** (3.53M itemsets)
L-807,null_kge7_mean,0 at K>=7,null-model itemsets,deterministic,applications/alphafold/experiments/analysis_alpha_centauri.ipynb,cell 3 (md),the null model produces **zero** itemsets at K >= 7.
L-808,doc_notebook_rank1_item_support_pct,59.6%,rank-1 item support (share of proteins),deterministic,applications/alphafold/experiments/analysis_alpha_centauri.ipynb,cell 4 L70 (code),"text=f""Rank 1: support={supports[0]:.4f} (59.6% of proteins)"""
L-809,null_kmax,dies at K=6; tail to K=22,null vs real K reach,deterministic,applications/alphafold/experiments/analysis_alpha_centauri.ipynb,cell 5 (md),a **fundamentally different** distribution that dies at K=6. The real data's long tail extending to K=22
L-810,doc_notebook_k19_shared_features,16--17 of 19 features shared,K=19 itemsets overlap,deterministic,applications/alphafold/experiments/analysis_alpha_centauri.ipynb,cell 9 (md),The K=19 itemsets are all minor variations of a single RNA helicase / spliceosome signature (sharing 16--17 of 19 features)
L-811,son_miss_rate_pct,"95.2% (453,019 of 475,865)",SON loss,deterministic,applications/alphafold/experiments/analysis_alpha_centauri.ipynb,cell 11 L15 (code),"# The comparison shows SON lost 95.2% of itemsets (453,019 out of 475,865)"
L-812,run_power_son_itemsets,"SON 22,846 vs direct 475,865; SON max K 13, direct 14",SON vs direct,deterministic,applications/alphafold/experiments/analysis_alpha_centauri.ipynb,cell 11 L25-26 (code),"# SON approximation: it found 22,846 total vs 475,865 direct / # SON max K = 13, Direct max K = 14"
L-813,run_power_direct_time_s,"475,865 itemsets in 50.7 s",direct GPU at 0.001%,hardware-dependent,applications/alphafold/experiments/analysis_alpha_centauri.ipynb,cell 12 (md),"**Direct GPU finds 475,865 itemsets** in 50.7 seconds"
L-814,run_power_son_time_s,"22,846 in 1,085.6 s; 21.4x slower",SON at 0.001%,hardware-dependent,applications/alphafold/experiments/analysis_alpha_centauri.ipynb,cell 12 (md),"**SON finds only 22,846** in 1,085.6 seconds (21.4x slower!)"
L-815,son_miss_rate_pct,95.2%,SON pattern loss,deterministic,applications/alphafold/experiments/analysis_alpha_centauri.ipynb,cell 12 (md),"SON **loses 95.2%** of all patterns, primarily the high-K discoveries"
L-816,null_significance_line_z,Z=3.29 (p<0.001),significance line,method-parameter,applications/alphafold/experiments/analysis_alpha_centauri.ipynb,cell 13 L110 (code),# Significance line at Z=3.29 (p < 0.001)
L-817,null_k1_mean,"1,002/1,002",K=1 features real=null,deterministic,applications/alphafold/experiments/analysis_alpha_centauri.ipynb,cell 14 (md),"**K=1:** Identical by construction (1,002/1,002 features, sanity check)"
L-818,null_k2_z,"Z = -987, -143",K=2--3 z-scores,deterministic,applications/alphafold/experiments/analysis_alpha_centauri.ipynb,cell 14 (md),"**K=2--3:** Null **exceeds** real data (Z = -987, -143)."
L-819,null_k4_z,"Z = 3,791",K=4 z-score,deterministic,applications/alphafold/experiments/analysis_alpha_centauri.ipynb,cell 14 (md),"**K=4:** Crossover point. Real data starts exceeding null (Z = 3,791)."
L-820,null_k5_z,"Z = 7,402",K=5 z-score,deterministic,applications/alphafold/experiments/analysis_alpha_centauri.ipynb,cell 14 (md),"**K=5:** Strong enrichment (Z = 7,402)."
L-821,null_k6_z,"Z = 71,728; null 21.8 vs real 78,596",K=6,deterministic,applications/alphafold/experiments/analysis_alpha_centauri.ipynb,cell 14 (md),"**K=6:** Extreme enrichment (Z = 71,728). Null barely reaches K=6 (21.8 itemsets vs 78,596 real)."
L-822,null_kge7_bio,"89,566",real itemsets at K>=7,deterministic,applications/alphafold/experiments/analysis_alpha_centauri.ipynb,cell 14 (md),"Every single one of the 89,566 real itemsets at K >= 7 represents genuine biological organization"
L-823,run_v35k_itemsets,"16,812,646,639; 109.2M proteins; 35,012 features",35K campaign totals,deterministic,applications/alphafold/experiments/analysis_alpha_centauri.ipynb,cell 15 (md),"**Mining complete.** 16,812,646,639 frequent itemsets mined across K=1--8 from 109.2M proteins with 35,012 features."
L-824,kdist_v35k_k1_count,"28,405",35K itemsets at K=1 (file size tiny),deterministic,applications/alphafold/experiments/analysis_alpha_centauri.ipynb,cell 15 (md),"| 1 | 28,405 | tiny |"
L-825,kdist_v35k_k2_count,"5,506,372",35K itemsets at K=2 (file size tiny),deterministic,applications/alphafold/experiments/analysis_alpha_centauri.ipynb,cell 15 (md),"| 2 | 5,506,372 | tiny |"
L-826,kdist_v35k_k3_count,"176,048,236",35K itemsets at K=3 (file size ~3 GB),deterministic,applications/alphafold/experiments/analysis_alpha_centauri.ipynb,cell 15 (md),"| 3 | 176,048,236 | ~3 GB |"
L-827,kdist_v35k_k4_count,"1,506,508,703",35K itemsets at K=4 (file size ~8 GB),deterministic,applications/alphafold/experiments/analysis_alpha_centauri.ipynb,cell 15 (md),"| 4 | 1,506,508,703 | ~8 GB |"
L-828,kdist_v35k_k5_count,"2,474,423,427",35K itemsets at K=5 (file size ~10 GB),deterministic,applications/alphafold/experiments/analysis_alpha_centauri.ipynb,cell 15 (md),"| 5 | 2,474,423,427 | ~10 GB |"
L-829,kdist_v35k_k6_count,"626,781,137",35K itemsets at K=6 (file size ~4 GB),deterministic,applications/alphafold/experiments/analysis_alpha_centauri.ipynb,cell 15 (md),"| 6 | 626,781,137 | ~4 GB |"
L-830,kdist_v35k_k7_count,"3,507,040,364",35K itemsets at K=7 (file size 16.6 GB),deterministic,applications/alphafold/experiments/analysis_alpha_centauri.ipynb,cell 15 (md),"| 7 | 3,507,040,364 | 16.6 GB |"
L-831,kdist_v35k_k8_count,"12,072,309,005",35K itemsets at K=8 (file size 67 GB),deterministic,applications/alphafold/experiments/analysis_alpha_centauri.ipynb,cell 15 (md),"| 8 | 12,072,309,005 | 67 GB |"
L-832,run_v35k_feature_groups,InterPro 12.7K; GO 5.8K; EC 1.1K; Keywords 15.2K; Taxonomy 175; Length 26; pLDDT 6,35K feature-group sizes,method-parameter,applications/alphafold/experiments/analysis_alpha_centauri.ipynb,cell 17 L13-19 (code),"GROUP_LABELS = {""interpro"": ""InterPro (12.7K)"", ""go_term"": ""GO (5.8K)"", ""ec_number"": ""EC (1.1K)"", ""keyword"": ""Keywords (15.2K)"", …"
L-833,kdist_v35k_k7_count,3_507_040_364,K=7 known count (35K),deterministic,applications/alphafold/experiments/analysis_alpha_centauri.ipynb,cell 21 L94 (code),"""n_total"": 3_507_040_364,  # known count"
L-834,run_v35k_itemsets,1: 28_405; 2: 5_506_372; 3: 176_048_236; 4: 1_506_508_703; 5: 2_474_423_427; 6: 626_781_137; 7: 3_507_040_364; 8: 12_072_309_005,KNOWN_COUNTS (from mining logs),deterministic,applications/alphafold/experiments/analysis_alpha_centauri.ipynb,cell 23 L9-16 (code),"# --- Known counts (from mining logs) --- KNOWN_COUNTS = {…}  # 16,812,646,639"
L-835,doc_notebook_rule_mining_params,"K=2-6; support > 1e-5; min_confidence=0.5 (1K); top 10K K=4, min_confidence=0.3 (35K)",rule-mining params,method-parameter,applications/alphafold/experiments/analysis_alpha_centauri.ipynb,cell 25 (code),"[1K] Rule candidates … (K=2-6, support > 1e-5) … min_confidence=0.5 … Generating 35K rules (min_confidence=0.3)"
L-836,run_opus_time_min,26.8M itemsets; 7.3 minutes; K=1--22; 76.9M proteins,God Mode scale,hardware-dependent,applications/alphafold/experiments/analysis_alpha_centauri.ipynb,cell 28 (md),"**Scale:** 26.8M itemsets mined in 7.3 minutes across K=1--22, from 76.9M proteins."
L-837,kdist_opus_peak_count,K=9: 3.53M,peak,deterministic,applications/alphafold/experiments/analysis_alpha_centauri.ipynb,cell 28 (md),The K-distribution peaks at K=9 (3.53M itemsets)
L-838,null_kge7_bio,"89,566",patterns at K>=7,deterministic,applications/alphafold/experiments/analysis_alpha_centauri.ipynb,cell 28 (md),"All 89,566 patterns at K >= 7 are **impossible** under the null hypothesis"
L-839,run_power_direct_vs_son_itemset_ratio,20.8x more itemsets; 21.4x less time,direct vs SON,hardware-dependent,applications/alphafold/experiments/analysis_alpha_centauri.ipynb,cell 28 (md),"Direct GPU mining finds 20.8x more itemsets than the SON approximation algorithm, in 21.4x less time."
L-840,pattern_k19_support,K=19 in ~187 proteins; K=22 in ~8 proteins,deep patterns,deterministic,applications/alphafold/experiments/analysis_alpha_centauri.ipynb,cell 28 (md),The K=19 sentinel … found in ~187 proteins. The K=22 apex is a single 22-feature combination found in ~8 proteins
L-841,kdist_v35k_k8_pct,"16.8B (35K) vs 26.8M (1K); K=8 12.07B, 67 GB, 71.8%",combinatorial explosion,deterministic,applications/alphafold/experiments/analysis_alpha_centauri.ipynb,cell 28 (md),"35K features produced 16.8B itemsets at K=1--8, compared to 26.8M at 1K features. K=8 alone (12.07B itemsets, 67 GB) represents 71.8%"
L-842,doc_notebook_v35k_growth_rates,K=8/K=7 = 3.4x; K=5/K=4 = 1.6x; K=7/K=6 = 5.6x,growth rates,deterministic,applications/alphafold/experiments/analysis_alpha_centauri.ipynb,cell 28 (md),K=8/K=7 = 3.4x growth. K=5/K=4 = 1.6x (plateau). K=7/K=6 = 5.6x (re-explosion).
L-843,doc_notebook_v35k_k9_projection,30--40B+,projected K=9 itemsets,deterministic,applications/alphafold/experiments/analysis_alpha_centauri.ipynb,cell 28 (md),The 3.4x growth from K=7 to K=8 suggests K=9 could yield 30--40B+ itemsets.
L-844,meta_log_notebook_prepared_for,"February 2026; Prof. Alexandre Bonvin, Utrecht University",date / reviewer,software,applications/alphafold/experiments/analysis_alpha_centauri.ipynb,cell 28 (md),"*Prepared for review by Prof. Alexandre Bonvin, Utrecht University* *ET-miner | GPU-accelerated proteome mining | February 2026*"
L-845,meta_log_audit_goal_timestamp,2026-09-02T00:02Z,goal timestamp,software,PROGRESS.md,6,## Goal (set 2026-09-02T00:02Z by Et via /goal)
L-846,meta_log_audit_run_dir_created,2026-09-02T00:04Z,run dir created,software,PROGRESS.md,23,"`runs/20260902T0000Z/` (created 2026-09-02T00:04Z; subdirs logs/, phase1/, phase2/, phase3/, phase4/)"
L-847,hw_audit_box_gpu,"2 × NVIDIA GeForce RTX 3090, 24576 MiB, compute cap 8.6",GPU (this box),hardware-dependent,PROGRESS.md,40,"GPU: **2 × NVIDIA GeForce RTX 3090, 24576 MiB each, compute cap 8.6**"
L-848,sw_audit_box_driver_cuda,driver 595.71.05; CUDA runtime 13.2; nvcc 12.1,software (this box),software,PROGRESS.md,41,"Driver 595.71.05, CUDA runtime 13.2, `nvcc` 12.1. **This box is NOT an H100**"
L-849,hw_audit_box_cpu,"AMD EPYC 7402P, 24 cores / 24 threads, 1 socket, 1 NUMA node",CPU (this box),hardware-dependent,PROGRESS.md,44,"CPU: AMD EPYC 7402P, 24 cores / 24 threads, 1 socket, 1 NUMA node."
L-850,hw_audit_box_ram,"125 GiB host; cgroup limit 74,782,343,168 B (~69.6 GiB); ~1.3 GiB used; swap 8 GiB",RAM (this box),hardware-dependent,PROGRESS.md,45,"RAM: host shows 125 GiB total; container cgroup limit `/sys/fs/cgroup/memory.max` = 74,782,343,168 B (~69.6 GiB)"
L-851,hw_audit_box_disk,"200 GB total, 200 GB available (939 MB used); inodes 195,351,424 total / 191,245,709 free",disk (this box),hardware-dependent,PROGRESS.md,49,"Disk (container root, overlay): **200 GB total, 200 GB available** (939 MB used). Inodes: 195,351,424 total, 191,245,709 free."
L-852,hw_audit_box_host_nvme,"1.9 TB NVMe, 850 GB free (not mounted for data)",host disk,hardware-dependent,PROGRESS.md,51,"The host NVMe (/dev/nvme0n1, 1.9 TB, 850 GB free) is NOT mounted for data use"
L-853,ext_afdb_v4_corpus_size,~23 TiB; ~644M files,full AlphaFold v4 requirement,external-fact,PROGRESS.md,53,"Disk verdict vs. full AlphaFold v4 requirement (~23 TiB, ~644M files after untar)"
L-854,sw_audit_box_gcloud,gcloud SDK 583.0.0; bq 2.1.38,software,software,PROGRESS.md,59,"(SDK 583.0.0, bq 2.1.38), authenticated as etje975@gmail.com."
L-855,dataset_metadata_rows,214M,AlphaFold DB proteins,deterministic,applications/alphafold/deploy/RUNBOOK_base214m.md,4,"de base-vocab run over de complete AlphaFold DB (214M), die Majors 1/2/3/5 uit `papers/peer_review_jul12.md` sluit"
L-856,hw_base214m_planned_gpus,4×H200 (or 8×),planned GPU box,hardware-dependent,applications/alphafold/deploy/RUNBOOK_base214m.md,9,**GPU-box**: 4×H200 (of 8×) op Vast.ai.
L-857,meta_log_runbook_upload_tag,base214m_20260712,ET_UPLOAD_TAG,software,applications/alphafold/deploy/RUNBOOK_base214m.md,18,`ET_UPLOAD_TAG` staat op `base214m_20260712`
L-858,ext_afdb_v4_corpus_size,23TB,CIF corpus avoided,external-fact,applications/alphafold/deploy/RUNBOOK_base214m.md,38,De pLDDT-via-BigQuery-route (23TB CIF vermijden) matcht `af-extract build-from-metadata --plddt-csv ...`
L-859,vocab_plddt_defined,6,pLDDT bins,method-parameter,applications/alphafold/deploy/RUNBOOK_base214m.md,39,Beide geven de 6 pLDDT-bins bij `include_plddt=true`.
L-860,doc_runbook_rowsplit_nccl_hits,100×,row-split NCCL hit count (null@8),method-parameter,applications/alphafold/deploy/RUNBOOK_base214m.md,44,**Row-split NCCL wordt 100× geraakt door de null@8** → `validate_row_split.py` is de verplichte gate.
L-861,doc_runbook_bq_max_rows,300000000,bq --max_rows,method-parameter,applications/alphafold/deploy/RUNBOOK_base214m.md,70,bq query --use_legacy_sql=false --format=csv --max_rows=300000000
L-862,vocab_items_defined,1006 defined / 1002 frequent,base vocab size,method-parameter,applications/alphafold/deploy/RUNBOOK_base214m.md,76,### Fase 1 — Extractie (base vocab 1006 defined / 1002 frequent)
L-863,vocab_pfam_defined,--top-pfam 500 --top-go 500,extraction params,method-parameter,applications/alphafold/deploy/RUNBOOK_base214m.md,82,--top-pfam 500 --top-go 500 \
L-864,dataset_multi_feature,v1: 76.9M of 205.6M,multi-feature proteins (paper v1),deterministic,applications/alphafold/deploy/RUNBOOK_base214m.md,87,"Dit zijn de nieuwe Table 1 / abstract-getallen (v1 was 76,9M van 205,6M)."
L-865,doc_runbook_rowsplit_validation_params,--subset-size 1000000 --min-count 50 --n-gpus 2,row-split validation params,method-parameter,applications/alphafold/deploy/RUNBOOK_base214m.md,93,--subset-size 1000000 --min-count 50 --n-gpus 2 -v
L-866,doc_runbook_n_gpus_decision,N_GPUS=4 (green) / N_GPUS=1 (red),GPU count decision,method-parameter,applications/alphafold/deploy/RUNBOOK_base214m.md,95,GREEN (exit 0) → draai de suite met `N_GPUS=4`. RED (exit 1) → `N_GPUS=1` fallback
L-867,doc_planned_campaign_design,6×3 campaign; null@769 100-perm,experiment suite,method-parameter,applications/alphafold/deploy/RUNBOOK_base214m.md,104,"Draait: (1) mining-campagne 6×3, (2) Direct-vs-SON, (3) null@769 100-perm,"
L-868,null_minc8_planned_permutations,null@8 100-perm,critical experiment,method-parameter,applications/alphafold/deploy/RUNBOOK_base214m.md,105,"(4) **null@8 100-perm** (de kritische Major 1+2), (5) deepest-itemset accessions."
L-869,doc_runbook_expected_multi_feature,4×H200; ~85M multi-feature,compute plan,hardware-dependent,applications/alphafold/deploy/RUNBOOK_base214m.md,152,"## Compute & timing (4×H200, ~85M multi-feature)"
L-870,doc_runbook_planned_durations,data ~0.5-1h; extraction ~0.5-1h; campaign+Direct/SON ~1h; null@769 ~25min; null@8 ~1.5-2h; closed/maximal+accessions ~0.5h,planned durations,hardware-dependent,applications/alphafold/deploy/RUNBOOK_base214m.md,153,"Data ~0,5-1u · extractie ~0,5-1u · campagne+Direct/SON ~1u · null@769 ~25min · **null@8 ~1,5-2u** · closed/maximal+accessions ~0,5u"
L-871,cost_base214m_planned_total,~5-6 h wall-clock; ~$45-90,planned total,hardware-dependent,applications/alphafold/deploy/RUNBOOK_base214m.md,154,"→ **~5-6u wall-clock**, ~$45-90."
L-872,hw_base214m_planned_gpus,4×H200,planned GPUs,hardware-dependent,applications/alphafold/deploy/run_all_experiments.sh,2,# Phase 3: 4×H200 Full Experiment Suite
L-873,doc_planned_campaign_design,6 thresholds × 3 runs,campaign design,method-parameter,applications/alphafold/deploy/run_all_experiments.sh,6,#   1. Full mining campaign (6 thresholds × 3 runs)
L-874,doc_direct_vs_son_planned_runs,3 runs each,Direct vs SON design,method-parameter,applications/alphafold/deploy/run_all_experiments.sh,7,#   2. Direct GPU vs SON controlled comparison (3 runs each)
L-875,null_minc769_planned_permutations,min_count=769; 100 permutations; 4 GPUs,null model A,method-parameter,applications/alphafold/deploy/run_all_experiments.sh,8,"#   3. Null model at min_count=769 (100 permutations, 4 GPUs)"
L-876,null_minc8_planned_permutations,min_count=8; 100 permutations; 4 GPUs,null model B,method-parameter,applications/alphafold/deploy/run_all_experiments.sh,9,"#   4. Null model at min_count=8 (100 permutations, 4 GPUs) — THE BIG ONE"
L-877,run_opus_kmax,K=22,deepest itemset analysis,deterministic,applications/alphafold/deploy/run_all_experiments.sh,10,#   5. K=22 protein identification + GO hierarchy analysis
L-878,cost_h200_planned_rate,~4 hours; ~$9/hr,expected runtime / cost (4×H200),hardware-dependent,applications/alphafold/deploy/run_all_experiments.sh,16,# Expected runtime on 4×H200 (~$9/hr): ~4 hours total
L-879,hw_h200_spec,141GB VRAM (564GB total); 4.8 TB/s; 1.4× H100,H200 spec,external-fact,applications/alphafold/deploy/run_all_experiments.sh,17,# H200 has 141GB VRAM (564GB total) and 4.8 TB/s bandwidth (1.4× H100)
L-880,meta_log_default_data_path,/workspace/data/transactions_214m.parquet,default data path,software,applications/alphafold/deploy/run_all_experiments.sh,26,"DATA=""${1:-/workspace/data/transactions_214m.parquet}"""
L-881,doc_deploy_n_gpus_default,4,N_GPUS default,method-parameter,applications/alphafold/deploy/run_all_experiments.sh,28,"N_GPUS=""${N_GPUS:-4}"""
L-882,null_minc769_planned_time_min,~25 min,estimated null@769,hardware-dependent,applications/alphafold/deploy/run_all_experiments.sh,82,"echo ""Estimated: ~25 min (fast at high threshold)"""
L-883,null_minc8_planned_time_min,~100 min (25 batches × ~4 min/perm on H200),estimated null@8,hardware-dependent,applications/alphafold/deploy/run_all_experiments.sh,98,"echo ""Estimated: ~100 min (25 batches × ~4 min/perm on H200)"""
L-884,null_minc8_planned_permutations,--min-count 8; --runs 100,null@8 args,method-parameter,applications/alphafold/deploy/run_all_experiments.sh,102,"--min-count 8 \ --runs 100 \ --n-gpus ""$N_GPUS"" \ --perm-per-gpu"
L-885,run_v35k_null_min_count,5 permutations; 0.001% support (min_count=1092),defaults (35K),method-parameter,applications/alphafold/deploy/run_null_model_35k.sh,9,"# Defaults: 5 permutations, 0.001% support (min_count=1092)"
L-886,run_v35k_null_perm_time_min,~30-60 min per permutation on 8× H200,expected runtime,hardware-dependent,applications/alphafold/deploy/run_null_model_35k.sh,10,# Expected runtime: ~30-60 min per permutation on 8× H200
L-887,run_v35k_null_support,0.00001,SUPPORT default,method-parameter,applications/alphafold/deploy/run_null_model_35k.sh,15,"SUPPORT=""${2:-0.00001}"""
L-888,run_v35k_null_seed,42,seed,method-parameter,applications/alphafold/deploy/run_null_model_35k.sh,50,--seed 42 \
L-889,run_v35k_transactions_gb,~2.3 GB,transactions_35k.parquet size,deterministic,applications/alphafold/deploy/deploy_project_milky_way.sh,128,"# 35K-feature transactions (the main payload, ~2.3 GB)"
L-890,run_v35k_bitvec_gb,~478 GB,"bitvec size (35K, row-split across N×H200)",deterministic,applications/alphafold/deploy/deploy_project_milky_way.sh,357,"echo ""  This verifies the ~478 GB bitvec fits across N×H200 with row-split."""
L-891,hw_vast_shm_tb,~1TB,/dev/shm on vast.ai,hardware-dependent,applications/alphafold/deploy/deploy_project_milky_way.sh,427,# /dev/shm is pre-mounted tmpfs on vast.ai (~1TB)
L-892,run_v35k_null_min_count,--runs 100 --min-count 1090 --n-gpus 8 --seed 42,null model (35K) args,method-parameter,applications/alphafold/deploy/deploy_project_milky_way.sh,456,"echo ""      --runs 100 --min-count 1090 --n-gpus 8 --seed 42 \\"""
L-893,run_v35k_max_length,--support 0.00001 --max-length 8 --use-gpu --n-gpus 8,mining (35K) args,method-parameter,applications/alphafold/deploy/deploy_project_milky_way.sh,472,"echo ""        --support 0.00001 --max-length 8 --use-gpu --n-gpus 8 \\"""
L-894,hw_base214m_planned_gpus,H200 box,target,hardware-dependent,applications/alphafold/deploy/deploy_base214m.sh,3,"#  BASE-214M DEPLOYMENT — H200 box, base-vocab regeneration"
L-895,doc_deploy_n_gpus_default,4,N_GPUS hint default,method-parameter,applications/alphafold/deploy/deploy_base214m.sh,260,"N_GPUS_HINT=""${N_GPUS:-4}"""
L-896,ext_afdb_v4_corpus_size,23TB,CIF corpus avoided,external-fact,applications/alphafold/deploy/deploy_base214m.sh,279,# pLDDT from BigQuery (avoids the 23TB CIF)
L-897,vocab_items_defined,1006 defined (top-500 Pfam + top-500 GO + 6 pLDDT),base vocab,method-parameter,applications/alphafold/deploy/deploy_base214m.sh,284,# (B) Extraction — base vocab 1006 defined (top-500 Pfam + top-500 GO + 6 pLDDT):
L-898,doc_pipeline_raw_features_35k,118K features at min_count=8,raw 35K TSV,deterministic,applications/alphafold/pipeline/postprocess_tx.py,5,"Reads the raw TSV from build_tx (118K features at min_count=8), applies a higher"
L-899,doc_pipeline_postprocess_min_count,3423,--min-count default,method-parameter,applications/alphafold/pipeline/postprocess_tx.py,183,"parser.add_argument(""--min-count"", type=int, default=3423,"
L-900,doc_pipeline_extract_defaults,top_pfam=200; top_go=200; min_plddt=50.0,run_extract defaults,method-parameter,applications/alphafold/pipeline/pipeline_214m.py,290,"def run_extract(data_dir: Path, top_pfam: int = 200, top_go: int = 200, … min_plddt: float = 50.0):"
L-901,doc_pipeline_frac_high_bins,pLDDT >90 → 1.0; >70 → 0.5; else 0.1,frac_high bins,method-parameter,applications/alphafold/pipeline/extract_features.py,187,frac_high = 1.0 if global_plddt > 90 else (0.5 if global_plddt > 70 else 0.1)
L-902,vocab_plddt_bin_medium_edges,mean_plddt < 50 / <= 90,plddt_mean bin edges,method-parameter,applications/alphafold/pipeline/extract_features.py,194,if mean_plddt < 50: … elif mean_plddt <= 90:
L-903,doc_direct_vs_son_planned_runs,3,--runs default,method-parameter,applications/alphafold/experiments/experiment_direct_vs_son.py,41,"""--runs"", type=int, default=3,"
L-904,run_power_support,0.00001,--min-support default,method-parameter,applications/alphafold/experiments/experiment_direct_vs_son.py,45,"""--min-support"", type=float, default=0.00001,"
L-905,run_power_son_chunk_size,"40,000,000",--chunk-size default (SON),method-parameter,applications/alphafold/experiments/experiment_direct_vs_son.py,49,"""--chunk-size"", type=int, default=40_000_000,"
L-906,run_power_son_local_support_factor,0.9,--local-support-factor default (SON),method-parameter,applications/alphafold/experiments/experiment_direct_vs_son.py,53,"""--local-support-factor"", type=float, default=0.9,"
L-907,doc_planned_campaign_design,3,--runs default,method-parameter,applications/alphafold/experiments/experiment_full_campaign.py,85,"""--runs"", type=int, default=3,"
L-908,alg_min_count_rule,min_count = ceil(min_support × n_transactions),threshold rule,method-parameter,applications/alphafold/experiments/experiment_full_campaign.py,115,min_count = math.ceil(min_support * n_transactions)
L-909,doc_pipeline_run_mining_support_default,0.01,--support default,method-parameter,applications/alphafold/pipeline/run_mining.py,193,"parser.add_argument(""--support"", type=float, default=0.01,"
L-910,doc_pipeline_run_mining_max_length_default,4,--max-length default,method-parameter,applications/alphafold/pipeline/run_mining.py,195,"parser.add_argument(""--max-length"", type=int, default=4,"
L-911,doc_pipeline_run_mining_baseline_runs_default,5,--baseline-runs default,method-parameter,applications/alphafold/pipeline/run_mining.py,203,"parser.add_argument(""--baseline-runs"", type=int, default=5,"
L-912,vocab_plddt_bin_medium_edges,pLDDT 70-90,plddt_mean_medium label,method-parameter,applications/alphafold/experiments/analyze_k22_proteins.py,62,"(""Struct"", ""plddt_mean_medium"", ""pLDDT 70-90""),"
L-913,doc_readme_rust_tier_speedup,80--110x,Rust tier speedup,hardware-dependent,README.md,13,SIMD-vectorized CSR support counting (AVX2/AVX-512). 80--110x speedup.
L-914,alg_pcie_bytes_total,~264 bytes across 22 levels,PCIe transfer,deterministic,README.md,203,GPU-resident mining: zero PCIe transfers between K-levels (~264 bytes total across 22 levels)
L-915,sw_sparse_crossover_rule,n/32,dense→sparse crossover,method-parameter,README.md,204,switches from dense bitvectors to sparse CSR tidsets when tidsets become the smaller representation (mean support < n/32)
L-916,hw_max_tested_gpus,8x H200,max tested GPUs,hardware-dependent,README.md,205,Multi-GPU support with per-device work distribution (tested up to 8x H200)
L-917,run_opus_itemsets,26.8 million patterns; ~76M structures; K=22; 7.3 minutes; single H100,AlphaFold headline,hardware-dependent,README.md,209,"ET-Miner discovered **26.8 million co-occurrence patterns** across **~76M predicted protein structures**, reaching feature combinations of size K=22 in 7.3 minutes on a single H100 GPU."
L-918,dataset_metadata_rows,over 200 million,AlphaFold DB proteins,external-fact,README.md,211,The AlphaFold Database contains predicted protein structures for over 200 million proteins.
L-919,csr_bytes_gb,~5 GB CSR; ~26 GB bitvectors,memory footprint,deterministic,README.md,213,"ET-Miner constructs a CSR representation directly from transactions (~5 GB), converts to GPU-resident bitvectors (~26 GB)"
L-920,dataset_multi_feature,214M total; 76.9M with multiple annotations,proteins processed,deterministic,README.md,219,"| Proteins processed | 214M total, 76.9M with multiple annotations |"
L-921,vocab_items_frequent,"1,002",feature vocabulary,method-parameter,README.md,220,"| Feature vocabulary | 1,002 items (Pfam domains, GO terms, pLDDT bins) |"
L-922,run_opus_itemsets,26.8 million,itemsets discovered,deterministic,README.md,221,| Itemsets discovered | 26.8 million |
L-923,run_opus_kmax,22,maximum K,deterministic,README.md,222,| Maximum K | 22 (mathematically proven ceiling) |
L-924,run_opus_time_min,7.3 minutes; single H100,mining time (deepest tier),hardware-dependent,README.md,223,| Mining time (deepest tier) | 7.3 minutes on single H100 |
L-925,campaign_support_span_orders,0.1% → 0.00001%,support range,method-parameter,README.md,224,| Support range | 0.1% down to 0.00001% |
L-926,doc_readme_cpu_stream1b_transactions,"1,000,000,000",transactions (billion-scale streaming),method-parameter,README.md,236,"| Transactions | 1,000,000,000 |"
L-927,doc_readme_cpu_stream1b_time_min,25.9 minutes,time,hardware-dependent,README.md,237,| Time | 25.9 minutes |
L-928,doc_readme_cpu_stream1b_throughput_tx_s,"643,139 tx/sec",throughput,hardware-dependent,README.md,238,"| Throughput | 643,139 tx/sec |"
L-929,doc_readme_cpu_stream1b_peak_memory_gb,14.76 GB,peak memory,hardware-dependent,README.md,239,| Peak memory | 14.76 GB |
L-930,doc_readme_cpu_stream1b_itemsets,326,itemsets found,deterministic,README.md,240,| Itemsets found | 326 |
L-931,doc_readme_cpu_stream1b_hardware,"Intel Core Ultra 9 275HX (24 cores), 134 GB RAM",hardware,hardware-dependent,README.md,241,"| Hardware | Intel Core Ultra 9 275HX (24 cores), 134 GB RAM |"
L-932,doc_readme_ea_819k_transactions,819K transactions,efficient-apriori comparison dataset,method-parameter,README.md,243,### vs. efficient-apriori (819K transactions)
L-933,doc_readme_ea_system,"AMD Ryzen 5 4600G (12 cores), 30 GB RAM, CPython 3.14 free-threading, Polars 1.37, MKL sparse",system,hardware-dependent,README.md,245,"> System: AMD Ryzen 5 4600G (12 cores), 30 GB RAM, CPython 3.14 free-threading build, Polars 1.37, MKL sparse enabled"
L-934,doc_readme_ea_819k_s0p005,0.005; 9; 1.21s / 641 MB; 0.24s / 329 MB; 5.0x,support; itemsets; efficient-apriori s/MB; et-miner s/MB; speedup (819K tx),hardware-dependent,README.md,249,| 0.005 | 9 | 1.21s / 641 MB | 0.24s / 329 MB | 5.0x |
L-935,doc_readme_ea_819k_s0p001,0.001; 326; 3.5s / 644 MB; 2.15s / 475 MB; 1.6x,support; itemsets; efficient-apriori s/MB; et-miner s/MB; speedup (819K tx),hardware-dependent,README.md,250,| 0.001 | 326 | 3.5s / 644 MB | 2.15s / 475 MB | 1.6x |
L-936,doc_readme_ea_819k_s0p0005,"0.0005; 1,151; 16.0s / 691 MB; 6.2s / 1113 MB; 2.6x",support; itemsets; efficient-apriori s/MB; et-miner s/MB; speedup (819K tx),hardware-dependent,README.md,251,"| 0.0005 | 1,151 | 16.0s / 691 MB | 6.2s / 1113 MB | 2.6x |"
L-937,doc_readme_ea_819k_s0p0001,"0.0001; 11,159; 214.2s / 2693 MB; 179.9s / 9186 MB; 1.2x",support; itemsets; efficient-apriori s/MB; et-miner s/MB; speedup (819K tx),hardware-dependent,README.md,252,"| 0.0001 | 11,159 | 214.2s / 2693 MB | 179.9s / 9186 MB | 1.2x |"
L-938,doc_readme_ea_2p5m_transactions,2.5M transactions,efficient-apriori comparison dataset,method-parameter,README.md,254,### vs. efficient-apriori (2.5M transactions)
L-939,doc_readme_ea_2p5m_s0p005,0.005; 9; 3.9s / 1663 MB; 0.37s / 539 MB; 10.5x,support; itemsets; efficient-apriori s/MB; et-miner s/MB; speedup (2.5M tx),hardware-dependent,README.md,258,| 0.005 | 9 | 3.9s / 1663 MB | 0.37s / 539 MB | 10.5x |
L-940,doc_readme_ea_2p5m_s0p001,0.001; 336; 12.0s / 1671 MB; 3.5s / 1476 MB; 3.4x,support; itemsets; efficient-apriori s/MB; et-miner s/MB; speedup (2.5M tx),hardware-dependent,README.md,259,| 0.001 | 336 | 12.0s / 1671 MB | 3.5s / 1476 MB | 3.4x |
L-941,doc_readme_ea_2p5m_s0p0005,"0.0005; 1,153; 53.7s / 1704 MB; 12.1s / 2369 MB; 4.4x",support; itemsets; efficient-apriori s/MB; et-miner s/MB; speedup (2.5M tx),hardware-dependent,README.md,260,"| 0.0005 | 1,153 | 53.7s / 1704 MB | 12.1s / 2369 MB | 4.4x |"
L-942,doc_readme_ea_2p5m_s0p0001,"0.0001; 10,894; 589.4s / 3758 MB; 262.7s / 12163 MB; 2.2x",support; itemsets; efficient-apriori s/MB; et-miner s/MB; speedup (2.5M tx),hardware-dependent,README.md,261,"| 0.0001 | 10,894 | 589.4s / 3758 MB | 262.7s / 12163 MB | 2.2x |"
L-943,hw_bench_gpu_model,"2× RTX 3090, 24 GB, CUDA 12",design target box,hardware-dependent,bench/README.md,3,"Scripted campaign for a rented multi-GPU box (designed for 2× RTX 3090, 24 GB, CUDA 12)."
L-944,doc_bench_readme_shm_size,≥ 2 GB,--shm-size,method-parameter,bench/README.md,15,"**`--shm-size` ≥ 2 GB** (vast.ai: the ""docker options""/shm setting)."
L-945,doc_bench_readme_box_requirements,Disk ≥ 40 GB; host RAM ≥ 32 GB,box requirements,method-parameter,bench/README.md,20,"**Disk ≥ 40 GB** (datasets + wheels + rust build), **host RAM ≥ 32 GB**"
L-946,doc_bench_readme_setup_duration,~10 min,setup_box.sh duration,hardware-dependent,bench/README.md,30,bash bench/setup_box.sh          # env + rust ext + selfcheck + datasets (~10 min)
L-947,doc_bench_readme_smoke_duration,~30-60 min,run_smoke.sh duration,hardware-dependent,bench/README.md,31,bash bench/run_smoke.sh          # ~30-60 min: tier gate → gpu tests → small matrix
L-948,doc_bench_readme_full_duration,~2-4 h,run_full.sh duration,hardware-dependent,bench/README.md,33,bash bench/run_full.sh           # ~2-4 h: gate → full gpu tests → full matrix
