qkey,category,unit,description,claimed_value_tex,tex_lines,reproducibility
meta_log_file_provenance,software,mtime/size/commit,"Filesystem mtime, byte size and git-add commit of a surviving log/result file (whole-file rows L-001..L-014); mtime is the 2026-09-01 checkout time, not the original creation time.",log:mtime 2026-09-01 22:47 UTC; size 2194 B; git-added 6f789d8 2026-08-31 22:39:15 +0000 / mtime 2026-09-01 22:47 UTC; size 3192 B; git-added 6f789d8 2026-08-31 22:39:15 +0000 / mtime 2026-09-01 22:47 UTC; size 4634 B; git-added 6f789d8 2026-08-31 22:39:15 +0000 (follow-up note b1f147e) / mtime 2026-09-01 22:47 UTC; size 33942 B; git-added 6f789d8 2026-08-31 22:39:15 +0000 / mtime 2026-09-01 22:47 UTC; size 2194 B; git-added b1f147e 2026-09-01 20:11:16 +0000 / mtime 2026-09-01 22:47 UTC; size 1551 B; git-added b1f147e 2026-09-01 20:11:16 +0000 / mtime 2026-09-01 22:47 UTC; size 4375 B; git-added b1f147e 2026-09-01 20:11:16 +0000 / mtime 2026-09-01 22:47 UTC; size 18932 B; git-added b1f147e 2026-09-01 20:11:16 +0000 / mtime 2026-09-01 22:48 UTC; size 1110 B; git-added 65d9098 2026-08-31 21:46:33 +0200 (Et9797) / mtime 2026-09-01 22:48 UTC; size 4676 B; git-added 65d9098 2026-08-31 21:46:33 +0200 (Et9797) / mtime 2026-09-01 22:48 UTC; size 4749057 B; git-added 65d9098 2026-08-31 21:46:33 +0200 (Et9797) / mtime 2026-09-01 22:48 UTC; size 17193 B; git-added 65d9098 2026-08-31 21:46:33 +0200 (Et9797) / mtime 2026-09-01 22:48 UTC; size 111866 B; git-added 65d9098 2026-08-31 21:46:33 +0200 (Et9797) / mtime 2026-09-01 22:48 UTC; size 7790 B; git-added 65d9098 2026-08-31 21:46:33 +0200 (Et9797),bench/results/2026-08-31-3090x2/env.txt:(file);bench/results/2026-08-31-3090x2/report.md:(file);bench/results/2026-08-31-3090x2/FINDINGS.md:(file);bench/results/2026-08-31-3090x2/raw.jsonl:(file);bench/results/2026-09-01-3090x2-sparse/env.txt:(file);bench/results/2026-09-01-3090x2-sparse/report.md:(file);bench/results/2026-09-01-3090x2-sparse/FINDINGS.md:(file);bench/results/2026-09-01-3090x2-sparse/raw.jsonl:(file);applications/alphafold/results_214m/experiment_direct_vs_son_20260219_050326.json:(file);applications/alphafold/results_214m/experiment_null_model_20260219_061046.json:(file);applications/alphafold/results_214m/decoded_top_k_patterns.txt:(file);applications/alphafold/results_214m/GLOSSARY.md:(file);applications/alphafold/experiments/analysis_alpha_centauri.ipynb:(file);applications/alphafold/deploy/RUNBOOK_base214m.md:(file),setup
meta_log_bench_0831_git_sha,software,git sha,git HEAD recorded in env.txt of the 2026-08-31 2x RTX 3090 bench campaign (5a8e59f8...).,log:5a8e59f8493622f623eae97daed02d460ec80389,bench/results/2026-08-31-3090x2/env.txt:2,setup
meta_log_bench_0831_nvidia_smi_timestamp,hardware-dependent,timestamp,nvidia-smi banner timestamp of the 2026-08-31 bench env capture.,log:Mon Aug 31 20:52:51 2026,bench/results/2026-08-31-3090x2/env.txt:6,setup
sw_bench_driver_version,software,version,NVIDIA driver on the bench box per env.txt (580.159.03; the 2026-09-01 row also carries CUDA 13.0). Cf. the audit box driver 595.71.05 (sw_audit_box_driver_cuda).,log:580.159.03 / 580.159.03 / CUDA 13.0,bench/results/2026-08-31-3090x2/env.txt:8;bench/results/2026-09-01-3090x2-sparse/env.txt:8,setup
sw_bench_cuda_version,software,version,CUDA version reported by nvidia-smi on the bench box (13.0).,log:13.0,bench/results/2026-08-31-3090x2/env.txt:8,setup
hw_bench_gpu_model,hardware-dependent,GPU model,"GPUs of the synthetic bench campaigns: 2x NVIDIA GeForce RTX 3090 24 GB (sm_86) on vast.ai - NOT the paper's H100. FINDINGS headers (with campaign date / driver / CuPy) and the bench/README design target ('2x RTX 3090, 24 GB, CUDA 12') are keyed here too.","log:NVIDIA GeForce RTX 3090 (GPU 0, bus 01:00.0) / NVIDIA GeForce RTX 3090 (GPU 1, bus 82:00.0) / 2×RTX 3090; 2026-08-31 / 2× RTX 3090 24 GB (sm_86) / NVIDIA GeForce RTX 3090 (GPU 0) / NVIDIA GeForce RTX 3090 (GPU 1) / 2×RTX 3090; 2026-09-01 / 2× RTX 3090 24 GB, sm_86, driver 580.159.03, CuPy 14.1.1 / 2× RTX 3090, 24 GB, CUDA 12",bench/results/2026-08-31-3090x2/env.txt:14;bench/results/2026-08-31-3090x2/env.txt:18;bench/results/2026-08-31-3090x2/FINDINGS.md:1;bench/results/2026-08-31-3090x2/FINDINGS.md:4;bench/results/2026-09-01-3090x2-sparse/env.txt:14;bench/results/2026-09-01-3090x2-sparse/env.txt:18;bench/results/2026-09-01-3090x2-sparse/FINDINGS.md:1;bench/results/2026-09-01-3090x2-sparse/FINDINGS.md:4;bench/README.md:3,setup
hw_bench_gpu_vram_mib,hardware-dependent,MiB,VRAM per bench GPU as reported by nvidia-smi (24576 MiB).,log:24576,bench/results/2026-08-31-3090x2/env.txt:15;bench/results/2026-08-31-3090x2/env.txt:19;bench/results/2026-09-01-3090x2-sparse/env.txt:15,setup
hw_bench_gpu_power_cap_w,hardware-dependent,W,Power cap of bench GPU 0 per nvidia-smi (360 W).,log:360,bench/results/2026-08-31-3090x2/env.txt:15,setup
meta_log_bench_pip_freeze_empty,software,(none),The pip-freeze section of both bench env.txt files is empty: no package versions were captured.,log:(no output captured),bench/results/2026-08-31-3090x2/env.txt:32;bench/results/2026-09-01-3090x2-sparse/env.txt:32,setup
bench_campaign_0831_runs_status,deterministic,runs,Run status summary of the 2026-08-31 bench campaign (28 ok / 0 failed or timeout).,log:28 ok / 0 failed,bench/results/2026-08-31-3090x2/report.md:3,rerun
bench_deep_k_density_auto_wall_s,hardware-dependent,s,"Wall-clock seconds of bench run 'deepk-density-auto' (deep_k preset, legacy kernel, sparse_from_k=auto, 2 GPUs) on the 2x RTX 3090 box; raw.jsonl wall_s per rep and the report.md median/min over reps share this key (the 2026-08-31 and 2026-09-01 campaigns ran different commits, see the file column).",log:10.4 / 10.431 / 10.4 s vs 1.3 s / 1.34 s / 1.3 / 10.431 s → 1.343 s; legacy-2g 1.338 s; shared-2g 1.35 s; 1.00× / 1.343,bench/results/2026-08-31-3090x2/report.md:9;bench/results/2026-08-31-3090x2/report.md:37;bench/results/2026-08-31-3090x2/FINDINGS.md:57;bench/results/2026-08-31-3090x2/FINDINGS.md:67;bench/results/2026-09-01-3090x2-sparse/report.md:9;bench/results/2026-09-01-3090x2-sparse/FINDINGS.md:26;bench/results/2026-09-01-3090x2-sparse/FINDINGS.md:34;bench/results/2026-08-31-3090x2/raw.jsonl:7;bench/results/2026-09-01-3090x2-sparse/raw.jsonl:2,hardware
bench_deep_k_density_auto_peak_vram_mb,hardware-dependent,MB,"Peak VRAM per GPU (MB) of bench run 'deepk-density-auto' (deep_k preset, legacy kernel, sparse_from_k=auto, 2 GPUs).",log:416 / 408 / 406/408 MB (dense 414/416 MB) / GPU0=416; GPU1=416 / GPU0=406; GPU1=408,bench/results/2026-08-31-3090x2/report.md:9;bench/results/2026-09-01-3090x2-sparse/report.md:9;bench/results/2026-09-01-3090x2-sparse/FINDINGS.md:51;bench/results/2026-08-31-3090x2/raw.jsonl:7;bench/results/2026-09-01-3090x2-sparse/raw.jsonl:2,hardware
bench_deep_k_density_auto_params,method-parameter,run config,"Run configuration of bench run 'deepk-density-auto' (deep_k preset, legacy kernel, sparse_from_k=auto, 2 GPUs): preset, env knobs, n_gpus, sparse_from_k, max_length, two_phase, timeout (raw.jsonl); the report.md gpus/reps/variant/filter cells share this key.",log:gpus=2; reps=1; variant=legacy; filter=compact; preset=deep_k / gpus=2; reps=1; variant=legacy; preset=deep_k / preset=deep_k; env={'ET_MINER_KERNEL_VARIANT': 'legacy'}; n_gpus=2; sparse_from_k=auto; max_length=None; min_support=None; two_phase=False; timeout_s=1800,bench/results/2026-08-31-3090x2/report.md:9;bench/results/2026-09-01-3090x2-sparse/report.md:9;bench/results/2026-08-31-3090x2/raw.jsonl:7;bench/results/2026-09-01-3090x2-sparse/raw.jsonl:2,setup
bench_deep_k_legacy_1g_wall_s,hardware-dependent,s,"Wall-clock seconds of bench run 'deepk-legacy-1g' (deep_k preset, legacy kernel, 1 GPU) on the 2x RTX 3090 box; raw.jsonl wall_s per rep and the report.md median/min over reps share this key (the 2026-08-31 and 2026-09-01 campaigns ran different commits, see the file column).",log:0.6 / 0.603 / 0.584,bench/results/2026-08-31-3090x2/report.md:10;bench/results/2026-09-01-3090x2-sparse/report.md:11;bench/results/2026-08-31-3090x2/raw.jsonl:2;bench/results/2026-09-01-3090x2-sparse/raw.jsonl:6,hardware
bench_deep_k_legacy_1g_peak_vram_mb,hardware-dependent,MB,"Peak VRAM per GPU (MB) of bench run 'deepk-legacy-1g' (deep_k preset, legacy kernel, 1 GPU).",log:352 / GPU0=352; GPU1=4,bench/results/2026-08-31-3090x2/report.md:10;bench/results/2026-09-01-3090x2-sparse/report.md:11;bench/results/2026-08-31-3090x2/raw.jsonl:2;bench/results/2026-09-01-3090x2-sparse/raw.jsonl:6,hardware
bench_deep_k_legacy_1g_params,method-parameter,run config,"Run configuration of bench run 'deepk-legacy-1g' (deep_k preset, legacy kernel, 1 GPU): preset, env knobs, n_gpus, sparse_from_k, max_length, two_phase, timeout (raw.jsonl); the report.md gpus/reps/variant/filter cells share this key.","log:gpus=1; reps=1; variant=legacy; filter=compact; preset=deep_k / gpus=1; reps=1; variant=legacy; preset=deep_k / preset=deep_k; env={'ET_MINER_KERNEL_VARIANT': 'legacy', 'CUDA_VISIBLE_DEVICES': '0'}; n_gpus=1; sparse_from_k=None; max_length=None; min_support=None; two_phase=False; timeout_s=1800",bench/results/2026-08-31-3090x2/report.md:10;bench/results/2026-09-01-3090x2-sparse/report.md:11;bench/results/2026-08-31-3090x2/raw.jsonl:2;bench/results/2026-09-01-3090x2-sparse/raw.jsonl:6,setup
bench_deep_k_legacy_2g_wall_s,hardware-dependent,s,"Wall-clock seconds of bench run 'deepk-legacy-2g' (deep_k preset, legacy kernel, 2 GPUs (NCCL)) on the 2x RTX 3090 box; raw.jsonl wall_s per rep and the report.md median/min over reps share this key (the 2026-08-31 and 2026-09-01 campaigns ran different commits, see the file column).",log:1.3 / 1.322 / 1.338,bench/results/2026-08-31-3090x2/report.md:11;bench/results/2026-09-01-3090x2-sparse/report.md:12;bench/results/2026-08-31-3090x2/raw.jsonl:19;bench/results/2026-09-01-3090x2-sparse/raw.jsonl:8,hardware
bench_deep_k_legacy_2g_peak_vram_mb,hardware-dependent,MB,"Peak VRAM per GPU (MB) of bench run 'deepk-legacy-2g' (deep_k preset, legacy kernel, 2 GPUs (NCCL)).",log:416 / GPU0=414; GPU1=416,bench/results/2026-08-31-3090x2/report.md:11;bench/results/2026-09-01-3090x2-sparse/report.md:12;bench/results/2026-08-31-3090x2/raw.jsonl:19;bench/results/2026-09-01-3090x2-sparse/raw.jsonl:8,hardware
bench_deep_k_legacy_2g_params,method-parameter,run config,"Run configuration of bench run 'deepk-legacy-2g' (deep_k preset, legacy kernel, 2 GPUs (NCCL)): preset, env knobs, n_gpus, sparse_from_k, max_length, two_phase, timeout (raw.jsonl); the report.md gpus/reps/variant/filter cells share this key.",log:gpus=2; reps=1; variant=legacy; filter=compact; preset=deep_k / gpus=2; reps=1; variant=legacy; preset=deep_k / preset=deep_k; env={'ET_MINER_KERNEL_VARIANT': 'legacy'}; n_gpus=2; sparse_from_k=None; max_length=None; min_support=None; two_phase=False; timeout_s=1800,bench/results/2026-08-31-3090x2/report.md:11;bench/results/2026-09-01-3090x2-sparse/report.md:12;bench/results/2026-08-31-3090x2/raw.jsonl:19;bench/results/2026-09-01-3090x2-sparse/raw.jsonl:8,setup
bench_deep_k_nonccl_wall_s,hardware-dependent,s,"Wall-clock seconds of bench run 'deepk-nonccl' (deep_k preset, legacy kernel, 2 GPUs, ET_MINER_DISABLE_NCCL=1 (staged D2D fallback)) on the 2x RTX 3090 box; raw.jsonl wall_s per rep and the report.md median/min over reps share this key (the 2026-08-31 and 2026-09-01 campaigns ran different commits, see the file column).",log:0.9 / 0.9 s vs 1.3 s / 0.90 s vs 1.34 s / 0.863 / 0.901,bench/results/2026-08-31-3090x2/report.md:12;bench/results/2026-08-31-3090x2/FINDINGS.md:76;bench/results/2026-09-01-3090x2-sparse/report.md:13;bench/results/2026-09-01-3090x2-sparse/FINDINGS.md:81;bench/results/2026-08-31-3090x2/raw.jsonl:6;bench/results/2026-09-01-3090x2-sparse/raw.jsonl:1,hardware
bench_deep_k_nonccl_peak_vram_mb,hardware-dependent,MB,"Peak VRAM per GPU (MB) of bench run 'deepk-nonccl' (deep_k preset, legacy kernel, 2 GPUs, ET_MINER_DISABLE_NCCL=1 (staged D2D fallback)).",log:310 / GPU0=310; GPU1=310 / GPU0=302; GPU1=310,bench/results/2026-08-31-3090x2/report.md:12;bench/results/2026-09-01-3090x2-sparse/report.md:13;bench/results/2026-08-31-3090x2/raw.jsonl:6;bench/results/2026-09-01-3090x2-sparse/raw.jsonl:1,hardware
bench_deep_k_nonccl_params,method-parameter,run config,"Run configuration of bench run 'deepk-nonccl' (deep_k preset, legacy kernel, 2 GPUs, ET_MINER_DISABLE_NCCL=1 (staged D2D fallback)): preset, env knobs, n_gpus, sparse_from_k, max_length, two_phase, timeout (raw.jsonl); the report.md gpus/reps/variant/filter cells share this key.","log:gpus=2; reps=1; variant=legacy; filter=compact; preset=deep_k / gpus=2; reps=1; variant=legacy; preset=deep_k / preset=deep_k; env={'ET_MINER_KERNEL_VARIANT': 'legacy', 'ET_MINER_DISABLE_NCCL': '1'}; n_gpus=2; sparse_from_k=None; max_length=None; min_support=None; two_phase=False; timeout_s=1800",bench/results/2026-08-31-3090x2/report.md:12;bench/results/2026-09-01-3090x2-sparse/report.md:13;bench/results/2026-08-31-3090x2/raw.jsonl:6;bench/results/2026-09-01-3090x2-sparse/raw.jsonl:1,setup
bench_deep_k_prefilter_off_wall_s,hardware-dependent,s,"Wall-clock seconds of bench run 'deepk-prefilter-off' (deep_k preset, legacy kernel, 1 GPU, ET_MINER_DISABLE_PREFILTER=1) on the 2x RTX 3090 box; raw.jsonl wall_s per rep and the report.md median/min over reps share this key (the 2026-08-31 and 2026-09-01 campaigns ran different commits, see the file column).",log:0.6 / 0.609 / 0.59,bench/results/2026-08-31-3090x2/report.md:13;bench/results/2026-09-01-3090x2-sparse/report.md:14;bench/results/2026-08-31-3090x2/raw.jsonl:8;bench/results/2026-09-01-3090x2-sparse/raw.jsonl:4,hardware
bench_deep_k_prefilter_off_peak_vram_mb,hardware-dependent,MB,"Peak VRAM per GPU (MB) of bench run 'deepk-prefilter-off' (deep_k preset, legacy kernel, 1 GPU, ET_MINER_DISABLE_PREFILTER=1).",log:352 / GPU0=352; GPU1=4,bench/results/2026-08-31-3090x2/report.md:13;bench/results/2026-09-01-3090x2-sparse/report.md:14;bench/results/2026-08-31-3090x2/raw.jsonl:8;bench/results/2026-09-01-3090x2-sparse/raw.jsonl:4,hardware
bench_deep_k_prefilter_off_params,method-parameter,run config,"Run configuration of bench run 'deepk-prefilter-off' (deep_k preset, legacy kernel, 1 GPU, ET_MINER_DISABLE_PREFILTER=1): preset, env knobs, n_gpus, sparse_from_k, max_length, two_phase, timeout (raw.jsonl); the report.md gpus/reps/variant/filter cells share this key.","log:gpus=1; reps=1; variant=legacy; filter=compact; preset=deep_k / gpus=1; reps=1; variant=legacy; preset=deep_k / preset=deep_k; env={'ET_MINER_KERNEL_VARIANT': 'legacy', 'CUDA_VISIBLE_DEVICES': '0', 'ET_MINER_DISABLE_PREFILTER': '1'}; n_gpus=1; sparse_from_k=None; max_length=None; min_support=None; two_phase=False; timeout_s=1800 / preset=deep_k; env={'ET_MINER_KERNEL_VARIANT': 'legacy', 'CUDA_VISIBLE_DEVICES': '0'}; n_gpus=1; sparse_from_k=None; max_length=None; min_support=None; two_phase=False; timeout_s=1800",bench/results/2026-08-31-3090x2/report.md:13;bench/results/2026-09-01-3090x2-sparse/report.md:14;bench/results/2026-08-31-3090x2/raw.jsonl:8;bench/results/2026-09-01-3090x2-sparse/raw.jsonl:4,setup
bench_deep_k_shared_1g_wall_s,hardware-dependent,s,"Wall-clock seconds of bench run 'deepk-shared-1g' (deep_k preset, shared/tiled kernel, 1 GPU, 3 reps) on the 2x RTX 3090 box; raw.jsonl wall_s per rep and the report.md median/min over reps share this key (the 2026-08-31 and 2026-09-01 campaigns ran different commits, see the file column).",log:0.6 / 0.627 / 0.639 / 0.603 / 0.613 / 0.628 / 0.602,bench/results/2026-08-31-3090x2/report.md:14;bench/results/2026-09-01-3090x2-sparse/report.md:15;bench/results/2026-08-31-3090x2/raw.jsonl:17;bench/results/2026-08-31-3090x2/raw.jsonl:22;bench/results/2026-08-31-3090x2/raw.jsonl:26;bench/results/2026-09-01-3090x2-sparse/raw.jsonl:7;bench/results/2026-09-01-3090x2-sparse/raw.jsonl:10;bench/results/2026-09-01-3090x2-sparse/raw.jsonl:12,hardware
bench_deep_k_shared_1g_peak_vram_mb,hardware-dependent,MB,"Peak VRAM per GPU (MB) of bench run 'deepk-shared-1g' (deep_k preset, shared/tiled kernel, 1 GPU, 3 reps).",log:352 / GPU0=352; GPU1=4,bench/results/2026-08-31-3090x2/report.md:14;bench/results/2026-09-01-3090x2-sparse/report.md:15;bench/results/2026-08-31-3090x2/raw.jsonl:17;bench/results/2026-08-31-3090x2/raw.jsonl:22;bench/results/2026-08-31-3090x2/raw.jsonl:26;bench/results/2026-09-01-3090x2-sparse/raw.jsonl:7;bench/results/2026-09-01-3090x2-sparse/raw.jsonl:10;bench/results/2026-09-01-3090x2-sparse/raw.jsonl:12,hardware
bench_deep_k_shared_1g_params,method-parameter,run config,"Run configuration of bench run 'deepk-shared-1g' (deep_k preset, shared/tiled kernel, 1 GPU, 3 reps): preset, env knobs, n_gpus, sparse_from_k, max_length, two_phase, timeout (raw.jsonl); the report.md gpus/reps/variant/filter cells share this key.","log:gpus=1; reps=3; variant=shared; filter=compact; preset=deep_k / gpus=1; reps=3; variant=shared; preset=deep_k / preset=deep_k; env={'ET_MINER_KERNEL_VARIANT': 'shared', 'CUDA_VISIBLE_DEVICES': '0'}; n_gpus=1; sparse_from_k=None; max_length=None; min_support=None; two_phase=False; timeout_s=1800",bench/results/2026-08-31-3090x2/report.md:14;bench/results/2026-09-01-3090x2-sparse/report.md:15;bench/results/2026-08-31-3090x2/raw.jsonl:17;bench/results/2026-08-31-3090x2/raw.jsonl:22;bench/results/2026-08-31-3090x2/raw.jsonl:26;bench/results/2026-09-01-3090x2-sparse/raw.jsonl:7;bench/results/2026-09-01-3090x2-sparse/raw.jsonl:10;bench/results/2026-09-01-3090x2-sparse/raw.jsonl:12,setup
bench_deep_k_shared_2g_wall_s,hardware-dependent,s,"Wall-clock seconds of bench run 'deepk-shared-2g' (deep_k preset, shared/tiled kernel, 2 GPUs, 3 reps) on the 2x RTX 3090 box; raw.jsonl wall_s per rep and the report.md median/min over reps share this key (the 2026-08-31 and 2026-09-01 campaigns ran different commits, see the file column).",log:1.4 / 1.3 / 1.382 / 1.391 / 1.316 / 1.361 / 1.354 / 1.346,bench/results/2026-08-31-3090x2/report.md:15;bench/results/2026-09-01-3090x2-sparse/report.md:16;bench/results/2026-09-01-3090x2-sparse/report.md:27;bench/results/2026-08-31-3090x2/raw.jsonl:20;bench/results/2026-08-31-3090x2/raw.jsonl:24;bench/results/2026-08-31-3090x2/raw.jsonl:28;bench/results/2026-09-01-3090x2-sparse/raw.jsonl:9;bench/results/2026-09-01-3090x2-sparse/raw.jsonl:11;bench/results/2026-09-01-3090x2-sparse/raw.jsonl:13,hardware
bench_deep_k_shared_2g_peak_vram_mb,hardware-dependent,MB,"Peak VRAM per GPU (MB) of bench run 'deepk-shared-2g' (deep_k preset, shared/tiled kernel, 2 GPUs, 3 reps).",log:416 / GPU0=414; GPU1=416,bench/results/2026-08-31-3090x2/report.md:15;bench/results/2026-09-01-3090x2-sparse/report.md:16;bench/results/2026-08-31-3090x2/raw.jsonl:20;bench/results/2026-08-31-3090x2/raw.jsonl:24;bench/results/2026-08-31-3090x2/raw.jsonl:28;bench/results/2026-09-01-3090x2-sparse/raw.jsonl:9;bench/results/2026-09-01-3090x2-sparse/raw.jsonl:11;bench/results/2026-09-01-3090x2-sparse/raw.jsonl:13,hardware
bench_deep_k_shared_2g_params,method-parameter,run config,"Run configuration of bench run 'deepk-shared-2g' (deep_k preset, shared/tiled kernel, 2 GPUs, 3 reps): preset, env knobs, n_gpus, sparse_from_k, max_length, two_phase, timeout (raw.jsonl); the report.md gpus/reps/variant/filter cells share this key.",log:gpus=2; reps=3; variant=shared; filter=compact; preset=deep_k / gpus=2; reps=3; variant=shared; preset=deep_k / preset=deep_k; env={'ET_MINER_KERNEL_VARIANT': 'shared'}; n_gpus=2; sparse_from_k=None; max_length=None; min_support=None; two_phase=False; timeout_s=1800,bench/results/2026-08-31-3090x2/report.md:15;bench/results/2026-09-01-3090x2-sparse/report.md:16;bench/results/2026-08-31-3090x2/raw.jsonl:20;bench/results/2026-08-31-3090x2/raw.jsonl:24;bench/results/2026-08-31-3090x2/raw.jsonl:28;bench/results/2026-09-01-3090x2-sparse/raw.jsonl:9;bench/results/2026-09-01-3090x2-sparse/raw.jsonl:11;bench/results/2026-09-01-3090x2-sparse/raw.jsonl:13,setup
bench_deep_k_single_prefilter_on_wall_s,hardware-dependent,s,"Wall-clock seconds of bench run 'deepk-single-prefilter-on' (deep_k preset, legacy kernel, 1 GPU, sampled prefilter on) on the 2x RTX 3090 box; raw.jsonl wall_s per rep and the report.md median/min over reps share this key (the 2026-08-31 and 2026-09-01 campaigns ran different commits, see the file column).",log:0.6 / 0.592 / 0.595,bench/results/2026-08-31-3090x2/report.md:16;bench/results/2026-09-01-3090x2-sparse/report.md:17;bench/results/2026-08-31-3090x2/raw.jsonl:9;bench/results/2026-09-01-3090x2-sparse/raw.jsonl:5,hardware
bench_deep_k_single_prefilter_on_peak_vram_mb,hardware-dependent,MB,"Peak VRAM per GPU (MB) of bench run 'deepk-single-prefilter-on' (deep_k preset, legacy kernel, 1 GPU, sampled prefilter on).",log:352 / GPU0=352; GPU1=4,bench/results/2026-08-31-3090x2/report.md:16;bench/results/2026-09-01-3090x2-sparse/report.md:17;bench/results/2026-08-31-3090x2/raw.jsonl:9;bench/results/2026-09-01-3090x2-sparse/raw.jsonl:5,hardware
bench_deep_k_single_prefilter_on_params,method-parameter,run config,"Run configuration of bench run 'deepk-single-prefilter-on' (deep_k preset, legacy kernel, 1 GPU, sampled prefilter on): preset, env knobs, n_gpus, sparse_from_k, max_length, two_phase, timeout (raw.jsonl); the report.md gpus/reps/variant/filter cells share this key.","log:gpus=1; reps=1; variant=legacy; filter=compact; preset=deep_k / gpus=1; reps=1; variant=legacy; preset=deep_k / preset=deep_k; env={'ET_MINER_KERNEL_VARIANT': 'legacy', 'CUDA_VISIBLE_DEVICES': '0'}; n_gpus=1; sparse_from_k=None; max_length=None; min_support=None; two_phase=False; timeout_s=1800 / preset=deep_k; env={'ET_MINER_KERNEL_VARIANT': 'legacy', 'CUDA_VISIBLE_DEVICES': '0', 'ET_MINER_ENABLE_PREFILTER': '1'}; n_gpus=1; sparse_from_k=None; max_length=None; min_support=None; two_phase=False; timeout_s=1800",bench/results/2026-08-31-3090x2/report.md:16;bench/results/2026-09-01-3090x2-sparse/report.md:17;bench/results/2026-08-31-3090x2/raw.jsonl:9;bench/results/2026-09-01-3090x2-sparse/raw.jsonl:5,setup
bench_skewed_rows_nnz_wall_s,hardware-dependent,s,"Wall-clock seconds of bench run 'skew-nnz' (skewed_rows preset, legacy kernel, 2 GPUs, ET_MINER_ROW_BALANCE=nnz, 2 reps) on the 2x RTX 3090 box; raw.jsonl wall_s per rep and the report.md median/min over reps share this key (the 2026-08-31 and 2026-09-01 campaigns ran different commits, see the file column).",log:1.5 / 1.517 / 1.5 vs 1.4 s / 1.488,bench/results/2026-08-31-3090x2/report.md:17;bench/results/2026-08-31-3090x2/report.md:53;bench/results/2026-08-31-3090x2/FINDINGS.md:79;bench/results/2026-08-31-3090x2/raw.jsonl:12;bench/results/2026-08-31-3090x2/raw.jsonl:14,hardware
bench_skewed_rows_nnz_peak_vram_mb,hardware-dependent,MB,"Peak VRAM per GPU (MB) of bench run 'skew-nnz' (skewed_rows preset, legacy kernel, 2 GPUs, ET_MINER_ROW_BALANCE=nnz, 2 reps).",log:418 / GPU0=414; GPU1=418,bench/results/2026-08-31-3090x2/report.md:17;bench/results/2026-08-31-3090x2/raw.jsonl:12;bench/results/2026-08-31-3090x2/raw.jsonl:14,hardware
bench_skewed_rows_nnz_params,method-parameter,run config,"Run configuration of bench run 'skew-nnz' (skewed_rows preset, legacy kernel, 2 GPUs, ET_MINER_ROW_BALANCE=nnz, 2 reps): preset, env knobs, n_gpus, sparse_from_k, max_length, two_phase, timeout (raw.jsonl); the report.md gpus/reps/variant/filter cells share this key.","log:gpus=2; reps=2; variant=legacy; filter=compact; preset=skewed_rows / preset=skewed_rows; env={'ET_MINER_KERNEL_VARIANT': 'legacy', 'ET_MINER_ROW_BALANCE': 'nnz'}; n_gpus=2; sparse_from_k=None; max_length=None; min_support=None; two_phase=False; timeout_s=1800",bench/results/2026-08-31-3090x2/report.md:17;bench/results/2026-08-31-3090x2/raw.jsonl:12;bench/results/2026-08-31-3090x2/raw.jsonl:14,setup
bench_skewed_rows_rows_wall_s,hardware-dependent,s,"Wall-clock seconds of bench run 'skew-rows' (skewed_rows preset, legacy kernel, 2 GPUs, ET_MINER_ROW_BALANCE=rows, 2 reps) on the 2x RTX 3090 box; raw.jsonl wall_s per rep and the report.md median/min over reps share this key (the 2026-08-31 and 2026-09-01 campaigns ran different commits, see the file column).",log:1.4 / 1.435 / 1.441,bench/results/2026-08-31-3090x2/report.md:18;bench/results/2026-08-31-3090x2/raw.jsonl:11;bench/results/2026-08-31-3090x2/raw.jsonl:13,hardware
bench_skewed_rows_rows_peak_vram_mb,hardware-dependent,MB,"Peak VRAM per GPU (MB) of bench run 'skew-rows' (skewed_rows preset, legacy kernel, 2 GPUs, ET_MINER_ROW_BALANCE=rows, 2 reps).",log:416 / GPU0=416; GPU1=416,bench/results/2026-08-31-3090x2/report.md:18;bench/results/2026-08-31-3090x2/raw.jsonl:11;bench/results/2026-08-31-3090x2/raw.jsonl:13,hardware
bench_skewed_rows_rows_params,method-parameter,run config,"Run configuration of bench run 'skew-rows' (skewed_rows preset, legacy kernel, 2 GPUs, ET_MINER_ROW_BALANCE=rows, 2 reps): preset, env knobs, n_gpus, sparse_from_k, max_length, two_phase, timeout (raw.jsonl); the report.md gpus/reps/variant/filter cells share this key.","log:gpus=2; reps=2; variant=legacy; filter=compact; preset=skewed_rows / preset=skewed_rows; env={'ET_MINER_KERNEL_VARIANT': 'legacy', 'ET_MINER_ROW_BALANCE': 'rows'}; n_gpus=2; sparse_from_k=None; max_length=None; min_support=None; two_phase=False; timeout_s=1800",bench/results/2026-08-31-3090x2/report.md:18;bench/results/2026-08-31-3090x2/raw.jsonl:11;bench/results/2026-08-31-3090x2/raw.jsonl:13,setup
bench_stress_k2_filter_compact_wall_s,hardware-dependent,s,"Wall-clock seconds of bench run 'stressk2-filter-compact' (stress_k2 preset, legacy kernel, 2 GPUs, max_length=2, ET_MINER_FILTER_IMPL=compact) on the 2x RTX 3090 box; raw.jsonl wall_s per rep and the report.md median/min over reps share this key (the 2026-08-31 and 2026-09-01 campaigns ran different commits, see the file column).",log:89.6 / 89.6 / 89.7 / 90.2 s / 89.571,bench/results/2026-08-31-3090x2/report.md:19;bench/results/2026-08-31-3090x2/FINDINGS.md:73;bench/results/2026-08-31-3090x2/raw.jsonl:3,hardware
bench_stress_k2_filter_compact_peak_vram_mb,hardware-dependent,MB,"Peak VRAM per GPU (MB) of bench run 'stressk2-filter-compact' (stress_k2 preset, legacy kernel, 2 GPUs, max_length=2, ET_MINER_FILTER_IMPL=compact).",log:6918 / GPU0=6918; GPU1=6918,bench/results/2026-08-31-3090x2/report.md:19;bench/results/2026-08-31-3090x2/raw.jsonl:3,hardware
bench_stress_k2_filter_compact_params,method-parameter,run config,"Run configuration of bench run 'stressk2-filter-compact' (stress_k2 preset, legacy kernel, 2 GPUs, max_length=2, ET_MINER_FILTER_IMPL=compact): preset, env knobs, n_gpus, sparse_from_k, max_length, two_phase, timeout (raw.jsonl); the report.md gpus/reps/variant/filter cells share this key.","log:gpus=2; reps=1; variant=legacy; filter=compact; preset=stress_k2 / preset=stress_k2; env={'ET_MINER_KERNEL_VARIANT': 'legacy', 'ET_MINER_FILTER_IMPL': 'compact'}; n_gpus=2; sparse_from_k=None; max_length=2; min_support=None; two_phase=False; timeout_s=1800",bench/results/2026-08-31-3090x2/report.md:19;bench/results/2026-08-31-3090x2/raw.jsonl:3,setup
bench_stress_k2_filter_cpu_wall_s,hardware-dependent,s,"Wall-clock seconds of bench run 'stressk2-filter-cpu' (stress_k2 preset, legacy kernel, 2 GPUs, max_length=2, ET_MINER_FILTER_IMPL=cpu) on the 2x RTX 3090 box; raw.jsonl wall_s per rep and the report.md median/min over reps share this key (the 2026-08-31 and 2026-09-01 campaigns ran different commits, see the file column).",log:90.2 / 90.196,bench/results/2026-08-31-3090x2/report.md:20;bench/results/2026-08-31-3090x2/raw.jsonl:5,hardware
bench_stress_k2_filter_cpu_peak_vram_mb,hardware-dependent,MB,"Peak VRAM per GPU (MB) of bench run 'stressk2-filter-cpu' (stress_k2 preset, legacy kernel, 2 GPUs, max_length=2, ET_MINER_FILTER_IMPL=cpu).",log:6920 / GPU0=6920; GPU1=6920,bench/results/2026-08-31-3090x2/report.md:20;bench/results/2026-08-31-3090x2/raw.jsonl:5,hardware
bench_stress_k2_filter_cpu_params,method-parameter,run config,"Run configuration of bench run 'stressk2-filter-cpu' (stress_k2 preset, legacy kernel, 2 GPUs, max_length=2, ET_MINER_FILTER_IMPL=cpu): preset, env knobs, n_gpus, sparse_from_k, max_length, two_phase, timeout (raw.jsonl); the report.md gpus/reps/variant/filter cells share this key.","log:gpus=2; reps=1; variant=legacy; filter=cpu; preset=stress_k2 / preset=stress_k2; env={'ET_MINER_KERNEL_VARIANT': 'legacy', 'ET_MINER_FILTER_IMPL': 'cpu'}; n_gpus=2; sparse_from_k=None; max_length=2; min_support=None; two_phase=False; timeout_s=1800",bench/results/2026-08-31-3090x2/report.md:20;bench/results/2026-08-31-3090x2/raw.jsonl:5,setup
bench_stress_k2_filter_cupy_wall_s,hardware-dependent,s,"Wall-clock seconds of bench run 'stressk2-filter-cupy' (stress_k2 preset, legacy kernel, 2 GPUs, max_length=2, ET_MINER_FILTER_IMPL=cupy) on the 2x RTX 3090 box; raw.jsonl wall_s per rep and the report.md median/min over reps share this key (the 2026-08-31 and 2026-09-01 campaigns ran different commits, see the file column).",log:89.7 / 89.665,bench/results/2026-08-31-3090x2/report.md:21;bench/results/2026-08-31-3090x2/raw.jsonl:4,hardware
bench_stress_k2_filter_cupy_peak_vram_mb,hardware-dependent,MB,"Peak VRAM per GPU (MB) of bench run 'stressk2-filter-cupy' (stress_k2 preset, legacy kernel, 2 GPUs, max_length=2, ET_MINER_FILTER_IMPL=cupy).",log:6998 / GPU0=6998; GPU1=6920,bench/results/2026-08-31-3090x2/report.md:21;bench/results/2026-08-31-3090x2/raw.jsonl:4,hardware
bench_stress_k2_filter_cupy_params,method-parameter,run config,"Run configuration of bench run 'stressk2-filter-cupy' (stress_k2 preset, legacy kernel, 2 GPUs, max_length=2, ET_MINER_FILTER_IMPL=cupy): preset, env knobs, n_gpus, sparse_from_k, max_length, two_phase, timeout (raw.jsonl); the report.md gpus/reps/variant/filter cells share this key.","log:gpus=2; reps=1; variant=legacy; filter=cupy; preset=stress_k2 / preset=stress_k2; env={'ET_MINER_KERNEL_VARIANT': 'legacy', 'ET_MINER_FILTER_IMPL': 'cupy'}; n_gpus=2; sparse_from_k=None; max_length=2; min_support=None; two_phase=False; timeout_s=1800",bench/results/2026-08-31-3090x2/report.md:21;bench/results/2026-08-31-3090x2/raw.jsonl:4,setup
bench_stress_k2_legacy_1g_wall_s,hardware-dependent,s,"Wall-clock seconds of bench run 'stressk2-legacy-1g' (stress_k2 preset, legacy kernel, 1 GPU, max_length=3, sampled prefilter on (lossy)) on the 2x RTX 3090 box; raw.jsonl wall_s per rep and the report.md median/min over reps share this key (the 2026-08-31 and 2026-09-01 campaigns ran different commits, see the file column).",log:2238.8 / 2238.846,bench/results/2026-08-31-3090x2/report.md:22;bench/results/2026-08-31-3090x2/report.md:82;bench/results/2026-08-31-3090x2/raw.jsonl:1,hardware
bench_stress_k2_legacy_1g_peak_vram_mb,hardware-dependent,MB,"Peak VRAM per GPU (MB) of bench run 'stressk2-legacy-1g' (stress_k2 preset, legacy kernel, 1 GPU, max_length=3, sampled prefilter on (lossy)).",log:17340 / GPU0=17340; GPU1=4,bench/results/2026-08-31-3090x2/report.md:22;bench/results/2026-08-31-3090x2/raw.jsonl:1,hardware
bench_stress_k2_legacy_1g_params,method-parameter,run config,"Run configuration of bench run 'stressk2-legacy-1g' (stress_k2 preset, legacy kernel, 1 GPU, max_length=3, sampled prefilter on (lossy)): preset, env knobs, n_gpus, sparse_from_k, max_length, two_phase, timeout (raw.jsonl); the report.md gpus/reps/variant/filter cells share this key.","log:gpus=1; reps=1; variant=legacy; filter=compact; preset=stress_k2 / preset=stress_k2; env={'ET_MINER_KERNEL_VARIANT': 'legacy', 'CUDA_VISIBLE_DEVICES': '0'}; n_gpus=1; sparse_from_k=None; max_length=3; min_support=None; two_phase=False; timeout_s=3600",bench/results/2026-08-31-3090x2/report.md:22;bench/results/2026-08-31-3090x2/raw.jsonl:1,setup
bench_stress_k2_legacy_2g_wall_s,hardware-dependent,s,"Wall-clock seconds of bench run 'stressk2-legacy-2g' (stress_k2 preset, legacy kernel, 2 GPUs, max_length=3) on the 2x RTX 3090 box; raw.jsonl wall_s per rep and the report.md median/min over reps share this key (the 2026-08-31 and 2026-09-01 campaigns ran different commits, see the file column).",log:1996.7 / 1996.726,bench/results/2026-08-31-3090x2/report.md:23;bench/results/2026-08-31-3090x2/raw.jsonl:15,hardware
bench_stress_k2_legacy_2g_peak_vram_mb,hardware-dependent,MB,"Peak VRAM per GPU (MB) of bench run 'stressk2-legacy-2g' (stress_k2 preset, legacy kernel, 2 GPUs, max_length=3).",log:16576 / GPU0=16576; GPU1=16576,bench/results/2026-08-31-3090x2/report.md:23;bench/results/2026-08-31-3090x2/raw.jsonl:15,hardware
bench_stress_k2_legacy_2g_params,method-parameter,run config,"Run configuration of bench run 'stressk2-legacy-2g' (stress_k2 preset, legacy kernel, 2 GPUs, max_length=3): preset, env knobs, n_gpus, sparse_from_k, max_length, two_phase, timeout (raw.jsonl); the report.md gpus/reps/variant/filter cells share this key.",log:gpus=2; reps=1; variant=legacy; filter=compact; preset=stress_k2 / preset=stress_k2; env={'ET_MINER_KERNEL_VARIANT': 'legacy'}; n_gpus=2; sparse_from_k=None; max_length=3; min_support=None; two_phase=False; timeout_s=3600,bench/results/2026-08-31-3090x2/report.md:23;bench/results/2026-08-31-3090x2/raw.jsonl:15,setup
bench_stress_k2_shared_1g_wall_s,hardware-dependent,s,"Wall-clock seconds of bench run 'stressk2-shared-1g' (stress_k2 preset, shared/tiled kernel, 1 GPU, max_length=3, 3 reps) on the 2x RTX 3090 box; raw.jsonl wall_s per rep and the report.md median/min over reps share this key (the 2026-08-31 and 2026-09-01 campaigns ran different commits, see the file column).",log:253.3 / 253.1 / 255.303 / 253.074 / 253.285,bench/results/2026-08-31-3090x2/report.md:24;bench/results/2026-08-31-3090x2/raw.jsonl:16;bench/results/2026-08-31-3090x2/raw.jsonl:21;bench/results/2026-08-31-3090x2/raw.jsonl:25,hardware
bench_stress_k2_shared_1g_peak_vram_mb,hardware-dependent,MB,"Peak VRAM per GPU (MB) of bench run 'stressk2-shared-1g' (stress_k2 preset, shared/tiled kernel, 1 GPU, max_length=3, 3 reps).",log:17340 / GPU0=17340; GPU1=4,bench/results/2026-08-31-3090x2/report.md:24;bench/results/2026-08-31-3090x2/raw.jsonl:16;bench/results/2026-08-31-3090x2/raw.jsonl:21;bench/results/2026-08-31-3090x2/raw.jsonl:25,hardware
bench_stress_k2_shared_1g_params,method-parameter,run config,"Run configuration of bench run 'stressk2-shared-1g' (stress_k2 preset, shared/tiled kernel, 1 GPU, max_length=3, 3 reps): preset, env knobs, n_gpus, sparse_from_k, max_length, two_phase, timeout (raw.jsonl); the report.md gpus/reps/variant/filter cells share this key.","log:gpus=1; reps=3; variant=shared; filter=compact; preset=stress_k2 / preset=stress_k2; env={'ET_MINER_KERNEL_VARIANT': 'shared', 'CUDA_VISIBLE_DEVICES': '0'}; n_gpus=1; sparse_from_k=None; max_length=3; min_support=None; two_phase=False; timeout_s=3600",bench/results/2026-08-31-3090x2/report.md:24;bench/results/2026-08-31-3090x2/raw.jsonl:16;bench/results/2026-08-31-3090x2/raw.jsonl:21;bench/results/2026-08-31-3090x2/raw.jsonl:25,setup
bench_stress_k2_shared_2g_wall_s,hardware-dependent,s,"Wall-clock seconds of bench run 'stressk2-shared-2g' (stress_k2 preset, shared/tiled kernel, 2 GPUs, max_length=3, 3 reps) on the 2x RTX 3090 box; raw.jsonl wall_s per rep and the report.md median/min over reps share this key (the 2026-08-31 and 2026-09-01 campaigns ran different commits, see the file column).",log:122.3 / 122.814 / 122.257 / 122.333,bench/results/2026-08-31-3090x2/report.md:25;bench/results/2026-08-31-3090x2/raw.jsonl:18;bench/results/2026-08-31-3090x2/raw.jsonl:23;bench/results/2026-08-31-3090x2/raw.jsonl:27,hardware
bench_stress_k2_shared_2g_peak_vram_mb,hardware-dependent,MB,"Peak VRAM per GPU (MB) of bench run 'stressk2-shared-2g' (stress_k2 preset, shared/tiled kernel, 2 GPUs, max_length=3, 3 reps).",log:16576 / GPU0=16576; GPU1=16576,bench/results/2026-08-31-3090x2/report.md:25;bench/results/2026-08-31-3090x2/raw.jsonl:18;bench/results/2026-08-31-3090x2/raw.jsonl:23;bench/results/2026-08-31-3090x2/raw.jsonl:27,hardware
bench_stress_k2_shared_2g_params,method-parameter,run config,"Run configuration of bench run 'stressk2-shared-2g' (stress_k2 preset, shared/tiled kernel, 2 GPUs, max_length=3, 3 reps): preset, env knobs, n_gpus, sparse_from_k, max_length, two_phase, timeout (raw.jsonl); the report.md gpus/reps/variant/filter cells share this key.",log:gpus=2; reps=3; variant=shared; filter=compact; preset=stress_k2 / preset=stress_k2; env={'ET_MINER_KERNEL_VARIANT': 'shared'}; n_gpus=2; sparse_from_k=None; max_length=3; min_support=None; two_phase=False; timeout_s=3600,bench/results/2026-08-31-3090x2/report.md:25;bench/results/2026-08-31-3090x2/raw.jsonl:18;bench/results/2026-08-31-3090x2/raw.jsonl:23;bench/results/2026-08-31-3090x2/raw.jsonl:27,setup
bench_smoke_twophase_wall_s,hardware-dependent,s,"Wall-clock seconds of bench run 'twophase-smoke' (smoke preset, legacy kernel, 2 GPUs, two_phase=True) on the 2x RTX 3090 box; raw.jsonl wall_s per rep and the report.md median/min over reps share this key (the 2026-08-31 and 2026-09-01 campaigns ran different commits, see the file column).",log:1.6 / 1.582,bench/results/2026-08-31-3090x2/report.md:26;bench/results/2026-08-31-3090x2/report.md:67;bench/results/2026-08-31-3090x2/raw.jsonl:10,hardware
bench_smoke_twophase_peak_vram_mb,hardware-dependent,MB,"Peak VRAM per GPU (MB) of bench run 'twophase-smoke' (smoke preset, legacy kernel, 2 GPUs, two_phase=True).",log:408 / GPU0=408; GPU1=408,bench/results/2026-08-31-3090x2/report.md:26;bench/results/2026-08-31-3090x2/raw.jsonl:10,hardware
bench_smoke_twophase_params,method-parameter,run config,"Run configuration of bench run 'twophase-smoke' (smoke preset, legacy kernel, 2 GPUs, two_phase=True): preset, env knobs, n_gpus, sparse_from_k, max_length, two_phase, timeout (raw.jsonl); the report.md gpus/reps/variant/filter cells share this key.",log:gpus=2; reps=1; variant=legacy; filter=compact; preset=smoke / preset=smoke; env={'ET_MINER_KERNEL_VARIANT': 'legacy'}; n_gpus=2; sparse_from_k=None; max_length=None; min_support=None; two_phase=True; timeout_s=1800,bench/results/2026-08-31-3090x2/report.md:26;bench/results/2026-08-31-3090x2/raw.jsonl:10,setup
bench_deep_k_shared_vs_legacy_2g_speedup,hardware-dependent,x,"report.md kernel A/B: shared vs legacy wall-time ratio on deep_k with 2 GPUs (0.97x on 2026-08-31, 0.99x on 2026-09-01); the FINDINGS statement 'neutral (0.97-1.07x) on deep_k/smoke' is keyed here.",log:0.97× / 0.97–1.07× / 0.99×,bench/results/2026-08-31-3090x2/report.md:32;bench/results/2026-08-31-3090x2/FINDINGS.md:36;bench/results/2026-09-01-3090x2-sparse/report.md:23,hardware
bench_stress_k2_shared_vs_legacy_2g_speedup,hardware-dependent,x,Shared vs legacy kernel speedup on stress_k2 with 2 GPUs (1996.7 s -> 122.3 s = 16.3x).,log:16.32× / 1996.7 s legacy → 122.3 s shared; 16.3×,bench/results/2026-08-31-3090x2/report.md:33;bench/results/2026-08-31-3090x2/FINDINGS.md:31,hardware
bench_deep_k_density_auto_levels,deterministic,candidates/frequent per K,"Per-K n_candidates / n_frequent of bench run 'deepk-density-auto' (deep_k preset, legacy kernel, sparse_from_k=auto, 2 GPUs); n_frequent is the preset's exact per-K count, n_candidates depends on the code path (0 where the path does not count candidates); report.md per-level count rows share this key.",log:K1: candidates=112; frequent=112 / K2: candidates=0; frequent=471 / K3: candidates=0; frequent=901 / K4: candidates=0; frequent=1407 / K5: candidates=0; frequent=1854 / K6: candidates=0; frequent=1848 / K7: candidates=0; frequent=1320 / K8: candidates=0; frequent=660 / K9: candidates=0; frequent=220 / K10: candidates=0; frequent=44 / K11: candidates=0; frequent=4 / K1 cand=112 freq=112; K2 cand=0 freq=471; K3 cand=0 freq=901; K4 cand=0 freq=1407; K5 cand=0 freq=1854; K6 cand=0 freq=1848; K7 cand=0 freq=1320; K8 cand=0 freq=660; K9 cand=0 freq=220; K10 cand=0 freq=44; K11 cand=0 freq=4 / K1 cand=112 freq=112; K2 cand=0 freq=471; K3 cand=0 freq=901; K4 cand=0 freq=1407; K5 cand=2251 freq=1854; K6 cand=1855 freq=1848; K7 cand=1320 freq=1320; K8 cand=660 freq=660; K9 cand=220 freq=220; K10 cand=44 freq=44; K11 cand=4 freq=4,bench/results/2026-08-31-3090x2/report.md:41;bench/results/2026-08-31-3090x2/report.md:42;bench/results/2026-08-31-3090x2/report.md:43;bench/results/2026-08-31-3090x2/report.md:44;bench/results/2026-08-31-3090x2/report.md:45;bench/results/2026-08-31-3090x2/report.md:46;bench/results/2026-08-31-3090x2/report.md:47;bench/results/2026-08-31-3090x2/report.md:48;bench/results/2026-08-31-3090x2/report.md:49;bench/results/2026-08-31-3090x2/report.md:50;bench/results/2026-08-31-3090x2/report.md:51;bench/results/2026-08-31-3090x2/raw.jsonl:7;bench/results/2026-09-01-3090x2-sparse/raw.jsonl:2,rerun
bench_deep_k_density_auto_level_ms,hardware-dependent,ms per K,"Per-K level times (ms) of bench run 'deepk-density-auto' (deep_k preset, legacy kernel, sparse_from_k=auto, 2 GPUs); report.md per-level ms rows share this key.",log:27 / 46 / 5 / 6 / 3145 / 2553 / 1817 / 902 / 374 / 65 / 14 / K5: frequent=1854; ms 08-31=3145; ms 09-01=48 (transition + first-use NVRTC compile); dense legacy-2g ms=3.6 / K6: frequent=1848; ms 08-31=2553; ms 09-01=4.1; dense legacy-2g ms=2.4 / K7: frequent=1320; ms 08-31=1817; ms 09-01=3.5; dense legacy-2g ms=2.5 / K8: frequent=660; ms 08-31=902; ms 09-01=3.0; dense legacy-2g ms=3.2 / K9: frequent=220; ms 08-31=374; ms 09-01=2.9; dense legacy-2g ms=2.4 / K10: frequent=44; ms 08-31=65; ms 09-01=2.7; dense legacy-2g ms=2.2 / K11: frequent=4; ms 08-31=14; ms 09-01=2.7; dense legacy-2g ms=1.9 / K1=26.5; K2=45.8; K3=5.3; K4=5.5; K5=3145.4; K6=2552.8; K7=1817.4; K8=902.1; K9=373.7; K10=65.2; K11=13.6 / K1=25.7; K2=48.8; K3=5.6; K4=5.3; K5=48.1; K6=4.1; K7=3.5; K8=3.0; K9=2.9; K10=2.7; K11=2.7,bench/results/2026-08-31-3090x2/report.md:41;bench/results/2026-08-31-3090x2/report.md:42;bench/results/2026-08-31-3090x2/report.md:43;bench/results/2026-08-31-3090x2/report.md:44;bench/results/2026-08-31-3090x2/report.md:45;bench/results/2026-08-31-3090x2/report.md:46;bench/results/2026-08-31-3090x2/report.md:47;bench/results/2026-08-31-3090x2/report.md:48;bench/results/2026-08-31-3090x2/report.md:49;bench/results/2026-08-31-3090x2/report.md:50;bench/results/2026-08-31-3090x2/report.md:51;bench/results/2026-09-01-3090x2-sparse/FINDINGS.md:41;bench/results/2026-09-01-3090x2-sparse/FINDINGS.md:42;bench/results/2026-09-01-3090x2-sparse/FINDINGS.md:43;bench/results/2026-09-01-3090x2-sparse/FINDINGS.md:44;bench/results/2026-09-01-3090x2-sparse/FINDINGS.md:45;bench/results/2026-09-01-3090x2-sparse/FINDINGS.md:46;bench/results/2026-09-01-3090x2-sparse/FINDINGS.md:47;bench/results/2026-08-31-3090x2/raw.jsonl:7;bench/results/2026-09-01-3090x2-sparse/raw.jsonl:2,hardware
bench_skewed_rows_nnz_levels,deterministic,candidates/frequent per K,"Per-K n_candidates / n_frequent of bench run 'skew-nnz' (skewed_rows preset, legacy kernel, 2 GPUs, ET_MINER_ROW_BALANCE=nnz, 2 reps); n_frequent is the preset's exact per-K count, n_candidates depends on the code path (0 where the path does not count candidates); report.md per-level count rows share this key.",log:K1: candidates=118; frequent=118 / K2: candidates=0; frequent=717 / K3: candidates=0; frequent=1928 / K4: candidates=0; frequent=2932 / K5: candidates=0; frequent=2683 / K6: candidates=0; frequent=1458 / K7: candidates=0; frequent=443 / K8: candidates=0; frequent=67 / K9: candidates=0; frequent=4 / K1 cand=118 freq=118; K2 cand=0 freq=717; K3 cand=0 freq=1928; K4 cand=0 freq=2932; K5 cand=0 freq=2683; K6 cand=0 freq=1458; K7 cand=0 freq=443; K8 cand=0 freq=67; K9 cand=0 freq=4,bench/results/2026-08-31-3090x2/report.md:57;bench/results/2026-08-31-3090x2/report.md:58;bench/results/2026-08-31-3090x2/report.md:59;bench/results/2026-08-31-3090x2/report.md:60;bench/results/2026-08-31-3090x2/report.md:61;bench/results/2026-08-31-3090x2/report.md:62;bench/results/2026-08-31-3090x2/report.md:63;bench/results/2026-08-31-3090x2/report.md:64;bench/results/2026-08-31-3090x2/report.md:65;bench/results/2026-08-31-3090x2/raw.jsonl:12;bench/results/2026-08-31-3090x2/raw.jsonl:14,rerun
bench_skewed_rows_nnz_level_ms,hardware-dependent,ms per K,"Per-K level times (ms) of bench run 'skew-nnz' (skewed_rows preset, legacy kernel, 2 GPUs, ET_MINER_ROW_BALANCE=nnz, 2 reps); report.md per-level ms rows share this key.",log:26 / 47 / 7 / 16 / 34 / 40 / 22 / 5 / 2 / K1=26.6; K2=48.2; K3=6.2; K4=16.0; K5=33.7; K6=40.6; K7=22.8; K8=5.5; K9=2.1 / K1=25.7; K2=46.6; K3=6.6; K4=16.5; K5=34.0; K6=39.9; K7=21.9; K8=5.0; K9=2.0,bench/results/2026-08-31-3090x2/report.md:57;bench/results/2026-08-31-3090x2/report.md:58;bench/results/2026-08-31-3090x2/report.md:59;bench/results/2026-08-31-3090x2/report.md:60;bench/results/2026-08-31-3090x2/report.md:61;bench/results/2026-08-31-3090x2/report.md:62;bench/results/2026-08-31-3090x2/report.md:63;bench/results/2026-08-31-3090x2/report.md:64;bench/results/2026-08-31-3090x2/report.md:65;bench/results/2026-08-31-3090x2/raw.jsonl:12;bench/results/2026-08-31-3090x2/raw.jsonl:14,hardware
bench_smoke_twophase_levels,deterministic,candidates/frequent per K,"Per-K n_candidates / n_frequent of bench run 'twophase-smoke' (smoke preset, legacy kernel, 2 GPUs, two_phase=True); n_frequent is the preset's exact per-K count, n_candidates depends on the code path (0 where the path does not count candidates); report.md per-level count rows share this key.",log:K1 (phase 1): candidates=118; frequent=118 / K2 (phase 1): candidates=0; frequent=290 / K3 (phase 1): candidates=0; frequent=202 / K4 (phase 1): candidates=0; frequent=22 / K5 (phase 1): candidates=0; frequent=0 / K1 (phase 2): candidates=118; frequent=118 / K2 (phase 2): candidates=0; frequent=290 / K3 (phase 2): candidates=0; frequent=202 / K4 (phase 2): candidates=0; frequent=22 / K5 (phase 2): candidates=0; frequent=0 / K1 cand=118 freq=118; K2 cand=0 freq=290; K3 cand=0 freq=202; K4 cand=0 freq=22; K5 cand=0 freq=0; K1 cand=118 freq=118; K2 cand=0 freq=290; K3 cand=0 freq=202; K4 cand=0 freq=22; K5 cand=0 freq=0,bench/results/2026-08-31-3090x2/report.md:71;bench/results/2026-08-31-3090x2/report.md:72;bench/results/2026-08-31-3090x2/report.md:73;bench/results/2026-08-31-3090x2/report.md:74;bench/results/2026-08-31-3090x2/report.md:75;bench/results/2026-08-31-3090x2/report.md:76;bench/results/2026-08-31-3090x2/report.md:77;bench/results/2026-08-31-3090x2/report.md:78;bench/results/2026-08-31-3090x2/report.md:79;bench/results/2026-08-31-3090x2/report.md:80;bench/results/2026-08-31-3090x2/raw.jsonl:10,rerun
bench_smoke_twophase_level_ms,hardware-dependent,ms per K,"Per-K level times (ms) of bench run 'twophase-smoke' (smoke preset, legacy kernel, 2 GPUs, two_phase=True); report.md per-level ms rows share this key.",log:252 / 48 / 120 / 7 / 0 / 2 / 34 / 87 / 5 / K1=251.7; K2=48.4; K3=119.5; K4=6.9; K5=0.1; K1=1.5; K2=33.9; K3=87.1; K4=5.1; K5=0.1,bench/results/2026-08-31-3090x2/report.md:71;bench/results/2026-08-31-3090x2/report.md:72;bench/results/2026-08-31-3090x2/report.md:73;bench/results/2026-08-31-3090x2/report.md:74;bench/results/2026-08-31-3090x2/report.md:75;bench/results/2026-08-31-3090x2/report.md:76;bench/results/2026-08-31-3090x2/report.md:77;bench/results/2026-08-31-3090x2/report.md:78;bench/results/2026-08-31-3090x2/report.md:79;bench/results/2026-08-31-3090x2/report.md:80;bench/results/2026-08-31-3090x2/raw.jsonl:10,hardware
bench_stress_k2_legacy_1g_levels,deterministic,candidates/frequent per K,"Per-K n_candidates / n_frequent of bench run 'stressk2-legacy-1g' (stress_k2 preset, legacy kernel, 1 GPU, max_length=3, sampled prefilter on (lossy)); n_frequent is the preset's exact per-K count, n_candidates depends on the code path (0 where the path does not count candidates); report.md per-level count rows share this key.","log:K1: candidates=35,000; frequent=35,000 / K2: candidates=612,482,500; frequent=1,660,332 / K3: candidates=1,301,153; frequent=1,301,153 / K1 cand=35000 freq=35000; K2 cand=612482500 freq=1660332; K3 cand=1301153 freq=1301153",bench/results/2026-08-31-3090x2/report.md:86;bench/results/2026-08-31-3090x2/report.md:87;bench/results/2026-08-31-3090x2/report.md:88;bench/results/2026-08-31-3090x2/raw.jsonl:1,rerun
bench_stress_k2_legacy_1g_level_ms,hardware-dependent,ms per K,"Per-K level times (ms) of bench run 'stressk2-legacy-1g' (stress_k2 preset, legacy kernel, 1 GPU, max_length=3, sampled prefilter on (lossy)); report.md per-level ms rows share this key.",log:72 / 175580 / 2046663 / K1=71.9; K2=175580.2; K3=2046663.2,bench/results/2026-08-31-3090x2/report.md:86;bench/results/2026-08-31-3090x2/report.md:87;bench/results/2026-08-31-3090x2/report.md:88;bench/results/2026-08-31-3090x2/raw.jsonl:1,hardware
sw_bench_cupy_version,software,version,"CuPy version asserted in FINDINGS.md for the bench campaigns (14.1.1; the row also restates driver 580.159.03 and 'no P2P - NCCL over SHM'); env.txt has no pip freeze, so it is not machine-verifiable.",log:580.159.03 / CuPy 14.1.1,bench/results/2026-08-31-3090x2/FINDINGS.md:5,setup
bench_tier_equivalence_legs,deterministic,legs passed/total,Tier-equivalence chain result on the smoke preset (7/7 on 2026-08-31; 9/9 on 2026-09-01 after the single- and multi-GPU sparse-CSR legs were added).,log:7/7 / 9/9,bench/results/2026-08-31-3090x2/FINDINGS.md:10;bench/results/2026-09-01-3090x2-sparse/FINDINGS.md:11,rerun
bench_gpu_test_suite_result,software,tests,Full GPU pytest suite result on the bench box (114 passed / 0 failed).,log:114 passed / 0 failed,bench/results/2026-08-31-3090x2/FINDINGS.md:13,rerun
bench_stress_k2_shared_vs_legacy_1g_speedup,hardware-dependent,x,Shared vs legacy kernel speedup on stress_k2 with 1 GPU (2238.8 s -> 253.3 s = 8.8x); the FINDINGS heading '8.8x / 16.3x' is keyed here (its second number is the 2-GPU key).,log:8.8× / 16.3× / 2238.8 s legacy → 253.3 s shared (±1 s over 3 reps); 8.8×,bench/results/2026-08-31-3090x2/FINDINGS.md:22;bench/results/2026-08-31-3090x2/FINDINGS.md:30,hardware
bench_stress_k2_preset_params,method-parameter,preset params,"Parameters of the stress_k2 synthetic preset: 2,000,000 transactions x 35,000 items, min_count 30, mined to K=3.","log:2,000,000 transactions × 35,000 items; min_count 30; K=3",bench/results/2026-08-31-3090x2/FINDINGS.md:24,setup
bench_stress_k2_ml3_candidates_total,deterministic,candidates,"Candidate counts of the exact stress_k2 max_length=3 mining per FINDINGS: 612M at K=2 and ~76 billion at K=3 (raw.jsonl reports 612,482,500 K=2 candidates).",log:612M K=2 candidates; ~76 billion K=3 candidates,bench/results/2026-08-31-3090x2/FINDINGS.md:25,derived
bench_stress_k2_shared_throughput_counts_s,hardware-dependent,support counts/s,"Exact support-count throughput of the shared kernel on stress_k2 (~300M/s on one 3090, ~630M/s on two).",log:≈300M counts/s (1 GPU); ≈630M counts/s (2 GPUs),bench/results/2026-08-31-3090x2/FINDINGS.md:33,hardware
sw_shared_kernel_min_pairs,method-parameter,pairs,Design constant: prefix groups with fewer than 64 pairs are routed to the legacy kernel.,log:64,bench/results/2026-08-31-3090x2/FINDINGS.md:37,setup
bench_stress_k2_legacy_1g_k3_deficit,deterministic,itemsets,"K=3 itemsets missed by the sampled-prefilter legacy-1g stress_k2 run vs the seven exact configs (9,285 = 3,005,770 - 2,996,485; -0.7% of that level).","log:9,285 fewer K=3 itemsets (−0.7%)",bench/results/2026-08-31-3090x2/FINDINGS.md:43,derived
sw_prefilter_reject_factor,method-parameter,x min_count,The sampled prefilter rejected candidates whose sampled estimate was < 0.7 x min_count without exact recount (the lossy prefilter later deleted in commit e84c9d3).,log:0.7×min_count,bench/results/2026-08-31-3090x2/FINDINGS.md:45,setup
sw_sparse_crossover_rule,method-parameter,rule,Dense-bitvector to sparse-CSR crossover rule: switch when mean support < n/32 (FINDINGS 2026-08-31 and README).,log:n/32,bench/results/2026-08-31-3090x2/FINDINGS.md:60;README.md:204,setup
bench_deep_k_density_auto_host_rebuild_s,hardware-dependent,s per level,"Host-side tidset rebuild cost per level in the 2026-08-31 density-auto deep_k run (~2.5 s per level, 84% of level time).",log:~2.5 s per level / ~2.5 s per level (84%),bench/results/2026-08-31-3090x2/FINDINGS.md:66;bench/results/2026-09-01-3090x2-sparse/FINDINGS.md:29,hardware
bench_stress_k2_filter_cpu_d2h_gb,hardware-dependent,GB,Full-array device-to-host transfer volume of the cpu filter impl on stress_k2 (2.4 GB).,log:2.4 GB,bench/results/2026-08-31-3090x2/FINDINGS.md:74,derived
doc_bench_findings_d2h_scale_gb,method-parameter,GB,"FINDINGS statement: the compact filter is structurally required at the 80 GB-D2H scale, which the bench box cannot reach.",log:80 GB,bench/results/2026-08-31-3090x2/FINDINGS.md:75,setup
meta_log_bench_0901_git_sha,software,git sha,git HEAD recorded in env.txt of the 2026-09-01 sparse-CSR follow-up campaign (b8a5032b...).,log:b8a5032b3e2c492dbc9e185ec24f0aa6b0206b4f,bench/results/2026-09-01-3090x2-sparse/env.txt:2,setup
meta_log_bench_0901_nvidia_smi_timestamp,hardware-dependent,timestamp,nvidia-smi banner timestamp of the 2026-09-01 bench env capture.,log:Tue Sep  1 20:09:15 2026,bench/results/2026-09-01-3090x2-sparse/env.txt:6,setup
bench_campaign_0901_runs_status,deterministic,runs,Run status of the 2026-09-01 sparse-CSR follow-up campaign (13 ok / 0 failed; 'all 13 deep_k configs').,log:13 ok / 0 failed / 13,bench/results/2026-09-01-3090x2-sparse/report.md:3;bench/results/2026-09-01-3090x2-sparse/FINDINGS.md:13,rerun
bench_deep_k_density_auto_1g_wall_s,hardware-dependent,s,"Wall-clock seconds of bench run 'deepk-density-auto-1g' (deep_k preset, legacy kernel, sparse_from_k=auto, 1 GPU (2026-09-01 only)) on the 2x RTX 3090 box; raw.jsonl wall_s per rep and the report.md median/min over reps share this key (the 2026-08-31 and 2026-09-01 campaigns ran different commits, see the file column).",log:0.7 / 0.710 s; legacy-1g 0.584 s; 1.22× / 0.7 s / 0.71,bench/results/2026-09-01-3090x2-sparse/report.md:10;bench/results/2026-09-01-3090x2-sparse/FINDINGS.md:35;bench/results/2026-09-01-3090x2-sparse/FINDINGS.md:80;bench/results/2026-09-01-3090x2-sparse/raw.jsonl:3,hardware
bench_deep_k_density_auto_1g_peak_vram_mb,hardware-dependent,MB,"Peak VRAM per GPU (MB) of bench run 'deepk-density-auto-1g' (deep_k preset, legacy kernel, sparse_from_k=auto, 1 GPU (2026-09-01 only)).",log:680 / GPU0=680; GPU1=4,bench/results/2026-09-01-3090x2-sparse/report.md:10;bench/results/2026-09-01-3090x2-sparse/raw.jsonl:3,hardware
bench_deep_k_density_auto_1g_params,method-parameter,run config,"Run configuration of bench run 'deepk-density-auto-1g' (deep_k preset, legacy kernel, sparse_from_k=auto, 1 GPU (2026-09-01 only)): preset, env knobs, n_gpus, sparse_from_k, max_length, two_phase, timeout (raw.jsonl); the report.md gpus/reps/variant/filter cells share this key.","log:gpus=1; reps=1; variant=legacy; preset=deep_k / preset=deep_k; env={'ET_MINER_KERNEL_VARIANT': 'legacy', 'CUDA_VISIBLE_DEVICES': '0'}; n_gpus=1; sparse_from_k=auto; max_length=None; min_support=None; two_phase=False; timeout_s=1800",bench/results/2026-09-01-3090x2-sparse/report.md:10;bench/results/2026-09-01-3090x2-sparse/raw.jsonl:3,setup
bench_deep_k_shared_2g_levels,deterministic,candidates/frequent per K,"Per-K n_candidates / n_frequent of bench run 'deepk-shared-2g' (deep_k preset, shared/tiled kernel, 2 GPUs, 3 reps); n_frequent is the preset's exact per-K count, n_candidates depends on the code path (0 where the path does not count candidates); report.md per-level count rows share this key.",log:K1: candidates=112; frequent=112 / K2: candidates=0; frequent=471 / K3: candidates=0; frequent=901 / K4: candidates=0; frequent=1407 / K5: candidates=0; frequent=1854 / K6: candidates=0; frequent=1848 / K7: candidates=0; frequent=1320 / K8: candidates=0; frequent=660 / K9: candidates=0; frequent=220 / K10: candidates=0; frequent=44 / K11: candidates=0; frequent=4 / K1 cand=112 freq=112; K2 cand=0 freq=471; K3 cand=0 freq=901; K4 cand=0 freq=1407; K5 cand=0 freq=1854; K6 cand=0 freq=1848; K7 cand=0 freq=1320; K8 cand=0 freq=660; K9 cand=0 freq=220; K10 cand=0 freq=44; K11 cand=0 freq=4,bench/results/2026-09-01-3090x2-sparse/report.md:31;bench/results/2026-09-01-3090x2-sparse/report.md:32;bench/results/2026-09-01-3090x2-sparse/report.md:33;bench/results/2026-09-01-3090x2-sparse/report.md:34;bench/results/2026-09-01-3090x2-sparse/report.md:35;bench/results/2026-09-01-3090x2-sparse/report.md:36;bench/results/2026-09-01-3090x2-sparse/report.md:37;bench/results/2026-09-01-3090x2-sparse/report.md:38;bench/results/2026-09-01-3090x2-sparse/report.md:39;bench/results/2026-09-01-3090x2-sparse/report.md:40;bench/results/2026-09-01-3090x2-sparse/report.md:41;bench/results/2026-08-31-3090x2/raw.jsonl:20;bench/results/2026-08-31-3090x2/raw.jsonl:24;bench/results/2026-08-31-3090x2/raw.jsonl:28;bench/results/2026-09-01-3090x2-sparse/raw.jsonl:9;bench/results/2026-09-01-3090x2-sparse/raw.jsonl:11;bench/results/2026-09-01-3090x2-sparse/raw.jsonl:13,rerun
bench_deep_k_shared_2g_level_ms,hardware-dependent,ms per K,"Per-K level times (ms) of bench run 'deepk-shared-2g' (deep_k preset, shared/tiled kernel, 2 GPUs, 3 reps); report.md per-level ms rows share this key.",log:25 / 50 / 7 / 9 / 6 / 3 / 2 / K1=26.4; K2=50.6; K3=6.7; K4=8.3; K5=6.0; K6=2.7; K7=2.5; K8=2.8; K9=2.1; K10=4.5; K11=2.0 / K1=26.3; K2=48.9; K3=6.2; K4=9.3; K5=5.4; K6=2.5; K7=2.5; K8=2.2; K9=2.0; K10=2.0; K11=2.2 / K1=26.4; K2=49.2; K3=6.8; K4=8.4; K5=5.6; K6=2.9; K7=2.5; K8=2.3; K9=2.1; K10=2.2; K11=2.1 / K1=26.4; K2=49.1; K3=7.2; K4=9.1; K5=5.4; K6=2.5; K7=2.6; K8=2.3; K9=2.6; K10=1.9; K11=1.9 / K1=26.3; K2=48.8; K3=7.6; K4=9.5; K5=5.4; K6=2.6; K7=2.5; K8=2.2; K9=1.9; K10=2.2; K11=2.0 / K1=25.3; K2=50.1; K3=6.8; K4=8.5; K5=5.5; K6=2.5; K7=2.5; K8=2.2; K9=2.1; K10=2.0; K11=2.4,bench/results/2026-09-01-3090x2-sparse/report.md:31;bench/results/2026-09-01-3090x2-sparse/report.md:32;bench/results/2026-09-01-3090x2-sparse/report.md:33;bench/results/2026-09-01-3090x2-sparse/report.md:34;bench/results/2026-09-01-3090x2-sparse/report.md:35;bench/results/2026-09-01-3090x2-sparse/report.md:36;bench/results/2026-09-01-3090x2-sparse/report.md:37;bench/results/2026-09-01-3090x2-sparse/report.md:38;bench/results/2026-09-01-3090x2-sparse/report.md:39;bench/results/2026-09-01-3090x2-sparse/report.md:40;bench/results/2026-09-01-3090x2-sparse/report.md:41;bench/results/2026-08-31-3090x2/raw.jsonl:20;bench/results/2026-08-31-3090x2/raw.jsonl:24;bench/results/2026-08-31-3090x2/raw.jsonl:28;bench/results/2026-09-01-3090x2-sparse/raw.jsonl:9;bench/results/2026-09-01-3090x2-sparse/raw.jsonl:11;bench/results/2026-09-01-3090x2-sparse/raw.jsonl:13,hardware
sw_tier_equivalence_sparse_from_k,method-parameter,K,sparse_from_k=3 used for the sparse-CSR legs of the tier-equivalence test on the smoke preset (CLAUDE.md).,log:sparse_from_k=3,bench/results/2026-09-01-3090x2-sparse/FINDINGS.md:12,setup
bench_deep_k_exact_n_itemsets,deterministic,itemsets,Total frequent itemsets of the deep_k synthetic preset; identical across all exact deep_k configs of both campaigns (tier-equivalence signature 8841 / 266261275 / 4d2c8d28...).,log:8841,bench/results/2026-09-01-3090x2-sparse/FINDINGS.md:15;bench/results/2026-08-31-3090x2/raw.jsonl:2;bench/results/2026-08-31-3090x2/raw.jsonl:6;bench/results/2026-08-31-3090x2/raw.jsonl:7;bench/results/2026-08-31-3090x2/raw.jsonl:8;bench/results/2026-08-31-3090x2/raw.jsonl:9;bench/results/2026-08-31-3090x2/raw.jsonl:17;bench/results/2026-08-31-3090x2/raw.jsonl:19;bench/results/2026-08-31-3090x2/raw.jsonl:20;bench/results/2026-08-31-3090x2/raw.jsonl:22;bench/results/2026-08-31-3090x2/raw.jsonl:24;bench/results/2026-08-31-3090x2/raw.jsonl:26;bench/results/2026-08-31-3090x2/raw.jsonl:28;bench/results/2026-09-01-3090x2-sparse/raw.jsonl:1;bench/results/2026-09-01-3090x2-sparse/raw.jsonl:2;bench/results/2026-09-01-3090x2-sparse/raw.jsonl:3;bench/results/2026-09-01-3090x2-sparse/raw.jsonl:4;bench/results/2026-09-01-3090x2-sparse/raw.jsonl:5;bench/results/2026-09-01-3090x2-sparse/raw.jsonl:6;bench/results/2026-09-01-3090x2-sparse/raw.jsonl:7;bench/results/2026-09-01-3090x2-sparse/raw.jsonl:8;bench/results/2026-09-01-3090x2-sparse/raw.jsonl:9;bench/results/2026-09-01-3090x2-sparse/raw.jsonl:10;bench/results/2026-09-01-3090x2-sparse/raw.jsonl:11;bench/results/2026-09-01-3090x2-sparse/raw.jsonl:12;bench/results/2026-09-01-3090x2-sparse/raw.jsonl:13,rerun
bench_deep_k_exact_sum_counts,deterministic,sum of supports,sum_counts (sum of itemset supports) of the deep_k synthetic preset; identical across all exact deep_k configs of both campaigns (tier-equivalence signature 8841 / 266261275 / 4d2c8d28...).,log:266261275,bench/results/2026-09-01-3090x2-sparse/FINDINGS.md:15;bench/results/2026-08-31-3090x2/raw.jsonl:2;bench/results/2026-08-31-3090x2/raw.jsonl:6;bench/results/2026-08-31-3090x2/raw.jsonl:7;bench/results/2026-08-31-3090x2/raw.jsonl:8;bench/results/2026-08-31-3090x2/raw.jsonl:9;bench/results/2026-08-31-3090x2/raw.jsonl:17;bench/results/2026-08-31-3090x2/raw.jsonl:19;bench/results/2026-08-31-3090x2/raw.jsonl:20;bench/results/2026-08-31-3090x2/raw.jsonl:22;bench/results/2026-08-31-3090x2/raw.jsonl:24;bench/results/2026-08-31-3090x2/raw.jsonl:26;bench/results/2026-08-31-3090x2/raw.jsonl:28;bench/results/2026-09-01-3090x2-sparse/raw.jsonl:1;bench/results/2026-09-01-3090x2-sparse/raw.jsonl:2;bench/results/2026-09-01-3090x2-sparse/raw.jsonl:3;bench/results/2026-09-01-3090x2-sparse/raw.jsonl:4;bench/results/2026-09-01-3090x2-sparse/raw.jsonl:5;bench/results/2026-09-01-3090x2-sparse/raw.jsonl:6;bench/results/2026-09-01-3090x2-sparse/raw.jsonl:7;bench/results/2026-09-01-3090x2-sparse/raw.jsonl:8;bench/results/2026-09-01-3090x2-sparse/raw.jsonl:9;bench/results/2026-09-01-3090x2-sparse/raw.jsonl:10;bench/results/2026-09-01-3090x2-sparse/raw.jsonl:11;bench/results/2026-09-01-3090x2-sparse/raw.jsonl:12;bench/results/2026-09-01-3090x2-sparse/raw.jsonl:13,rerun
bench_deep_k_exact_itemset_hash,deterministic,sha256,SHA-256 itemset_hash of the deep_k synthetic preset; identical across all exact deep_k configs of both campaigns (tier-equivalence signature 8841 / 266261275 / 4d2c8d28...).,log:4d2c8d28bcd33cd6… / 4d2c8d28bcd33cd61f763915e42cb60c0f60f16e1ffec2af32a887faabf47567,bench/results/2026-09-01-3090x2-sparse/FINDINGS.md:16;bench/results/2026-08-31-3090x2/raw.jsonl:2;bench/results/2026-08-31-3090x2/raw.jsonl:6;bench/results/2026-08-31-3090x2/raw.jsonl:7;bench/results/2026-08-31-3090x2/raw.jsonl:8;bench/results/2026-08-31-3090x2/raw.jsonl:9;bench/results/2026-08-31-3090x2/raw.jsonl:17;bench/results/2026-08-31-3090x2/raw.jsonl:19;bench/results/2026-08-31-3090x2/raw.jsonl:20;bench/results/2026-08-31-3090x2/raw.jsonl:22;bench/results/2026-08-31-3090x2/raw.jsonl:24;bench/results/2026-08-31-3090x2/raw.jsonl:26;bench/results/2026-08-31-3090x2/raw.jsonl:28;bench/results/2026-09-01-3090x2-sparse/raw.jsonl:1;bench/results/2026-09-01-3090x2-sparse/raw.jsonl:2;bench/results/2026-09-01-3090x2-sparse/raw.jsonl:3;bench/results/2026-09-01-3090x2-sparse/raw.jsonl:4;bench/results/2026-09-01-3090x2-sparse/raw.jsonl:5;bench/results/2026-09-01-3090x2-sparse/raw.jsonl:6;bench/results/2026-09-01-3090x2-sparse/raw.jsonl:7;bench/results/2026-09-01-3090x2-sparse/raw.jsonl:8;bench/results/2026-09-01-3090x2-sparse/raw.jsonl:9;bench/results/2026-09-01-3090x2-sparse/raw.jsonl:10;bench/results/2026-09-01-3090x2-sparse/raw.jsonl:11;bench/results/2026-09-01-3090x2-sparse/raw.jsonl:12;bench/results/2026-09-01-3090x2-sparse/raw.jsonl:13,rerun
bench_deep_k_density_auto_pair_build_ms,hardware-dependent,ms per level,Pair-building time per level in the 2026-08-31 density-auto deep_k run (~30 ms).,log:~30 ms per level,bench/results/2026-09-01-3090x2-sparse/FINDINGS.md:28,hardware
bench_deep_k_density_auto_transition_k,method-parameter,K,Level from which the sparse path runs in the deep_k density-auto run (K=5).,log:K=5,bench/results/2026-09-01-3090x2-sparse/FINDINGS.md:37,derived
bench_deep_k_density_auto_level_speedup,hardware-dependent,x,Per-level speedup of the 2026-09-01 GPU-resident sparse levels over the 2026-08-31 host rebuild (~700x).,log:~700×,bench/results/2026-09-01-3090x2-sparse/FINDINGS.md:49,hardware
bench_deep_k_density_auto_transition_mb,deterministic,MB,Memory at the dense->sparse transition on deep_k: 156 MB tidsets vs 168 MB bitvecs.,log:156 MB tidsets vs 168 MB bitvecs,bench/results/2026-09-01-3090x2-sparse/FINDINGS.md:64,derived
bench_deep_k_density_auto_1g_level_ms,hardware-dependent,ms per K,"Per-K level times (ms) of bench run 'deepk-density-auto-1g' (deep_k preset, legacy kernel, sparse_from_k=auto, 1 GPU (2026-09-01 only)); report.md per-level ms rows share this key.","log:~11–15 ms sparse vs ~2–11 ms dense (K=6–9, 1 GPU) / K1=11.4; K2=2.9; K3=6.5; K4=7.9; K5=74.1; K6=14.7; K7=13.4; K8=11.1; K9=10.8; K10=8.9; K11=2.8",bench/results/2026-09-01-3090x2-sparse/FINDINGS.md:76;bench/results/2026-09-01-3090x2-sparse/raw.jsonl:3,hardware
bench_stress_k2_legacy_1g_throttle_flags,hardware-dependent,nvml flags,"NVML throttle-reason flags recorded during bench run 'stressk2-legacy-1g' (stress_k2 preset, legacy kernel, 1 GPU, max_length=3, sampled prefilter on (lossy)).","log:0x0000000000000001, 0x0000000000000004",bench/results/2026-08-31-3090x2/raw.jsonl:1,hardware
bench_stress_k2_legacy_1g_n_itemsets,deterministic,itemsets,"Total frequent itemsets of the stress_k2 preset, max_length=3, single-GPU legacy path with the sampled prefilter ON - lossy: 2996485 / 314055259 / 0b3e8434..., 9,285 fewer K=3 itemsets than the exact ml3 signature.",log:2996485,bench/results/2026-08-31-3090x2/raw.jsonl:1,rerun
bench_stress_k2_legacy_1g_sum_counts,deterministic,sum of supports,"sum_counts (sum of itemset supports) of the stress_k2 preset, max_length=3, single-GPU legacy path with the sampled prefilter ON - lossy: 2996485 / 314055259 / 0b3e8434..., 9,285 fewer K=3 itemsets than the exact ml3 signature.",log:314055259,bench/results/2026-08-31-3090x2/raw.jsonl:1,rerun
bench_stress_k2_legacy_1g_itemset_hash,deterministic,sha256,"SHA-256 itemset_hash of the stress_k2 preset, max_length=3, single-GPU legacy path with the sampled prefilter ON - lossy: 2996485 / 314055259 / 0b3e8434..., 9,285 fewer K=3 itemsets than the exact ml3 signature.",log:0b3e8434997fd3b1ec1e95357857b6d575988d0f4d32f478710738887828aca6,bench/results/2026-08-31-3090x2/raw.jsonl:1,rerun
bench_deep_k_legacy_1g_throttle_flags,hardware-dependent,nvml flags,"NVML throttle-reason flags recorded during bench run 'deepk-legacy-1g' (deep_k preset, legacy kernel, 1 GPU).",log:0x0000000000000001,bench/results/2026-08-31-3090x2/raw.jsonl:2;bench/results/2026-09-01-3090x2-sparse/raw.jsonl:6,hardware
bench_deep_k_legacy_1g_levels,deterministic,candidates/frequent per K,"Per-K n_candidates / n_frequent of bench run 'deepk-legacy-1g' (deep_k preset, legacy kernel, 1 GPU); n_frequent is the preset's exact per-K count, n_candidates depends on the code path (0 where the path does not count candidates); report.md per-level count rows share this key.",log:K1 cand=112 freq=112; K2 cand=6216 freq=471; K3 cand=901 freq=901; K4 cand=1407 freq=1407; K5 cand=1854 freq=1854; K6 cand=1848 freq=1848; K7 cand=1320 freq=1320; K8 cand=660 freq=660; K9 cand=220 freq=220; K10 cand=44 freq=44; K11 cand=4 freq=4,bench/results/2026-08-31-3090x2/raw.jsonl:2;bench/results/2026-09-01-3090x2-sparse/raw.jsonl:6,rerun
bench_deep_k_legacy_1g_level_ms,hardware-dependent,ms per K,"Per-K level times (ms) of bench run 'deepk-legacy-1g' (deep_k preset, legacy kernel, 1 GPU); report.md per-level ms rows share this key.",log:K1=11.7; K2=3.4; K3=6.0; K4=7.9; K5=10.4; K6=12.3; K7=9.0; K8=5.0; K9=2.1; K10=0.8; K11=0.4 / K1=11.4; K2=2.9; K3=6.1; K4=8.3; K5=10.4; K6=11.2; K7=10.1; K8=4.9; K9=2.1; K10=0.8; K11=0.4,bench/results/2026-08-31-3090x2/raw.jsonl:2;bench/results/2026-09-01-3090x2-sparse/raw.jsonl:6,hardware
bench_stress_k2_filter_compact_throttle_flags,hardware-dependent,nvml flags,"NVML throttle-reason flags recorded during bench run 'stressk2-filter-compact' (stress_k2 preset, legacy kernel, 2 GPUs, max_length=2, ET_MINER_FILTER_IMPL=compact).","log:0x0000000000000001, 0x0000000000000004",bench/results/2026-08-31-3090x2/raw.jsonl:3,hardware
bench_stress_k2_ml2_n_itemsets,deterministic,itemsets,Total frequent itemsets of the stress_k2 preset mined to max_length=2 (the three ET_MINER_FILTER_IMPL runs; 1695332 / 218250884 / 8d989bfc...).,log:1695332,bench/results/2026-08-31-3090x2/raw.jsonl:3;bench/results/2026-08-31-3090x2/raw.jsonl:4;bench/results/2026-08-31-3090x2/raw.jsonl:5,rerun
bench_stress_k2_ml2_sum_counts,deterministic,sum of supports,sum_counts (sum of itemset supports) of the stress_k2 preset mined to max_length=2 (the three ET_MINER_FILTER_IMPL runs; 1695332 / 218250884 / 8d989bfc...).,log:218250884,bench/results/2026-08-31-3090x2/raw.jsonl:3;bench/results/2026-08-31-3090x2/raw.jsonl:4;bench/results/2026-08-31-3090x2/raw.jsonl:5,rerun
bench_stress_k2_ml2_itemset_hash,deterministic,sha256,SHA-256 itemset_hash of the stress_k2 preset mined to max_length=2 (the three ET_MINER_FILTER_IMPL runs; 1695332 / 218250884 / 8d989bfc...).,log:8d989bfcc6e5c745f67108a9b76aacdbe7ae7929ae1df9a0b96a5d2f9dfba006,bench/results/2026-08-31-3090x2/raw.jsonl:3;bench/results/2026-08-31-3090x2/raw.jsonl:4;bench/results/2026-08-31-3090x2/raw.jsonl:5,rerun
bench_stress_k2_filter_compact_levels,deterministic,candidates/frequent per K,"Per-K n_candidates / n_frequent of bench run 'stressk2-filter-compact' (stress_k2 preset, legacy kernel, 2 GPUs, max_length=2, ET_MINER_FILTER_IMPL=compact); n_frequent is the preset's exact per-K count, n_candidates depends on the code path (0 where the path does not count candidates); report.md per-level count rows share this key.",log:K1 cand=35000 freq=35000; K2 cand=0 freq=1660332,bench/results/2026-08-31-3090x2/raw.jsonl:3,rerun
bench_stress_k2_filter_compact_level_ms,hardware-dependent,ms per K,"Per-K level times (ms) of bench run 'stressk2-filter-compact' (stress_k2 preset, legacy kernel, 2 GPUs, max_length=2, ET_MINER_FILTER_IMPL=compact); report.md per-level ms rows share this key.",log:K1=40.9; K2=86424.3,bench/results/2026-08-31-3090x2/raw.jsonl:3,hardware
bench_stress_k2_filter_cupy_throttle_flags,hardware-dependent,nvml flags,"NVML throttle-reason flags recorded during bench run 'stressk2-filter-cupy' (stress_k2 preset, legacy kernel, 2 GPUs, max_length=2, ET_MINER_FILTER_IMPL=cupy).","log:0x0000000000000001, 0x0000000000000004",bench/results/2026-08-31-3090x2/raw.jsonl:4,hardware
bench_stress_k2_filter_cupy_levels,deterministic,candidates/frequent per K,"Per-K n_candidates / n_frequent of bench run 'stressk2-filter-cupy' (stress_k2 preset, legacy kernel, 2 GPUs, max_length=2, ET_MINER_FILTER_IMPL=cupy); n_frequent is the preset's exact per-K count, n_candidates depends on the code path (0 where the path does not count candidates); report.md per-level count rows share this key.",log:K1 cand=35000 freq=35000; K2 cand=0 freq=1660332,bench/results/2026-08-31-3090x2/raw.jsonl:4,rerun
bench_stress_k2_filter_cupy_level_ms,hardware-dependent,ms per K,"Per-K level times (ms) of bench run 'stressk2-filter-cupy' (stress_k2 preset, legacy kernel, 2 GPUs, max_length=2, ET_MINER_FILTER_IMPL=cupy); report.md per-level ms rows share this key.",log:K1=41.4; K2=86467.9,bench/results/2026-08-31-3090x2/raw.jsonl:4,hardware
bench_stress_k2_filter_cpu_throttle_flags,hardware-dependent,nvml flags,"NVML throttle-reason flags recorded during bench run 'stressk2-filter-cpu' (stress_k2 preset, legacy kernel, 2 GPUs, max_length=2, ET_MINER_FILTER_IMPL=cpu).","log:0x0000000000000001, 0x0000000000000004",bench/results/2026-08-31-3090x2/raw.jsonl:5,hardware
bench_stress_k2_filter_cpu_levels,deterministic,candidates/frequent per K,"Per-K n_candidates / n_frequent of bench run 'stressk2-filter-cpu' (stress_k2 preset, legacy kernel, 2 GPUs, max_length=2, ET_MINER_FILTER_IMPL=cpu); n_frequent is the preset's exact per-K count, n_candidates depends on the code path (0 where the path does not count candidates); report.md per-level count rows share this key.",log:K1 cand=35000 freq=35000; K2 cand=0 freq=1660332,bench/results/2026-08-31-3090x2/raw.jsonl:5,rerun
bench_stress_k2_filter_cpu_level_ms,hardware-dependent,ms per K,"Per-K level times (ms) of bench run 'stressk2-filter-cpu' (stress_k2 preset, legacy kernel, 2 GPUs, max_length=2, ET_MINER_FILTER_IMPL=cpu); report.md per-level ms rows share this key.",log:K1=52.0; K2=86704.7,bench/results/2026-08-31-3090x2/raw.jsonl:5,hardware
bench_deep_k_nonccl_throttle_flags,hardware-dependent,nvml flags,"NVML throttle-reason flags recorded during bench run 'deepk-nonccl' (deep_k preset, legacy kernel, 2 GPUs, ET_MINER_DISABLE_NCCL=1 (staged D2D fallback)).",log:(none) / 0x0000000000000001,bench/results/2026-08-31-3090x2/raw.jsonl:6;bench/results/2026-09-01-3090x2-sparse/raw.jsonl:1,hardware
bench_deep_k_nonccl_levels,deterministic,candidates/frequent per K,"Per-K n_candidates / n_frequent of bench run 'deepk-nonccl' (deep_k preset, legacy kernel, 2 GPUs, ET_MINER_DISABLE_NCCL=1 (staged D2D fallback)); n_frequent is the preset's exact per-K count, n_candidates depends on the code path (0 where the path does not count candidates); report.md per-level count rows share this key.",log:K1 cand=112 freq=112; K2 cand=0 freq=471; K3 cand=0 freq=901; K4 cand=0 freq=1407; K5 cand=0 freq=1854; K6 cand=0 freq=1848; K7 cand=0 freq=1320; K8 cand=0 freq=660; K9 cand=0 freq=220; K10 cand=0 freq=44; K11 cand=0 freq=4,bench/results/2026-08-31-3090x2/raw.jsonl:6;bench/results/2026-09-01-3090x2-sparse/raw.jsonl:1,rerun
bench_deep_k_nonccl_level_ms,hardware-dependent,ms per K,"Per-K level times (ms) of bench run 'deepk-nonccl' (deep_k preset, legacy kernel, 2 GPUs, ET_MINER_DISABLE_NCCL=1 (staged D2D fallback)); report.md per-level ms rows share this key.",log:K1=20.4; K2=12.8; K3=4.3; K4=4.4; K5=3.1; K6=2.2; K7=2.3; K8=2.2; K9=1.8; K10=2.1; K11=1.7 / K1=22.3; K2=12.5; K3=5.1; K4=3.9; K5=2.8; K6=2.1; K7=2.0; K8=1.8; K9=1.6; K10=1.8; K11=1.7,bench/results/2026-08-31-3090x2/raw.jsonl:6;bench/results/2026-09-01-3090x2-sparse/raw.jsonl:1,hardware
bench_deep_k_density_auto_throttle_flags,hardware-dependent,nvml flags,"NVML throttle-reason flags recorded during bench run 'deepk-density-auto' (deep_k preset, legacy kernel, sparse_from_k=auto, 2 GPUs).",log:(none),bench/results/2026-08-31-3090x2/raw.jsonl:7;bench/results/2026-09-01-3090x2-sparse/raw.jsonl:2,hardware
bench_deep_k_prefilter_off_throttle_flags,hardware-dependent,nvml flags,"NVML throttle-reason flags recorded during bench run 'deepk-prefilter-off' (deep_k preset, legacy kernel, 1 GPU, ET_MINER_DISABLE_PREFILTER=1).",log:(none) / 0x0000000000000001,bench/results/2026-08-31-3090x2/raw.jsonl:8;bench/results/2026-09-01-3090x2-sparse/raw.jsonl:4,hardware
bench_deep_k_prefilter_off_levels,deterministic,candidates/frequent per K,"Per-K n_candidates / n_frequent of bench run 'deepk-prefilter-off' (deep_k preset, legacy kernel, 1 GPU, ET_MINER_DISABLE_PREFILTER=1); n_frequent is the preset's exact per-K count, n_candidates depends on the code path (0 where the path does not count candidates); report.md per-level count rows share this key.",log:K1 cand=112 freq=112; K2 cand=6216 freq=471; K3 cand=901 freq=901; K4 cand=1407 freq=1407; K5 cand=1854 freq=1854; K6 cand=1848 freq=1848; K7 cand=1320 freq=1320; K8 cand=660 freq=660; K9 cand=220 freq=220; K10 cand=44 freq=44; K11 cand=4 freq=4,bench/results/2026-08-31-3090x2/raw.jsonl:8;bench/results/2026-09-01-3090x2-sparse/raw.jsonl:4,rerun
bench_deep_k_prefilter_off_level_ms,hardware-dependent,ms per K,"Per-K level times (ms) of bench run 'deepk-prefilter-off' (deep_k preset, legacy kernel, 1 GPU, ET_MINER_DISABLE_PREFILTER=1); report.md per-level ms rows share this key.",log:K1=11.4; K2=3.4; K3=6.0; K4=7.9; K5=12.4; K6=11.5; K7=9.0; K8=5.2; K9=2.1; K10=0.8; K11=0.4 / K1=11.4; K2=3.0; K3=6.0; K4=8.2; K5=10.5; K6=11.2; K7=9.6; K8=5.0; K9=2.1; K10=0.8; K11=0.4,bench/results/2026-08-31-3090x2/raw.jsonl:8;bench/results/2026-09-01-3090x2-sparse/raw.jsonl:4,hardware
bench_deep_k_single_prefilter_on_throttle_flags,hardware-dependent,nvml flags,"NVML throttle-reason flags recorded during bench run 'deepk-single-prefilter-on' (deep_k preset, legacy kernel, 1 GPU, sampled prefilter on).",log:0x0000000000000001,bench/results/2026-08-31-3090x2/raw.jsonl:9;bench/results/2026-09-01-3090x2-sparse/raw.jsonl:5,hardware
bench_deep_k_single_prefilter_on_levels,deterministic,candidates/frequent per K,"Per-K n_candidates / n_frequent of bench run 'deepk-single-prefilter-on' (deep_k preset, legacy kernel, 1 GPU, sampled prefilter on); n_frequent is the preset's exact per-K count, n_candidates depends on the code path (0 where the path does not count candidates); report.md per-level count rows share this key.",log:K1 cand=112 freq=112; K2 cand=6216 freq=471; K3 cand=901 freq=901; K4 cand=1407 freq=1407; K5 cand=1854 freq=1854; K6 cand=1848 freq=1848; K7 cand=1320 freq=1320; K8 cand=660 freq=660; K9 cand=220 freq=220; K10 cand=44 freq=44; K11 cand=4 freq=4,bench/results/2026-08-31-3090x2/raw.jsonl:9;bench/results/2026-09-01-3090x2-sparse/raw.jsonl:5,rerun
bench_deep_k_single_prefilter_on_level_ms,hardware-dependent,ms per K,"Per-K level times (ms) of bench run 'deepk-single-prefilter-on' (deep_k preset, legacy kernel, 1 GPU, sampled prefilter on); report.md per-level ms rows share this key.",log:K1=11.4; K2=2.9; K3=5.9; K4=7.8; K5=10.4; K6=12.2; K7=8.8; K8=4.9; K9=2.2; K10=0.8; K11=0.4 / K1=11.4; K2=2.9; K3=6.0; K4=7.9; K5=10.3; K6=12.4; K7=9.1; K8=4.9; K9=2.1; K10=0.8; K11=0.4,bench/results/2026-08-31-3090x2/raw.jsonl:9;bench/results/2026-09-01-3090x2-sparse/raw.jsonl:5,hardware
bench_smoke_twophase_throttle_flags,hardware-dependent,nvml flags,"NVML throttle-reason flags recorded during bench run 'twophase-smoke' (smoke preset, legacy kernel, 2 GPUs, two_phase=True).",log:0x0000000000000001,bench/results/2026-08-31-3090x2/raw.jsonl:10,hardware
bench_smoke_twophase_n_itemsets,deterministic,itemsets,"Total frequent itemsets of the two-phase (SON-style) run on the smoke preset, the campaign's only smoke run (632 / 1049580 / ea17ea26...).",log:632,bench/results/2026-08-31-3090x2/raw.jsonl:10,rerun
bench_smoke_twophase_sum_counts,deterministic,sum of supports,"sum_counts (sum of itemset supports) of the two-phase (SON-style) run on the smoke preset, the campaign's only smoke run (632 / 1049580 / ea17ea26...).",log:1049580,bench/results/2026-08-31-3090x2/raw.jsonl:10,rerun
bench_smoke_twophase_itemset_hash,deterministic,sha256,"SHA-256 itemset_hash of the two-phase (SON-style) run on the smoke preset, the campaign's only smoke run (632 / 1049580 / ea17ea26...).",log:ea17ea26fd0e44f735b62a5699d1227477965905ff34068203ac513aaee6deee,bench/results/2026-08-31-3090x2/raw.jsonl:10,rerun
bench_skewed_rows_rows_throttle_flags,hardware-dependent,nvml flags,"NVML throttle-reason flags recorded during bench run 'skew-rows' (skewed_rows preset, legacy kernel, 2 GPUs, ET_MINER_ROW_BALANCE=rows, 2 reps).",log:(none),bench/results/2026-08-31-3090x2/raw.jsonl:11;bench/results/2026-08-31-3090x2/raw.jsonl:13,hardware
bench_skewed_rows_exact_n_itemsets,deterministic,itemsets,Total frequent itemsets of the skewed_rows synthetic preset (rows and nnz balancing; 10350 / 346834073 / 75262446...).,log:10350,bench/results/2026-08-31-3090x2/raw.jsonl:11;bench/results/2026-08-31-3090x2/raw.jsonl:12;bench/results/2026-08-31-3090x2/raw.jsonl:13;bench/results/2026-08-31-3090x2/raw.jsonl:14,rerun
bench_skewed_rows_exact_sum_counts,deterministic,sum of supports,sum_counts (sum of itemset supports) of the skewed_rows synthetic preset (rows and nnz balancing; 10350 / 346834073 / 75262446...).,log:346834073,bench/results/2026-08-31-3090x2/raw.jsonl:11;bench/results/2026-08-31-3090x2/raw.jsonl:12;bench/results/2026-08-31-3090x2/raw.jsonl:13;bench/results/2026-08-31-3090x2/raw.jsonl:14,rerun
bench_skewed_rows_exact_itemset_hash,deterministic,sha256,SHA-256 itemset_hash of the skewed_rows synthetic preset (rows and nnz balancing; 10350 / 346834073 / 75262446...).,log:75262446a1c2b29bbc15e6d36afe23300984e6d46f8483511f055f1a510c2405,bench/results/2026-08-31-3090x2/raw.jsonl:11;bench/results/2026-08-31-3090x2/raw.jsonl:12;bench/results/2026-08-31-3090x2/raw.jsonl:13;bench/results/2026-08-31-3090x2/raw.jsonl:14,rerun
bench_skewed_rows_rows_levels,deterministic,candidates/frequent per K,"Per-K n_candidates / n_frequent of bench run 'skew-rows' (skewed_rows preset, legacy kernel, 2 GPUs, ET_MINER_ROW_BALANCE=rows, 2 reps); n_frequent is the preset's exact per-K count, n_candidates depends on the code path (0 where the path does not count candidates); report.md per-level count rows share this key.",log:K1 cand=118 freq=118; K2 cand=0 freq=717; K3 cand=0 freq=1928; K4 cand=0 freq=2932; K5 cand=0 freq=2683; K6 cand=0 freq=1458; K7 cand=0 freq=443; K8 cand=0 freq=67; K9 cand=0 freq=4,bench/results/2026-08-31-3090x2/raw.jsonl:11;bench/results/2026-08-31-3090x2/raw.jsonl:13,rerun
bench_skewed_rows_rows_level_ms,hardware-dependent,ms per K,"Per-K level times (ms) of bench run 'skew-rows' (skewed_rows preset, legacy kernel, 2 GPUs, ET_MINER_ROW_BALANCE=rows, 2 reps); report.md per-level ms rows share this key.",log:K1=25.7; K2=48.0; K3=6.1; K4=14.7; K5=32.7; K6=41.6; K7=20.8; K8=5.9; K9=2.1 / K1=26.4; K2=49.0; K3=6.7; K4=15.4; K5=32.7; K6=38.5; K7=23.9; K8=5.1; K9=2.1,bench/results/2026-08-31-3090x2/raw.jsonl:11;bench/results/2026-08-31-3090x2/raw.jsonl:13,hardware
bench_skewed_rows_nnz_throttle_flags,hardware-dependent,nvml flags,"NVML throttle-reason flags recorded during bench run 'skew-nnz' (skewed_rows preset, legacy kernel, 2 GPUs, ET_MINER_ROW_BALANCE=nnz, 2 reps).",log:(none),bench/results/2026-08-31-3090x2/raw.jsonl:12;bench/results/2026-08-31-3090x2/raw.jsonl:14,hardware
bench_stress_k2_legacy_2g_throttle_flags,hardware-dependent,nvml flags,"NVML throttle-reason flags recorded during bench run 'stressk2-legacy-2g' (stress_k2 preset, legacy kernel, 2 GPUs, max_length=3).","log:0x0000000000000001, 0x0000000000000004, 0x0000000000000020, 0x0000000000000024",bench/results/2026-08-31-3090x2/raw.jsonl:15,hardware
bench_stress_k2_ml3_n_itemsets,deterministic,itemsets,"Total frequent itemsets of the stress_k2 preset mined exactly to max_length=3 (legacy-2g, shared-1g, shared-2g; 3005770 / 314350393 / a6d53e9a...).",log:3005770,bench/results/2026-08-31-3090x2/raw.jsonl:15;bench/results/2026-08-31-3090x2/raw.jsonl:16;bench/results/2026-08-31-3090x2/raw.jsonl:18;bench/results/2026-08-31-3090x2/raw.jsonl:21;bench/results/2026-08-31-3090x2/raw.jsonl:23;bench/results/2026-08-31-3090x2/raw.jsonl:25;bench/results/2026-08-31-3090x2/raw.jsonl:27,rerun
bench_stress_k2_ml3_sum_counts,deterministic,sum of supports,"sum_counts (sum of itemset supports) of the stress_k2 preset mined exactly to max_length=3 (legacy-2g, shared-1g, shared-2g; 3005770 / 314350393 / a6d53e9a...).",log:314350393,bench/results/2026-08-31-3090x2/raw.jsonl:15;bench/results/2026-08-31-3090x2/raw.jsonl:16;bench/results/2026-08-31-3090x2/raw.jsonl:18;bench/results/2026-08-31-3090x2/raw.jsonl:21;bench/results/2026-08-31-3090x2/raw.jsonl:23;bench/results/2026-08-31-3090x2/raw.jsonl:25;bench/results/2026-08-31-3090x2/raw.jsonl:27,rerun
bench_stress_k2_ml3_itemset_hash,deterministic,sha256,"SHA-256 itemset_hash of the stress_k2 preset mined exactly to max_length=3 (legacy-2g, shared-1g, shared-2g; 3005770 / 314350393 / a6d53e9a...).",log:a6d53e9a5e1b44a78dc01b5d23a8ebfdd0e800c0c716bef8a476f0ba0540fe2a,bench/results/2026-08-31-3090x2/raw.jsonl:15;bench/results/2026-08-31-3090x2/raw.jsonl:16;bench/results/2026-08-31-3090x2/raw.jsonl:18;bench/results/2026-08-31-3090x2/raw.jsonl:21;bench/results/2026-08-31-3090x2/raw.jsonl:23;bench/results/2026-08-31-3090x2/raw.jsonl:25;bench/results/2026-08-31-3090x2/raw.jsonl:27,rerun
bench_stress_k2_legacy_2g_levels,deterministic,candidates/frequent per K,"Per-K n_candidates / n_frequent of bench run 'stressk2-legacy-2g' (stress_k2 preset, legacy kernel, 2 GPUs, max_length=3); n_frequent is the preset's exact per-K count, n_candidates depends on the code path (0 where the path does not count candidates); report.md per-level count rows share this key.",log:K1 cand=35000 freq=35000; K2 cand=0 freq=1660332; K3 cand=0 freq=1310438,bench/results/2026-08-31-3090x2/raw.jsonl:15,rerun
bench_stress_k2_legacy_2g_level_ms,hardware-dependent,ms per K,"Per-K level times (ms) of bench run 'stressk2-legacy-2g' (stress_k2 preset, legacy kernel, 2 GPUs, max_length=3); report.md per-level ms rows share this key.",log:K1=42.5; K2=86439.6; K3=1906847.2,bench/results/2026-08-31-3090x2/raw.jsonl:15,hardware
bench_stress_k2_shared_1g_throttle_flags,hardware-dependent,nvml flags,"NVML throttle-reason flags recorded during bench run 'stressk2-shared-1g' (stress_k2 preset, shared/tiled kernel, 1 GPU, max_length=3, 3 reps).","log:0x0000000000000001, 0x0000000000000004, 0x0000000000000020, 0x0000000000000024 / 0x0000000000000001, 0x0000000000000004",bench/results/2026-08-31-3090x2/raw.jsonl:16;bench/results/2026-08-31-3090x2/raw.jsonl:21;bench/results/2026-08-31-3090x2/raw.jsonl:25,hardware
bench_stress_k2_shared_1g_levels,deterministic,candidates/frequent per K,"Per-K n_candidates / n_frequent of bench run 'stressk2-shared-1g' (stress_k2 preset, shared/tiled kernel, 1 GPU, max_length=3, 3 reps); n_frequent is the preset's exact per-K count, n_candidates depends on the code path (0 where the path does not count candidates); report.md per-level count rows share this key.",log:K1 cand=35000 freq=35000; K2 cand=612482500 freq=1660332; K3 cand=1310438 freq=1310438,bench/results/2026-08-31-3090x2/raw.jsonl:16;bench/results/2026-08-31-3090x2/raw.jsonl:21;bench/results/2026-08-31-3090x2/raw.jsonl:25,rerun
bench_stress_k2_shared_1g_level_ms,hardware-dependent,ms per K,"Per-K level times (ms) of bench run 'stressk2-shared-1g' (stress_k2 preset, shared/tiled kernel, 1 GPU, max_length=3, 3 reps); report.md per-level ms rows share this key.",log:K1=73.3; K2=18561.1; K3=220167.6 / K1=72.9; K2=18099.5; K3=218647.6 / K1=73.9; K2=18136.5; K3=218798.1,bench/results/2026-08-31-3090x2/raw.jsonl:16;bench/results/2026-08-31-3090x2/raw.jsonl:21;bench/results/2026-08-31-3090x2/raw.jsonl:25,hardware
bench_deep_k_shared_1g_throttle_flags,hardware-dependent,nvml flags,"NVML throttle-reason flags recorded during bench run 'deepk-shared-1g' (deep_k preset, shared/tiled kernel, 1 GPU, 3 reps).",log:0x0000000000000001 / (none),bench/results/2026-08-31-3090x2/raw.jsonl:17;bench/results/2026-08-31-3090x2/raw.jsonl:22;bench/results/2026-08-31-3090x2/raw.jsonl:26;bench/results/2026-09-01-3090x2-sparse/raw.jsonl:7;bench/results/2026-09-01-3090x2-sparse/raw.jsonl:10;bench/results/2026-09-01-3090x2-sparse/raw.jsonl:12,hardware
bench_deep_k_shared_1g_levels,deterministic,candidates/frequent per K,"Per-K n_candidates / n_frequent of bench run 'deepk-shared-1g' (deep_k preset, shared/tiled kernel, 1 GPU, 3 reps); n_frequent is the preset's exact per-K count, n_candidates depends on the code path (0 where the path does not count candidates); report.md per-level count rows share this key.",log:K1 cand=112 freq=112; K2 cand=6216 freq=471; K3 cand=901 freq=901; K4 cand=1407 freq=1407; K5 cand=1854 freq=1854; K6 cand=1848 freq=1848; K7 cand=1320 freq=1320; K8 cand=660 freq=660; K9 cand=220 freq=220; K10 cand=44 freq=44; K11 cand=4 freq=4,bench/results/2026-08-31-3090x2/raw.jsonl:17;bench/results/2026-08-31-3090x2/raw.jsonl:22;bench/results/2026-08-31-3090x2/raw.jsonl:26;bench/results/2026-09-01-3090x2-sparse/raw.jsonl:7;bench/results/2026-09-01-3090x2-sparse/raw.jsonl:10;bench/results/2026-09-01-3090x2-sparse/raw.jsonl:12,rerun
bench_deep_k_shared_1g_level_ms,hardware-dependent,ms per K,"Per-K level times (ms) of bench run 'deepk-shared-1g' (deep_k preset, shared/tiled kernel, 1 GPU, 3 reps); report.md per-level ms rows share this key.",log:K1=11.4; K2=6.3; K3=5.3; K4=7.6; K5=11.2; K6=15.0; K7=13.2; K8=9.2; K9=4.7; K10=3.1; K11=2.9 / K1=11.4; K2=6.3; K3=5.3; K4=7.7; K5=11.4; K6=14.1; K7=13.3; K8=9.2; K9=4.7; K10=3.1; K11=3.0 / K1=11.3; K2=6.3; K3=5.3; K4=7.6; K5=11.2; K6=13.9; K7=13.2; K8=9.2; K9=4.7; K10=3.1; K11=3.0 / K1=11.4; K2=6.3; K3=5.3; K4=7.7; K5=11.2; K6=14.1; K7=13.2; K8=9.2; K9=4.7; K10=3.1; K11=2.9 / K1=11.4; K2=6.3; K3=5.3; K4=7.6; K5=11.2; K6=14.1; K7=13.2; K8=9.3; K9=4.7; K10=3.1; K11=2.9 / K1=11.5; K2=6.4; K3=5.3; K4=7.7; K5=11.3; K6=14.1; K7=13.5; K8=9.2; K9=4.7; K10=3.1; K11=3.0,bench/results/2026-08-31-3090x2/raw.jsonl:17;bench/results/2026-08-31-3090x2/raw.jsonl:22;bench/results/2026-08-31-3090x2/raw.jsonl:26;bench/results/2026-09-01-3090x2-sparse/raw.jsonl:7;bench/results/2026-09-01-3090x2-sparse/raw.jsonl:10;bench/results/2026-09-01-3090x2-sparse/raw.jsonl:12,hardware
bench_stress_k2_shared_2g_throttle_flags,hardware-dependent,nvml flags,"NVML throttle-reason flags recorded during bench run 'stressk2-shared-2g' (stress_k2 preset, shared/tiled kernel, 2 GPUs, max_length=3, 3 reps).","log:0x0000000000000001, 0x0000000000000004",bench/results/2026-08-31-3090x2/raw.jsonl:18;bench/results/2026-08-31-3090x2/raw.jsonl:23;bench/results/2026-08-31-3090x2/raw.jsonl:27,hardware
bench_stress_k2_shared_2g_levels,deterministic,candidates/frequent per K,"Per-K n_candidates / n_frequent of bench run 'stressk2-shared-2g' (stress_k2 preset, shared/tiled kernel, 2 GPUs, max_length=3, 3 reps); n_frequent is the preset's exact per-K count, n_candidates depends on the code path (0 where the path does not count candidates); report.md per-level count rows share this key.",log:K1 cand=35000 freq=35000; K2 cand=0 freq=1660332; K3 cand=0 freq=1310438,bench/results/2026-08-31-3090x2/raw.jsonl:18;bench/results/2026-08-31-3090x2/raw.jsonl:23;bench/results/2026-08-31-3090x2/raw.jsonl:27,rerun
bench_stress_k2_shared_2g_level_ms,hardware-dependent,ms per K,"Per-K level times (ms) of bench run 'stressk2-shared-2g' (stress_k2 preset, shared/tiled kernel, 2 GPUs, max_length=3, 3 reps); report.md per-level ms rows share this key.",log:K1=45.2; K2=7215.2; K3=111994.4 / K1=54.9; K2=7204.6; K3=111955.2 / K1=47.2; K2=7198.9; K3=111923.4,bench/results/2026-08-31-3090x2/raw.jsonl:18;bench/results/2026-08-31-3090x2/raw.jsonl:23;bench/results/2026-08-31-3090x2/raw.jsonl:27,hardware
bench_deep_k_legacy_2g_throttle_flags,hardware-dependent,nvml flags,"NVML throttle-reason flags recorded during bench run 'deepk-legacy-2g' (deep_k preset, legacy kernel, 2 GPUs (NCCL)).",log:(none) / 0x0000000000000001,bench/results/2026-08-31-3090x2/raw.jsonl:19;bench/results/2026-09-01-3090x2-sparse/raw.jsonl:8,hardware
bench_deep_k_legacy_2g_levels,deterministic,candidates/frequent per K,"Per-K n_candidates / n_frequent of bench run 'deepk-legacy-2g' (deep_k preset, legacy kernel, 2 GPUs (NCCL)); n_frequent is the preset's exact per-K count, n_candidates depends on the code path (0 where the path does not count candidates); report.md per-level count rows share this key.",log:K1 cand=112 freq=112; K2 cand=0 freq=471; K3 cand=0 freq=901; K4 cand=0 freq=1407; K5 cand=0 freq=1854; K6 cand=0 freq=1848; K7 cand=0 freq=1320; K8 cand=0 freq=660; K9 cand=0 freq=220; K10 cand=0 freq=44; K11 cand=0 freq=4,bench/results/2026-08-31-3090x2/raw.jsonl:19;bench/results/2026-09-01-3090x2-sparse/raw.jsonl:8,rerun
bench_deep_k_legacy_2g_level_ms,hardware-dependent,ms per K,"Per-K level times (ms) of bench run 'deepk-legacy-2g' (deep_k preset, legacy kernel, 2 GPUs (NCCL)); report.md per-level ms rows share this key.",log:K1=26.0; K2=44.2; K3=6.0; K4=5.5; K5=4.2; K6=2.6; K7=2.4; K8=2.2; K9=2.2; K10=2.0; K11=2.0 / K1=27.9; K2=46.2; K3=5.8; K4=5.4; K5=3.6; K6=2.4; K7=2.5; K8=3.2; K9=2.4; K10=2.2; K11=1.9,bench/results/2026-08-31-3090x2/raw.jsonl:19;bench/results/2026-09-01-3090x2-sparse/raw.jsonl:8,hardware
bench_deep_k_shared_2g_throttle_flags,hardware-dependent,nvml flags,"NVML throttle-reason flags recorded during bench run 'deepk-shared-2g' (deep_k preset, shared/tiled kernel, 2 GPUs, 3 reps).",log:(none) / 0x0000000000000001,bench/results/2026-08-31-3090x2/raw.jsonl:20;bench/results/2026-08-31-3090x2/raw.jsonl:24;bench/results/2026-08-31-3090x2/raw.jsonl:28;bench/results/2026-09-01-3090x2-sparse/raw.jsonl:9;bench/results/2026-09-01-3090x2-sparse/raw.jsonl:11;bench/results/2026-09-01-3090x2-sparse/raw.jsonl:13,hardware
bench_deep_k_density_auto_1g_throttle_flags,hardware-dependent,nvml flags,"NVML throttle-reason flags recorded during bench run 'deepk-density-auto-1g' (deep_k preset, legacy kernel, sparse_from_k=auto, 1 GPU (2026-09-01 only)).",log:(none),bench/results/2026-09-01-3090x2-sparse/raw.jsonl:3,hardware
bench_deep_k_density_auto_1g_levels,deterministic,candidates/frequent per K,"Per-K n_candidates / n_frequent of bench run 'deepk-density-auto-1g' (deep_k preset, legacy kernel, sparse_from_k=auto, 1 GPU (2026-09-01 only)); n_frequent is the preset's exact per-K count, n_candidates depends on the code path (0 where the path does not count candidates); report.md per-level count rows share this key.",log:K1 cand=112 freq=112; K2 cand=6216 freq=471; K3 cand=901 freq=901; K4 cand=1407 freq=1407; K5 cand=2251 freq=1854; K6 cand=1855 freq=1848; K7 cand=1320 freq=1320; K8 cand=660 freq=660; K9 cand=220 freq=220; K10 cand=44 freq=44; K11 cand=4 freq=4,bench/results/2026-09-01-3090x2-sparse/raw.jsonl:3,rerun
meta_log_direct_vs_son_experiment_id,method-parameter,id,'experiment' field of experiment_direct_vs_son_20260219_050326.json (direct_gpu_vs_son).,log:direct_gpu_vs_son,applications/alphafold/results_214m/experiment_direct_vs_son_20260219_050326.json:2,setup
meta_log_direct_vs_son_timestamp,software,timestamp,Timestamp of the Direct-vs-SON result JSON (2026-02-19T05:03:26Z).,log:2026-02-19T05:03:26.988464+00:00,applications/alphafold/results_214m/experiment_direct_vs_son_20260219_050326.json:3,setup
run_power_support,method-parameter,fraction,min_support of the Direct-vs-SON experiment as a fraction (1e-05 = run_power_support_pct / 100; the experiment_direct_vs_son.py --min-support default 0.00001 is the same number). Mirrors the run_blitz_support / run_hmb_support fraction keys of the log vocabulary.,log:1e-05 / 0.00001,applications/alphafold/results_214m/experiment_direct_vs_son_20260219_050326.json:5;applications/alphafold/experiments/experiment_direct_vs_son.py:45,setup
run_power_direct_max_length,method-parameter,K,max_length parameter of the Direct-vs-SON experiment (null = unbounded).,log:null,applications/alphafold/results_214m/experiment_direct_vs_son_20260219_050326.json:9,setup
run_power_direct_use_gpu,method-parameter,bool,use_gpu flag of the Direct-vs-SON experiment (true).,log:true,applications/alphafold/results_214m/experiment_direct_vs_son_20260219_050326.json:10,setup
kdist_power_direct_k1_count,deterministic,itemsets,"Frequent itemsets of length K=1 from the exhaustive Direct CSR->GPU run at 0.001% (k_distribution of the Direct-vs-SON JSON). Alias of null_k1_bio (same run: the null JSON's real_distribution was loaded, not re-mined).",log:1002,applications/alphafold/results_214m/experiment_direct_vs_son_20260219_050326.json:17,rerun
kdist_power_direct_k2_count,deterministic,itemsets,"Frequent itemsets of length K=2 from the exhaustive Direct CSR->GPU run at 0.001% (k_distribution of the Direct-vs-SON JSON). Alias of null_k2_bio (same run: the null JSON's real_distribution was loaded, not re-mined).",log:22019,applications/alphafold/results_214m/experiment_direct_vs_son_20260219_050326.json:18,rerun
kdist_power_direct_k3_count,deterministic,itemsets,"Frequent itemsets of length K=3 from the exhaustive Direct CSR->GPU run at 0.001% (k_distribution of the Direct-vs-SON JSON). Alias of null_k3_bio (same run: the null JSON's real_distribution was loaded, not re-mined).",log:73205,applications/alphafold/results_214m/experiment_direct_vs_son_20260219_050326.json:19,rerun
kdist_power_direct_k4_count,deterministic,itemsets,"Frequent itemsets of length K=4 from the exhaustive Direct CSR->GPU run at 0.001% (k_distribution of the Direct-vs-SON JSON). Alias of null_k4_bio (same run: the null JSON's real_distribution was loaded, not re-mined).",log:108059,applications/alphafold/results_214m/experiment_direct_vs_son_20260219_050326.json:20,rerun
kdist_power_direct_k5_count,deterministic,itemsets,"Frequent itemsets of length K=5 from the exhaustive Direct CSR->GPU run at 0.001% (k_distribution of the Direct-vs-SON JSON). Alias of null_k5_bio (same run: the null JSON's real_distribution was loaded, not re-mined).",log:104239,applications/alphafold/results_214m/experiment_direct_vs_son_20260219_050326.json:21,rerun
kdist_power_direct_k6_count,deterministic,itemsets,"Frequent itemsets of length K=6 from the exhaustive Direct CSR->GPU run at 0.001% (k_distribution of the Direct-vs-SON JSON). Alias of null_k6_bio (same run: the null JSON's real_distribution was loaded, not re-mined).",log:78596,applications/alphafold/results_214m/experiment_direct_vs_son_20260219_050326.json:22,rerun
kdist_power_direct_k7_count,deterministic,itemsets,"Frequent itemsets of length K=7 from the exhaustive Direct CSR->GPU run at 0.001% (k_distribution of the Direct-vs-SON JSON). Alias of null_k7_bio (same run: the null JSON's real_distribution was loaded, not re-mined). Sum over K=7..14 = null_kge7_bio.",log:48699,applications/alphafold/results_214m/experiment_direct_vs_son_20260219_050326.json:23,rerun
kdist_power_direct_k8_count,deterministic,itemsets,"Frequent itemsets of length K=8 from the exhaustive Direct CSR->GPU run at 0.001% (k_distribution of the Direct-vs-SON JSON). Alias of null_k8_bio (same run: the null JSON's real_distribution was loaded, not re-mined). Sum over K=7..14 = null_kge7_bio.",log:25011,applications/alphafold/results_214m/experiment_direct_vs_son_20260219_050326.json:24,rerun
kdist_power_direct_k9_count,deterministic,itemsets,"Frequent itemsets of length K=9 from the exhaustive Direct CSR->GPU run at 0.001% (k_distribution of the Direct-vs-SON JSON). Alias of null_k9_bio (same run: the null JSON's real_distribution was loaded, not re-mined). Sum over K=7..14 = null_kge7_bio.",log:10508,applications/alphafold/results_214m/experiment_direct_vs_son_20260219_050326.json:25,rerun
kdist_power_direct_k10_count,deterministic,itemsets,"Frequent itemsets of length K=10 from the exhaustive Direct CSR->GPU run at 0.001% (k_distribution of the Direct-vs-SON JSON). Alias of null_k10_bio (same run: the null JSON's real_distribution was loaded, not re-mined). Sum over K=7..14 = null_kge7_bio.",log:3488,applications/alphafold/results_214m/experiment_direct_vs_son_20260219_050326.json:26,rerun
kdist_power_direct_k11_count,deterministic,itemsets,"Frequent itemsets of length K=11 from the exhaustive Direct CSR->GPU run at 0.001% (k_distribution of the Direct-vs-SON JSON). Alias of null_k11_bio (same run: the null JSON's real_distribution was loaded, not re-mined). Sum over K=7..14 = null_kge7_bio.",log:869,applications/alphafold/results_214m/experiment_direct_vs_son_20260219_050326.json:27,rerun
kdist_power_direct_k12_count,deterministic,itemsets,"Frequent itemsets of length K=12 from the exhaustive Direct CSR->GPU run at 0.001% (k_distribution of the Direct-vs-SON JSON). Alias of null_k12_bio (same run: the null JSON's real_distribution was loaded, not re-mined). Sum over K=7..14 = null_kge7_bio.",log:152,applications/alphafold/results_214m/experiment_direct_vs_son_20260219_050326.json:28,rerun
kdist_power_direct_k13_count,deterministic,itemsets,"Frequent itemsets of length K=13 from the exhaustive Direct CSR->GPU run at 0.001% (k_distribution of the Direct-vs-SON JSON). Alias of null_k13_bio (same run: the null JSON's real_distribution was loaded, not re-mined). Sum over K=7..14 = null_kge7_bio.",log:17,applications/alphafold/results_214m/experiment_direct_vs_son_20260219_050326.json:29,rerun
kdist_power_direct_k14_count,deterministic,itemsets,"Frequent itemsets of length K=14 from the exhaustive Direct CSR->GPU run at 0.001% (k_distribution of the Direct-vs-SON JSON). Alias of null_k14_bio (same run: the null JSON's real_distribution was loaded, not re-mined). Sum over K=7..14 = null_kge7_bio.",log:1,applications/alphafold/results_214m/experiment_direct_vs_son_20260219_050326.json:30,rerun
run_power_son_itemset_match,deterministic,bool,itemset_match flag of the Direct-vs-SON comparison (false: SON did not reproduce the Direct itemset set).,log:false,applications/alphafold/results_214m/experiment_direct_vs_son_20260219_050326.json:51,derived
run_power_son_itemset_diff,deterministic,itemsets,"itemset_diff of the Direct-vs-SON comparison (453,019 = 475,865 - 22,846; cf. son_miss_rate_pct).",log:453019,applications/alphafold/results_214m/experiment_direct_vs_son_20260219_050326.json:52,derived
meta_log_null_experiment_id,method-parameter,id,'experiment' field of experiment_null_model_20260219_061046.json (null_model_permutation_test).,log:null_model_permutation_test,applications/alphafold/results_214m/experiment_null_model_20260219_061046.json:2,setup
meta_log_null_timestamp,software,timestamp,Timestamp of the null-model result JSON (2026-02-19T06:10:46Z).,log:2026-02-19T06:10:46.260818+00:00,applications/alphafold/results_214m/experiment_null_model_20260219_061046.json:3,setup
null_support,method-parameter,fraction,"min_support of the null-model JSON as a fraction: 1.0001177641918693e-05 = 769 / 76,890,945, i.e. the count-derived threshold (null_min_count / dataset_multi_feature), not the nominal 1e-05 (null_support_pct = 0.001%).",log:1.0001177641918693e-05,applications/alphafold/results_214m/experiment_null_model_20260219_061046.json:5,derived
null_recomputed_real,method-parameter,bool,"recomputed_real flag of the null-model JSON (false: real_distribution was taken from the Direct run, not re-mined).",log:false,applications/alphafold/results_214m/experiment_null_model_20260219_061046.json:10,setup
null_k7_bio,deterministic,itemsets,Biological (unshuffled) itemsets at K=7 from the exhaustive Direct run at 0.001% (real_distribution of the null JSON); per-K component of null_kge7_bio (paper aggregates K=7-14); alias of kdist_power_direct_k7_count.,log:48699,applications/alphafold/results_214m/experiment_null_model_20260219_061046.json:19,rerun
null_k8_bio,deterministic,itemsets,Biological (unshuffled) itemsets at K=8 from the exhaustive Direct run at 0.001% (real_distribution of the null JSON); per-K component of null_kge7_bio (paper aggregates K=7-14); alias of kdist_power_direct_k8_count.,log:25011,applications/alphafold/results_214m/experiment_null_model_20260219_061046.json:20,rerun
null_k9_bio,deterministic,itemsets,Biological (unshuffled) itemsets at K=9 from the exhaustive Direct run at 0.001% (real_distribution of the null JSON); per-K component of null_kge7_bio (paper aggregates K=7-14); alias of kdist_power_direct_k9_count.,log:10508,applications/alphafold/results_214m/experiment_null_model_20260219_061046.json:21,rerun
null_k10_bio,deterministic,itemsets,Biological (unshuffled) itemsets at K=10 from the exhaustive Direct run at 0.001% (real_distribution of the null JSON); per-K component of null_kge7_bio (paper aggregates K=7-14); alias of kdist_power_direct_k10_count.,log:3488,applications/alphafold/results_214m/experiment_null_model_20260219_061046.json:22,rerun
null_k11_bio,deterministic,itemsets,Biological (unshuffled) itemsets at K=11 from the exhaustive Direct run at 0.001% (real_distribution of the null JSON); per-K component of null_kge7_bio (paper aggregates K=7-14); alias of kdist_power_direct_k11_count.,log:869,applications/alphafold/results_214m/experiment_null_model_20260219_061046.json:23,rerun
null_k12_bio,deterministic,itemsets,Biological (unshuffled) itemsets at K=12 from the exhaustive Direct run at 0.001% (real_distribution of the null JSON); per-K component of null_kge7_bio (paper aggregates K=7-14); alias of kdist_power_direct_k12_count.,log:152,applications/alphafold/results_214m/experiment_null_model_20260219_061046.json:24,rerun
null_k13_bio,deterministic,itemsets,Biological (unshuffled) itemsets at K=13 from the exhaustive Direct run at 0.001% (real_distribution of the null JSON); per-K component of null_kge7_bio (paper aggregates K=7-14); alias of kdist_power_direct_k13_count.,log:17,applications/alphafold/results_214m/experiment_null_model_20260219_061046.json:25,rerun
null_k14_bio,deterministic,itemsets,Biological (unshuffled) itemsets at K=14 from the exhaustive Direct run at 0.001% (real_distribution of the null JSON); per-K component of null_kge7_bio (paper aggregates K=7-14); alias of kdist_power_direct_k14_count.,log:1,applications/alphafold/results_214m/experiment_null_model_20260219_061046.json:26,rerun
null_perm1_total_itemsets,deterministic,itemsets,"total_itemsets of null permutation run 1 of 5 (seed 42; 171,401); the mean over the five runs is null_mean_total.",log:171401,applications/alphafold/results_214m/experiment_null_model_20260219_061046.json:32,rerun
null_perm1_time_s,hardware-dependent,s,Mining time of null permutation run 1 of 5 (99.22 s); the mean over the five runs is null_per_perm_time_s (132.43).,log:99.22,applications/alphafold/results_214m/experiment_null_model_20260219_061046.json:33,hardware
null_perm1_k_distribution,deterministic,itemsets per K,Per-K itemset counts (K=1..6) of null permutation run 1 of 5; the per-K mean / std over the five runs are null_k<K>_mean / null_k<K>_std.,log:K1=1002; K2=63737; K3=79166; K4=25482; K5=1994; K6=20,applications/alphafold/results_214m/experiment_null_model_20260219_061046.json:35,rerun
null_perm2_total_itemsets,deterministic,itemsets,"total_itemsets of null permutation run 2 of 5 (seed 42; 171,240); the mean over the five runs is null_mean_total.",log:171240,applications/alphafold/results_214m/experiment_null_model_20260219_061046.json:45,rerun
null_perm2_time_s,hardware-dependent,s,Mining time of null permutation run 2 of 5 (135.62 s); the mean over the five runs is null_per_perm_time_s (132.43).,log:135.62,applications/alphafold/results_214m/experiment_null_model_20260219_061046.json:46,hardware
null_perm2_k_distribution,deterministic,itemsets per K,Per-K itemset counts (K=1..6) of null permutation run 2 of 5; the per-K mean / std over the five runs are null_k<K>_mean / null_k<K>_std.,log:K1=1002; K2=63672; K3=79121; K4=25453; K5=1970; K6=22,applications/alphafold/results_214m/experiment_null_model_20260219_061046.json:48,rerun
null_perm3_total_itemsets,deterministic,itemsets,"total_itemsets of null permutation run 3 of 5 (seed 42; 171,289); the mean over the five runs is null_mean_total.",log:171289,applications/alphafold/results_214m/experiment_null_model_20260219_061046.json:58,rerun
null_perm3_time_s,hardware-dependent,s,Mining time of null permutation run 3 of 5 (141.97 s); the mean over the five runs is null_per_perm_time_s (132.43).,log:141.97,applications/alphafold/results_214m/experiment_null_model_20260219_061046.json:59,hardware
null_perm3_k_distribution,deterministic,itemsets per K,Per-K itemset counts (K=1..6) of null permutation run 3 of 5; the per-K mean / std over the five runs are null_k<K>_mean / null_k<K>_std.,log:K1=1002; K2=63750; K3=79080; K4=25438; K5=1996; K6=23,applications/alphafold/results_214m/experiment_null_model_20260219_061046.json:61,rerun
null_perm4_total_itemsets,deterministic,itemsets,"total_itemsets of null permutation run 4 of 5 (seed 42; 171,395); the mean over the five runs is null_mean_total.",log:171395,applications/alphafold/results_214m/experiment_null_model_20260219_061046.json:71,rerun
null_perm4_time_s,hardware-dependent,s,Mining time of null permutation run 4 of 5 (143.06 s); the mean over the five runs is null_per_perm_time_s (132.43).,log:143.06,applications/alphafold/results_214m/experiment_null_model_20260219_061046.json:72,hardware
null_perm4_k_distribution,deterministic,itemsets per K,Per-K itemset counts (K=1..6) of null permutation run 4 of 5; the per-K mean / std over the five runs are null_k<K>_mean / null_k<K>_std.,log:K1=1002; K2=63703; K3=79185; K4=25475; K5=2008; K6=22,applications/alphafold/results_214m/experiment_null_model_20260219_061046.json:74,rerun
null_perm5_total_itemsets,deterministic,itemsets,"total_itemsets of null permutation run 5 of 5 (seed 42; 171,275); the mean over the five runs is null_mean_total.",log:171275,applications/alphafold/results_214m/experiment_null_model_20260219_061046.json:84,rerun
null_perm5_time_s,hardware-dependent,s,Mining time of null permutation run 5 of 5 (142.3 s); the mean over the five runs is null_per_perm_time_s (132.43).,log:142.3,applications/alphafold/results_214m/experiment_null_model_20260219_061046.json:85,hardware
null_perm5_k_distribution,deterministic,itemsets per K,Per-K itemset counts (K=1..6) of null permutation run 5 of 5; the per-K mean / std over the five runs are null_k<K>_mean / null_k<K>_std.,log:K1=1002; K2=63650; K3=79120; K4=25491; K5=1990; K6=22,applications/alphafold/results_214m/experiment_null_model_20260219_061046.json:87,rerun
null_k7_z,deterministic,Z,"z_score of the null JSON statistics block at K=7: inf (null mean 0.0, std 0.0); per-K form of null_kge7_z ('---' undefined). The same block carries real (see null_k7_bio), p_value 0.0, direction enriched.","log:real=48699; null_mean=0.0; null_std=0.0; z_score=inf; p_value=0.0; direction=enriched; significant=""True""",applications/alphafold/results_214m/experiment_null_model_20260219_061046.json:152,derived
null_k8_z,deterministic,Z,"z_score of the null JSON statistics block at K=8: inf (null mean 0.0, std 0.0); per-K form of null_kge7_z ('---' undefined). The same block carries real (see null_k8_bio), p_value 0.0, direction enriched.","log:real=25011; null_mean=0.0; null_std=0.0; z_score=inf; p_value=0.0; direction=enriched; significant=""True""",applications/alphafold/results_214m/experiment_null_model_20260219_061046.json:161,derived
null_k9_z,deterministic,Z,"z_score of the null JSON statistics block at K=9: inf (null mean 0.0, std 0.0); per-K form of null_kge7_z ('---' undefined). The same block carries real (see null_k9_bio), p_value 0.0, direction enriched.","log:real=10508; null_mean=0.0; null_std=0.0; z_score=inf; p_value=0.0; direction=enriched; significant=""True""",applications/alphafold/results_214m/experiment_null_model_20260219_061046.json:170,derived
null_k10_z,deterministic,Z,"z_score of the null JSON statistics block at K=10: inf (null mean 0.0, std 0.0); per-K form of null_kge7_z ('---' undefined). The same block carries real (see null_k10_bio), p_value 0.0, direction enriched.","log:real=3488; null_mean=0.0; null_std=0.0; z_score=inf; p_value=0.0; direction=enriched; significant=""True""",applications/alphafold/results_214m/experiment_null_model_20260219_061046.json:179,derived
null_k11_z,deterministic,Z,"z_score of the null JSON statistics block at K=11: inf (null mean 0.0, std 0.0); per-K form of null_kge7_z ('---' undefined). The same block carries real (see null_k11_bio), p_value 0.0, direction enriched.","log:real=869; null_mean=0.0; null_std=0.0; z_score=inf; p_value=0.0; direction=enriched; significant=""True""",applications/alphafold/results_214m/experiment_null_model_20260219_061046.json:188,derived
null_k12_z,deterministic,Z,"z_score of the null JSON statistics block at K=12: inf (null mean 0.0, std 0.0); per-K form of null_kge7_z ('---' undefined). The same block carries real (see null_k12_bio), p_value 0.0, direction enriched.","log:real=152; null_mean=0.0; null_std=0.0; z_score=inf; p_value=0.0; direction=enriched; significant=""True""",applications/alphafold/results_214m/experiment_null_model_20260219_061046.json:197,derived
null_k13_z,deterministic,Z,"z_score of the null JSON statistics block at K=13: inf (null mean 0.0, std 0.0); per-K form of null_kge7_z ('---' undefined). The same block carries real (see null_k13_bio), p_value 0.0, direction enriched.","log:real=17; null_mean=0.0; null_std=0.0; z_score=inf; p_value=0.0; direction=enriched; significant=""True""",applications/alphafold/results_214m/experiment_null_model_20260219_061046.json:206,derived
null_k14_z,deterministic,Z,"z_score of the null JSON statistics block at K=14: inf (null mean 0.0, std 0.0); per-K form of null_kge7_z ('---' undefined). The same block carries real (see null_k14_bio), p_value 0.0, direction enriched.","log:real=1; null_mean=0.0; null_std=0.0; z_score=inf; p_value=0.0; direction=enriched; significant=""True""",applications/alphafold/results_214m/experiment_null_model_20260219_061046.json:215,derived
null_mean_total,deterministic,itemsets,"null_mean_total of the null JSON summary: mean total itemsets over the 5 permutations (171,320.0).",log:171320.0,applications/alphafold/results_214m/experiment_null_model_20260219_061046.json:226,derived
null_ratio,deterministic,x,"ratio_real_vs_null of the null JSON summary: 475,865 / 171,320 = 2.78.",log:2.78,applications/alphafold/results_214m/experiment_null_model_20260219_061046.json:227,derived
meta_log_decoded_patterns_file_summary,deterministic,file summary,"Whole-file structure of decoded_top_k_patterns.txt: 41,665 lines, 4,749,057 bytes, 5,351 itemset blocks (K=15..19) with Support/Proteins/K, Item IDs, pLDDT, Pfam, GO and Full-decode fields.","log:41,665 lines; 4,749,057 bytes; 5,351 itemset blocks (K=15..19); fields per block: Support/Proteins/K, Item IDs, pLDDT features, Pfam domains, GO terms, Full decode",applications/alphafold/results_214m/decoded_top_k_patterns.txt:(file),setup
run_blitz_k_ge15_distinct_items,deterministic,items,"Distinct item ids used across the 5,351 decoded K>=15 itemsets of the Blitz run (81; ids in 1..1002). The same extractor pass found the pLDDT line present in 4,329/5,351 blocks and a Pfam line in 5,196/5,351.","log:81 distinct item ids used (min 1, max 1002); pLDDT-feature line present in 4,329/5,351 blocks; Pfam line in 5,196/5,351",applications/alphafold/results_214m/decoded_top_k_patterns.txt:(file),rerun
doc_decoded_patterns_k_range,method-parameter,K range,Header scope of decoded_top_k_patterns.txt: itemsets K=15 to K=19 'from 214M TrEMBL mining' (the Blitz run's top-K decode).,log:K=15 to K=19; 214M TrEMBL,applications/alphafold/results_214m/decoded_top_k_patterns.txt:2,setup
run_blitz_k_ge15_itemsets,deterministic,itemsets,"Decoded itemsets of length K>=15 in the Blitz run (5,351 = 4,155 + 1,003 + 173 + 19 + 1).","log:5,351 / 1+19+173+1003+4155 = 5351; per-K support/protein ranges recomputed from all 5,351 'Support:' lines match the SUMMARY block exactly",applications/alphafold/results_214m/decoded_top_k_patterns.txt:4;applications/alphafold/results_214m/decoded_top_k_patterns.txt:(derived),rerun
pattern_k19_item_ids,deterministic,item ids,Item ids (vocabulary indices) of the single K=19 itemset in the decoded Blitz dump (extends the pattern_k19_* family; the paper gives no member list).,"log:[1, 13, 23, 507, 508, 511, 517, 560, 594, 602, 604, 641, 677, 698, 724, 731, 794, 887, 906]",applications/alphafold/results_214m/decoded_top_k_patterns.txt:13,rerun
pattern_k19_plddt_member,deterministic,feature id,pLDDT member of the K=19 itemset (plddt_mean_med).,log:plddt_mean_med,applications/alphafold/results_214m/decoded_top_k_patterns.txt:14,rerun
pattern_k19_pfam_members,deterministic,feature ids,"Pfam members of the K=19 itemset (PF00271, PF00270).","log:PF00271, PF00270",applications/alphafold/results_214m/decoded_top_k_patterns.txt:15,rerun
pattern_k19_go_members,deterministic,feature ids,"GO members of the K=19 itemset (16 GO terms: GO:0005524, GO:0046872, GO:0003677, ...).","log:GO:0005524, GO:0046872, GO:0003677, GO:0016887, GO:1990904, GO:0005730, GO:0005654, GO:0006397, GO:0045944, GO:0003724, GO:0043138, GO:0005813, GO:0008380, … (16 GO terms)",applications/alphafold/results_214m/decoded_top_k_patterns.txt:16,rerun
pattern_k18_support,deterministic,proteins,Support of the first-listed K=18 itemset in the decoded Blitz dump (~192 proteins; support 0.000002).,log:support 0.000002; ~192 proteins,applications/alphafold/results_214m/decoded_top_k_patterns.txt:24,rerun
run_blitz_k15_min_proteins,deterministic,proteins,Lowest protein count among decoded K=15 itemsets (84 -> support 1.09e-6; consistent with run_blitz_min_count = 77).,"log:84 proteins at K=15 minimum → support 84/76,890,945 = 1.09e-6",applications/alphafold/results_214m/decoded_top_k_patterns.txt:(derived),rerun
doc_glossary_high_k_threshold,deterministic,K,GLOSSARY.md scope statement: domains listed appear in high-K itemsets (K>=10) of the '2.84M direct GPU' (Blitz) results.,log:K>=10; 2.84M,applications/alphafold/results_214m/GLOSSARY.md:9,setup
doc_glossary_gpcr_drug_share_pct,external-fact,%,GLOSSARY background fact: ~34% of FDA-approved drugs target GPCRs.,log:~34%,applications/alphafold/results_214m/GLOSSARY.md:13,external
doc_glossary_sh2_domain,external-fact,aa / proteins,GLOSSARY background fact: SH2 domain ~100 aa; over 100 human proteins contain SH2 domains.,log:~100 aa; >100 human proteins,applications/alphafold/results_214m/GLOSSARY.md:15,external
doc_glossary_sh3_domain,external-fact,aa / domains,GLOSSARY background fact: SH3 domain ~60 aa; ~300 SH3 domains in the human proteome.,log:~60 aa; ~300,applications/alphafold/results_214m/GLOSSARY.md:16,external
doc_glossary_c1_domain_length_aa,external-fact,aa,GLOSSARY background fact: C1_1 (phorbol ester / DAG binding) domain ~50 aa.,log:~50 aa,applications/alphafold/results_214m/GLOSSARY.md:18,external
doc_glossary_dbl_family_members,external-fact,members,GLOSSARY background fact: 70 human Dbl-family members.,log:70,applications/alphafold/results_214m/GLOSSARY.md:21,external
meta_log_notebook_summary,software,cells/outputs,"Structure of analysis_alpha_centauri.ipynb: 29 cells (19 code, 10 md), one stored stream output, execution_count None on every code cell, kernel .venv (3.10.12) - no executed results are stored.","log:29 cells (19 code, 10 markdown); 1 stored output (cell 1 stream); execution_count None on all code cells; kernel '.venv (3.10.12)'",applications/alphafold/experiments/analysis_alpha_centauri.ipynb:(file),setup
run_v35k_itemsets,deterministic,itemsets,"Total frequent itemsets of the 35K-feature 'Alpha Centauri' campaign (16,812,646,639 over K=1..8; '16.8B'). Not a V1-paper quantity; the notebook headline rows (also citing 109.2M proteins / 35,012 features / 12.07B K=8) and its KNOWN_COUNTS dict are keyed here.","log:16.8B itemsets; K=1--8 / 16,812,646,639; 12.07B at K=8; 67 GB / 16,812,646,639; 109.2M proteins; 35,012 features / 1: 28_405; 2: 5_506_372; 3: 176_048_236; 4: 1_506_508_703; 5: 2_474_423_427; 6: 626_781_137; 7: 3_507_040_364; 8: 12_072_309_005",applications/alphafold/experiments/analysis_alpha_centauri.ipynb:cell 0 (md);applications/alphafold/experiments/analysis_alpha_centauri.ipynb:cell 15 (md);applications/alphafold/experiments/analysis_alpha_centauri.ipynb:cell 23 L9-16 (code),rerun
run_v35k_n_transactions,deterministic,proteins,"Transactions of the 35K-feature campaign (109.2M proteins, '109M'), stated alongside the 1K-campaign count 76.9M (dataset_multi_feature).",log:76.9M (1K features) / 109.2M (35K features),applications/alphafold/experiments/analysis_alpha_centauri.ipynb:cell 0 (md),rerun
meta_log_notebook_input_paths,software,paths,"Input parquet paths hard-coded in the notebook (archived/alphafold/results_214m/itemsets_214m_godmode.parquet, item_mapping_214m.parquet) - absent from the repo and this box.",log:archived/alphafold/results_214m/itemsets_214m_godmode.parquet; item_mapping_214m.parquet,applications/alphafold/experiments/analysis_alpha_centauri.ipynb:cell 1 L40-41 (code),setup
meta_log_notebook_stored_output,software,stream,The notebook's only stored output: two 'Loading ...' print lines.,"log:(stream) Loading God Mode itemsets (26.8M rows)... / Loading item mapping (1,006 features)...",applications/alphafold/experiments/analysis_alpha_centauri.ipynb:cell 1 (output),setup
doc_notebook_kdist_opus_bins,deterministic,itemsets per K range,Notebook binning of the Opus K-distribution: K=1-3 527K; K=4-6 5.8M; K=7-9 10.1M (peak); K=10-14 6.0M; K=15-22 5.5K (sums of kdist_opus_k<K>_count).,log:K=1--3: 527K; K=4--6: 5.8M; K=7--9: 10.1M (peak); K=10--14: 6.0M; K=15--22: 5.5K,applications/alphafold/experiments/analysis_alpha_centauri.ipynb:cell 3 (md),derived
doc_notebook_rank1_item_support_pct,deterministic,%,"Support of the most frequent single item as a share of proteins (59.6%), from the notebook's K=1 plot annotation.",log:59.6%,applications/alphafold/experiments/analysis_alpha_centauri.ipynb:cell 4 L70 (code),rerun
doc_notebook_k19_shared_features,deterministic,features,Notebook statement that the (Opus) K=19 itemsets are variations of one RNA helicase / spliceosome signature sharing 16-17 of 19 features.,log:16--17 of 19 features shared,applications/alphafold/experiments/analysis_alpha_centauri.ipynb:cell 9 (md),derived
null_significance_line_z,method-parameter,Z,"Z=3.29 (p<0.001) significance line drawn in the notebook's null-model figure (plotting constant, not a result).",log:Z=3.29 (p<0.001),applications/alphafold/experiments/analysis_alpha_centauri.ipynb:cell 13 L110 (code),setup
kdist_v35k_k1_count,deterministic,itemsets,Frequent itemsets of length K=1 in the 35K-feature campaign (notebook table / KNOWN_COUNTS 'from mining logs'; per-K parquet size tiny).,"log:28,405",applications/alphafold/experiments/analysis_alpha_centauri.ipynb:cell 15 (md),rerun
kdist_v35k_k2_count,deterministic,itemsets,Frequent itemsets of length K=2 in the 35K-feature campaign (notebook table / KNOWN_COUNTS 'from mining logs'; per-K parquet size tiny).,"log:5,506,372",applications/alphafold/experiments/analysis_alpha_centauri.ipynb:cell 15 (md),rerun
kdist_v35k_k3_count,deterministic,itemsets,Frequent itemsets of length K=3 in the 35K-feature campaign (notebook table / KNOWN_COUNTS 'from mining logs'; per-K parquet size ~3 GB).,"log:176,048,236",applications/alphafold/experiments/analysis_alpha_centauri.ipynb:cell 15 (md),rerun
kdist_v35k_k4_count,deterministic,itemsets,Frequent itemsets of length K=4 in the 35K-feature campaign (notebook table / KNOWN_COUNTS 'from mining logs'; per-K parquet size ~8 GB).,"log:1,506,508,703",applications/alphafold/experiments/analysis_alpha_centauri.ipynb:cell 15 (md),rerun
kdist_v35k_k5_count,deterministic,itemsets,Frequent itemsets of length K=5 in the 35K-feature campaign (notebook table / KNOWN_COUNTS 'from mining logs'; per-K parquet size ~10 GB).,"log:2,474,423,427",applications/alphafold/experiments/analysis_alpha_centauri.ipynb:cell 15 (md),rerun
kdist_v35k_k6_count,deterministic,itemsets,Frequent itemsets of length K=6 in the 35K-feature campaign (notebook table / KNOWN_COUNTS 'from mining logs'; per-K parquet size ~4 GB).,"log:626,781,137",applications/alphafold/experiments/analysis_alpha_centauri.ipynb:cell 15 (md),rerun
kdist_v35k_k7_count,deterministic,itemsets,Frequent itemsets of length K=7 in the 35K-feature campaign (notebook table / KNOWN_COUNTS 'from mining logs'; per-K parquet size 16.6 GB).,"log:3,507,040,364 / 3_507_040_364",applications/alphafold/experiments/analysis_alpha_centauri.ipynb:cell 15 (md);applications/alphafold/experiments/analysis_alpha_centauri.ipynb:cell 21 L94 (code),rerun
kdist_v35k_k8_count,deterministic,itemsets,Frequent itemsets of length K=8 in the 35K-feature campaign (notebook table / KNOWN_COUNTS 'from mining logs'; per-K parquet size 67 GB).,"log:12,072,309,005",applications/alphafold/experiments/analysis_alpha_centauri.ipynb:cell 15 (md),rerun
run_v35k_feature_groups,method-parameter,features per group,"Feature-group sizes of the 35K vocabulary per the notebook: InterPro 12.7K, GO 5.8K, EC 1.1K, Keywords 15.2K, Taxonomy 175, Length 26, pLDDT 6 (total 35,012).",log:InterPro 12.7K; GO 5.8K; EC 1.1K; Keywords 15.2K; Taxonomy 175; Length 26; pLDDT 6,applications/alphafold/experiments/analysis_alpha_centauri.ipynb:cell 17 L13-19 (code),setup
doc_notebook_rule_mining_params,method-parameter,params,"Association-rule mining parameters used in the notebook: 1K: K=2-6, support > 1e-5, min_confidence 0.5; 35K: top 10K K=4 itemsets, min_confidence 0.3.","log:K=2-6; support > 1e-5; min_confidence=0.5 (1K); top 10K K=4, min_confidence=0.3 (35K)",applications/alphafold/experiments/analysis_alpha_centauri.ipynb:cell 25 (code),setup
run_power_direct_vs_son_itemset_ratio,hardware-dependent,x,"run_power_direct_itemsets / run_power_son_itemsets = 475,865 / 22,846 = 20.8x (notebook: 'finds 20.8x more itemsets ... in 21.4x less time'; the 21.4x is son_speedup).",log:20.8x more itemsets; 21.4x less time,applications/alphafold/experiments/analysis_alpha_centauri.ipynb:cell 28 (md),derived
kdist_v35k_k8_pct,deterministic,%,Share of all 35K-campaign itemsets at K=8 (12.07B / 16.8B = 71.8%; 67 GB parquet).,"log:16.8B (35K) vs 26.8M (1K); K=8 12.07B, 67 GB, 71.8%",applications/alphafold/experiments/analysis_alpha_centauri.ipynb:cell 28 (md),derived
doc_notebook_v35k_growth_rates,deterministic,x,"Level-to-level growth ratios of the 35K K-distribution quoted in the notebook: K8/K7 = 3.4x, K5/K4 = 1.6x, K7/K6 = 5.6x.",log:K=8/K=7 = 3.4x; K=5/K=4 = 1.6x; K=7/K=6 = 5.6x,applications/alphafold/experiments/analysis_alpha_centauri.ipynb:cell 28 (md),derived
doc_notebook_v35k_k9_projection,deterministic,itemsets,"Notebook extrapolation: K=9 of the 35K campaign could yield 30-40B+ itemsets (projection, not measured).",log:30--40B+,applications/alphafold/experiments/analysis_alpha_centauri.ipynb:cell 28 (md),external
meta_log_notebook_prepared_for,software,date / reviewer,"Notebook footer: prepared for review by Prof. Alexandre Bonvin (Utrecht University), February 2026.","log:February 2026; Prof. Alexandre Bonvin, Utrecht University",applications/alphafold/experiments/analysis_alpha_centauri.ipynb:cell 28 (md),external
meta_log_audit_goal_timestamp,software,timestamp,PROGRESS.md: timestamp at which the audit goal was set (2026-09-02T00:02Z).,log:2026-09-02T00:02Z,PROGRESS.md:6,setup
meta_log_audit_run_dir_created,software,timestamp,PROGRESS.md: creation time of runs/20260902T0000Z (2026-09-02T00:04Z).,log:2026-09-02T00:04Z,PROGRESS.md:23,setup
hw_audit_box_gpu,hardware-dependent,GPU,"GPUs of the audit box (2x NVIDIA GeForce RTX 3090, 24576 MiB, compute capability 8.6) - not the paper's H100.","log:2 × NVIDIA GeForce RTX 3090, 24576 MiB, compute cap 8.6",PROGRESS.md:40,setup
sw_audit_box_driver_cuda,software,versions,Driver / CUDA runtime / nvcc of the audit box (595.71.05 / 13.2 / 12.1); differs from the bench env.txt driver 580.159.03.,log:driver 595.71.05; CUDA runtime 13.2; nvcc 12.1,PROGRESS.md:41,setup
hw_audit_box_cpu,hardware-dependent,CPU,"CPU of the audit box (AMD EPYC 7402P, 24 cores / 24 threads).","log:AMD EPYC 7402P, 24 cores / 24 threads, 1 socket, 1 NUMA node",PROGRESS.md:44,setup
hw_audit_box_ram,hardware-dependent,GiB,RAM of the audit box (125 GiB host; container cgroup limit ~69.6 GiB; swap 8 GiB).,"log:125 GiB host; cgroup limit 74,782,343,168 B (~69.6 GiB); ~1.3 GiB used; swap 8 GiB",PROGRESS.md:45,setup
hw_audit_box_disk,hardware-dependent,GB,"Container disk of the audit box (200 GB total, 200 GB available; inode counts).","log:200 GB total, 200 GB available (939 MB used); inodes 195,351,424 total / 191,245,709 free",PROGRESS.md:49,setup
hw_audit_box_host_nvme,hardware-dependent,TB,"Host NVMe of the audit box (1.9 TB, 850 GB free), not mounted for data.","log:1.9 TB NVMe, 850 GB free (not mounted for data)",PROGRESS.md:51,setup
ext_afdb_v4_corpus_size,external-fact,TiB / files,"Size of the full AlphaFold DB v4 CIF corpus (~23 TiB, ~644M files after untar; the runbook / deploy script avoid the '23TB CIF' via the BigQuery pLDDT route). Extends the paper's ext_afdb_* family.",log:~23 TiB; ~644M files / 23TB,PROGRESS.md:53;applications/alphafold/deploy/RUNBOOK_base214m.md:38;applications/alphafold/deploy/deploy_base214m.sh:279,external
sw_audit_box_gcloud,software,versions,gcloud SDK 583.0.0 / bq 2.1.38 installed on the audit box.,log:gcloud SDK 583.0.0; bq 2.1.38,PROGRESS.md:59,setup
hw_base214m_planned_gpus,hardware-dependent,GPUs,"GPU box planned for the base-214M rerun in the runbook / deploy scripts (4x H200, or 8x; 'H200 box') - a plan, not an executed run.",log:4×H200 (or 8×) / 4×H200 / H200 box,applications/alphafold/deploy/RUNBOOK_base214m.md:9;applications/alphafold/deploy/run_all_experiments.sh:2;applications/alphafold/deploy/deploy_base214m.sh:3,setup
meta_log_runbook_upload_tag,software,tag,ET_UPLOAD_TAG of the planned base-214M run (base214m_20260712).,log:base214m_20260712,applications/alphafold/deploy/RUNBOOK_base214m.md:18,setup
doc_runbook_rowsplit_nccl_hits,method-parameter,x,"Runbook note: the row-split NCCL path is hit 100x by the planned null@8 experiment, so validate_row_split.py is a mandatory gate.",log:100×,applications/alphafold/deploy/RUNBOOK_base214m.md:44,setup
doc_runbook_bq_max_rows,method-parameter,rows,"bq query --max_rows used to export pLDDT via BigQuery (300,000,000).",log:300000000,applications/alphafold/deploy/RUNBOOK_base214m.md:70,setup
doc_runbook_rowsplit_validation_params,method-parameter,params,validate_row_split.py parameters in the runbook (--subset-size 1000000 --min-count 50 --n-gpus 2).,log:--subset-size 1000000 --min-count 50 --n-gpus 2,applications/alphafold/deploy/RUNBOOK_base214m.md:93,setup
doc_runbook_n_gpus_decision,method-parameter,GPUs,"Runbook decision rule: N_GPUS=4 if the row-split gate is green, N_GPUS=1 fallback if red.",log:N_GPUS=4 (green) / N_GPUS=1 (red),applications/alphafold/deploy/RUNBOOK_base214m.md:95,setup
doc_planned_campaign_design,method-parameter,design,Planned base-214M mining campaign design: 6 thresholds x 3 runs (experiment_full_campaign.py --runs default 3); the runbook suite line also lists Direct-vs-SON and 'null@769 100-perm'.,log:6×3 campaign; null@769 100-perm / 6 thresholds × 3 runs / 3,applications/alphafold/deploy/RUNBOOK_base214m.md:104;applications/alphafold/deploy/run_all_experiments.sh:6;applications/alphafold/experiments/experiment_full_campaign.py:85,setup
null_minc8_planned_permutations,method-parameter,permutations,"Planned (not executed) null model at min_count=8, the Opus threshold: 100 permutations on 4 GPUs (--min-count 8 --runs 100).",log:null@8 100-perm / min_count=8; 100 permutations; 4 GPUs / --min-count 8; --runs 100,applications/alphafold/deploy/RUNBOOK_base214m.md:105;applications/alphafold/deploy/run_all_experiments.sh:9;applications/alphafold/deploy/run_all_experiments.sh:102,setup
doc_runbook_expected_multi_feature,hardware-dependent,proteins,"Runbook expectation for the base-214M rerun: ~85M multi-feature proteins (vs 76.9M in v1), on 4x H200.",log:4×H200; ~85M multi-feature,applications/alphafold/deploy/RUNBOOK_base214m.md:152,derived
doc_runbook_planned_durations,hardware-dependent,durations,"Runbook planned stage durations: data ~0.5-1 h, extraction ~0.5-1 h, campaign+Direct/SON ~1 h, null@769 ~25 min, null@8 ~1.5-2 h, closed/maximal+accessions ~0.5 h.",log:data ~0.5-1h; extraction ~0.5-1h; campaign+Direct/SON ~1h; null@769 ~25min; null@8 ~1.5-2h; closed/maximal+accessions ~0.5h,applications/alphafold/deploy/RUNBOOK_base214m.md:153,hardware
cost_base214m_planned_total,hardware-dependent,h / USD,"Runbook planned total for the base-214M rerun: ~5-6 h wall-clock, ~$45-90.",log:~5-6 h wall-clock; ~$45-90,applications/alphafold/deploy/RUNBOOK_base214m.md:154,hardware
doc_direct_vs_son_planned_runs,method-parameter,runs,Repeat count of the Direct-vs-SON comparison in the planned suite / experiment_direct_vs_son.py --runs default (3); the surviving JSON holds a single result.,log:3 runs each / 3,applications/alphafold/deploy/run_all_experiments.sh:7;applications/alphafold/experiments/experiment_direct_vs_son.py:41,setup
null_minc769_planned_permutations,method-parameter,permutations,Planned (not executed) null model at min_count=769 with 100 permutations on 4 GPUs (the executed paper null used 5 = null_permutations).,log:min_count=769; 100 permutations; 4 GPUs,applications/alphafold/deploy/run_all_experiments.sh:8,setup
cost_h200_planned_rate,hardware-dependent,h / USD per h,run_all_experiments.sh estimate: ~4 hours total on 4x H200 at ~$9/hr.,log:~4 hours; ~$9/hr,applications/alphafold/deploy/run_all_experiments.sh:16,hardware
hw_h200_spec,external-fact,spec,"H200 specification quoted in run_all_experiments.sh: 141 GB VRAM (564 GB for 4), 4.8 TB/s bandwidth, 1.4x H100.",log:141GB VRAM (564GB total); 4.8 TB/s; 1.4× H100,applications/alphafold/deploy/run_all_experiments.sh:17,external
meta_log_default_data_path,software,path,Default transactions path of run_all_experiments.sh (/workspace/data/transactions_214m.parquet; absent on this box).,log:/workspace/data/transactions_214m.parquet,applications/alphafold/deploy/run_all_experiments.sh:26,setup
doc_deploy_n_gpus_default,method-parameter,GPUs,N_GPUS default (4) in run_all_experiments.sh and deploy_base214m.sh.,log:4,applications/alphafold/deploy/run_all_experiments.sh:28;applications/alphafold/deploy/deploy_base214m.sh:260,setup
null_minc769_planned_time_min,hardware-dependent,min,Estimated runtime of the planned null@769 100-permutation experiment (~25 min).,log:~25 min,applications/alphafold/deploy/run_all_experiments.sh:82,hardware
null_minc8_planned_time_min,hardware-dependent,min,Estimated runtime of the planned null@8 100-permutation experiment (~100 min = 25 batches x ~4 min/perm on H200; the runbook says ~1.5-2 h).,log:~100 min (25 batches × ~4 min/perm on H200),applications/alphafold/deploy/run_all_experiments.sh:98,hardware
run_v35k_null_min_count,method-parameter,proteins,"min_count of the 35K-feature null model (planned/scripted, not a surviving result): 1092 in run_null_model_35k.sh (0.001% support, 5 permutations) vs --min-count 1090 in deploy_project_milky_way.sh (100 runs, 8 GPUs, seed 42) - CONFLICT 1092 vs 1090.",log:5 permutations; 0.001% support (min_count=1092) / --runs 100 --min-count 1090 --n-gpus 8 --seed 42,applications/alphafold/deploy/run_null_model_35k.sh:9;applications/alphafold/deploy/deploy_project_milky_way.sh:456,setup
run_v35k_null_perm_time_min,hardware-dependent,min,Expected runtime per permutation of the 35K null model (~30-60 min on 8x H200).,log:~30-60 min per permutation on 8× H200,applications/alphafold/deploy/run_null_model_35k.sh:10,hardware
run_v35k_null_support,method-parameter,fraction,SUPPORT default of run_null_model_35k.sh (0.00001 = 0.001%).,log:0.00001,applications/alphafold/deploy/run_null_model_35k.sh:15,setup
run_v35k_null_seed,method-parameter,seed,Random seed of the 35K null-model script (42).,log:42,applications/alphafold/deploy/run_null_model_35k.sh:50,setup
run_v35k_transactions_gb,deterministic,GB,Size of transactions_35k.parquet (~2.3 GB) per deploy_project_milky_way.sh.,log:~2.3 GB,applications/alphafold/deploy/deploy_project_milky_way.sh:128,rerun
run_v35k_bitvec_gb,deterministic,GB,"Bitvector matrix size of the 35K campaign (~478 GB, row-split across N x H200).",log:~478 GB,applications/alphafold/deploy/deploy_project_milky_way.sh:357,derived
hw_vast_shm_tb,hardware-dependent,TB,/dev/shm tmpfs size on the vast.ai H200 box (~1 TB).,log:~1TB,applications/alphafold/deploy/deploy_project_milky_way.sh:427,setup
run_v35k_max_length,method-parameter,K,"--max-length 8 of the 35K campaign's mining command in deploy_project_milky_way.sh (the cap behind its 'K=1--8'); the same row states --support 0.00001, --use-gpu and --n-gpus 8.",log:--support 0.00001 --max-length 8 --use-gpu --n-gpus 8,applications/alphafold/deploy/deploy_project_milky_way.sh:472,setup
doc_pipeline_raw_features_35k,deterministic,features,postprocess_tx.py docstring: the raw 35K-pipeline TSV from build_tx has 118K features at min_count=8 before postprocessing.,log:118K features at min_count=8,applications/alphafold/pipeline/postprocess_tx.py:5,setup
doc_pipeline_postprocess_min_count,method-parameter,proteins,--min-count default of postprocess_tx.py (3423).,log:3423,applications/alphafold/pipeline/postprocess_tx.py:183,setup
doc_pipeline_extract_defaults,method-parameter,params,"run_extract defaults in pipeline_214m.py: top_pfam=200, top_go=200, min_plddt=50.0 (the paper's run used 500 / 500).",log:top_pfam=200; top_go=200; min_plddt=50.0,applications/alphafold/pipeline/pipeline_214m.py:290,setup
doc_pipeline_frac_high_bins,method-parameter,bins,"frac_high binning in extract_features.py: pLDDT >90 -> 1.0, >70 -> 0.5, else 0.1.",log:pLDDT >90 → 1.0; >70 → 0.5; else 0.1,applications/alphafold/pipeline/extract_features.py:187,setup
run_power_son_chunk_size,method-parameter,transactions,"--chunk-size default of experiment_direct_vs_son.py for the SON path (40,000,000).","log:40,000,000",applications/alphafold/experiments/experiment_direct_vs_son.py:49,setup
run_power_son_local_support_factor,method-parameter,x,--local-support-factor default of the SON path in experiment_direct_vs_son.py (0.9).,log:0.9,applications/alphafold/experiments/experiment_direct_vs_son.py:53,setup
doc_pipeline_run_mining_support_default,method-parameter,fraction,--support default of run_mining.py (0.01).,log:0.01,applications/alphafold/pipeline/run_mining.py:193,setup
doc_pipeline_run_mining_max_length_default,method-parameter,K,--max-length default of run_mining.py (4).,log:4,applications/alphafold/pipeline/run_mining.py:195,setup
doc_pipeline_run_mining_baseline_runs_default,method-parameter,runs,--baseline-runs default of run_mining.py (5).,log:5,applications/alphafold/pipeline/run_mining.py:203,setup
doc_readme_rust_tier_speedup,hardware-dependent,x,"README claim: Rust tier (SIMD-vectorised CSR support counting, AVX2/AVX-512) 80-110x speedup.",log:80--110x,README.md:13,hardware
hw_max_tested_gpus,hardware-dependent,GPUs,README claim: multi-GPU support tested up to 8x H200.,log:8x H200,README.md:205,setup
doc_readme_cpu_stream1b_transactions,method-parameter,transactions,"README billion-scale CPU streaming benchmark: 1,000,000,000 transactions.","log:1,000,000,000",README.md:236,setup
doc_readme_cpu_stream1b_time_min,hardware-dependent,min,README billion-scale CPU streaming benchmark: 25.9 minutes.,log:25.9 minutes,README.md:237,hardware
doc_readme_cpu_stream1b_throughput_tx_s,hardware-dependent,tx/s,"README billion-scale CPU streaming benchmark: 643,139 tx/s.","log:643,139 tx/sec",README.md:238,hardware
doc_readme_cpu_stream1b_peak_memory_gb,hardware-dependent,GB,README billion-scale CPU streaming benchmark: 14.76 GB peak memory.,log:14.76 GB,README.md:239,hardware
doc_readme_cpu_stream1b_itemsets,deterministic,itemsets,README billion-scale CPU streaming benchmark: 326 itemsets found.,log:326,README.md:240,rerun
doc_readme_cpu_stream1b_hardware,hardware-dependent,hardware,"README billion-scale CPU streaming benchmark hardware: Intel Core Ultra 9 275HX (24 cores), 134 GB RAM.","log:Intel Core Ultra 9 275HX (24 cores), 134 GB RAM",README.md:241,setup
doc_readme_ea_819k_transactions,method-parameter,transactions,"README efficient-apriori comparison, dataset A: 819K transactions.",log:819K transactions,README.md:243,setup
doc_readme_ea_system,hardware-dependent,system,"README efficient-apriori comparison system: AMD Ryzen 5 4600G (12 cores), 30 GB RAM, CPython 3.14 free-threading, Polars 1.37, MKL sparse.","log:AMD Ryzen 5 4600G (12 cores), 30 GB RAM, CPython 3.14 free-threading, Polars 1.37, MKL sparse",README.md:245,setup
doc_readme_ea_819k_s0p005,hardware-dependent,support; itemsets; s / MB; s / MB; x,"README efficient-apriori vs et-miner table row (819K transactions, support 0.005): itemsets, efficient-apriori time/memory, et-miner time/memory, speedup.",log:0.005; 9; 1.21s / 641 MB; 0.24s / 329 MB; 5.0x,README.md:249,hardware
doc_readme_ea_819k_s0p001,hardware-dependent,support; itemsets; s / MB; s / MB; x,"README efficient-apriori vs et-miner table row (819K transactions, support 0.001): itemsets, efficient-apriori time/memory, et-miner time/memory, speedup.",log:0.001; 326; 3.5s / 644 MB; 2.15s / 475 MB; 1.6x,README.md:250,hardware
doc_readme_ea_819k_s0p0005,hardware-dependent,support; itemsets; s / MB; s / MB; x,"README efficient-apriori vs et-miner table row (819K transactions, support 0.0005): itemsets, efficient-apriori time/memory, et-miner time/memory, speedup.","log:0.0005; 1,151; 16.0s / 691 MB; 6.2s / 1113 MB; 2.6x",README.md:251,hardware
doc_readme_ea_819k_s0p0001,hardware-dependent,support; itemsets; s / MB; s / MB; x,"README efficient-apriori vs et-miner table row (819K transactions, support 0.0001): itemsets, efficient-apriori time/memory, et-miner time/memory, speedup.","log:0.0001; 11,159; 214.2s / 2693 MB; 179.9s / 9186 MB; 1.2x",README.md:252,hardware
doc_readme_ea_2p5m_transactions,method-parameter,transactions,"README efficient-apriori comparison, dataset B: 2.5M transactions.",log:2.5M transactions,README.md:254,setup
doc_readme_ea_2p5m_s0p005,hardware-dependent,support; itemsets; s / MB; s / MB; x,"README efficient-apriori vs et-miner table row (2.5M transactions, support 0.005): itemsets, efficient-apriori time/memory, et-miner time/memory, speedup.",log:0.005; 9; 3.9s / 1663 MB; 0.37s / 539 MB; 10.5x,README.md:258,hardware
doc_readme_ea_2p5m_s0p001,hardware-dependent,support; itemsets; s / MB; s / MB; x,"README efficient-apriori vs et-miner table row (2.5M transactions, support 0.001): itemsets, efficient-apriori time/memory, et-miner time/memory, speedup.",log:0.001; 336; 12.0s / 1671 MB; 3.5s / 1476 MB; 3.4x,README.md:259,hardware
doc_readme_ea_2p5m_s0p0005,hardware-dependent,support; itemsets; s / MB; s / MB; x,"README efficient-apriori vs et-miner table row (2.5M transactions, support 0.0005): itemsets, efficient-apriori time/memory, et-miner time/memory, speedup.","log:0.0005; 1,153; 53.7s / 1704 MB; 12.1s / 2369 MB; 4.4x",README.md:260,hardware
doc_readme_ea_2p5m_s0p0001,hardware-dependent,support; itemsets; s / MB; s / MB; x,"README efficient-apriori vs et-miner table row (2.5M transactions, support 0.0001): itemsets, efficient-apriori time/memory, et-miner time/memory, speedup.","log:0.0001; 10,894; 589.4s / 3758 MB; 262.7s / 12163 MB; 2.2x",README.md:261,hardware
doc_bench_readme_shm_size,method-parameter,GB,bench/README requirement: --shm-size >= 2 GB.,log:≥ 2 GB,bench/README.md:15,setup
doc_bench_readme_box_requirements,method-parameter,GB,"bench/README box requirements: disk >= 40 GB, host RAM >= 32 GB.",log:Disk ≥ 40 GB; host RAM ≥ 32 GB,bench/README.md:20,setup
doc_bench_readme_setup_duration,hardware-dependent,min,bench/README expected duration of setup_box.sh (~10 min).,log:~10 min,bench/README.md:30,hardware
doc_bench_readme_smoke_duration,hardware-dependent,min,bench/README expected duration of run_smoke.sh (~30-60 min).,log:~30-60 min,bench/README.md:31,hardware
doc_bench_readme_full_duration,hardware-dependent,h,bench/README expected duration of run_full.sh (~2-4 h).,log:~2-4 h,bench/README.md:33,hardware
