2026-09-02 06:58:55.693 | INFO     | utils:load_transactions:35 - Loading /root/projects/ET-Miner/runs/20260902T0000Z/phase2/extract_2026_01/transactions_214m_base_multi.parquet...
2026-09-02 06:58:57.111 | INFO     | utils:load_transactions:42 -   Loaded 76,890,945 proteins in 1.4s
2026-09-02 06:58:57.152 | INFO     | utils:load_transactions:47 -   Multi-feature filter: 76,890,945 → 76,890,945 (removed 0 single-feature proteins)
2026-09-02 06:58:57.152 | INFO     | __main__:main:354 - 
============================================================
2026-09-02 06:58:57.152 | INFO     | __main__:main:355 - Null Model Permutation Test
2026-09-02 06:58:57.152 | INFO     | __main__:main:356 - ============================================================
2026-09-02 06:58:57.153 | INFO     | __main__:main:357 -   min_count:      769
2026-09-02 06:58:57.153 | INFO     | __main__:main:358 -   min_support:    0.0000100012 (0.0010%)
2026-09-02 06:58:57.153 | INFO     | __main__:main:359 -   n_transactions: 76,890,945
2026-09-02 06:58:57.153 | INFO     | __main__:main:360 -   permutations:   5
2026-09-02 06:58:57.153 | INFO     | __main__:main:361 -   n_gpus:         2
2026-09-02 06:58:57.153 | INFO     | __main__:main:362 -   seed:           42
2026-09-02 06:58:57.153 | INFO     | __main__:main:369 - 
Mining REAL distribution (min_count=769, single-GPU for exactness)...
2026-09-02 06:58:57.154 | INFO     | et_miner.core.matrix:_build_csr_from_transactions:501 - Direct CSR path: 76,890,945 transactions, min_count=769
2026-09-02 06:58:57.736 | INFO     | et_miner.core.matrix:_build_csr_from_transactions:524 - Direct CSR path: 1002 frequent items
2026-09-02 06:58:59.556 | INFO     | et_miner.core.matrix:_build_csr_from_transactions:548 - Direct CSR path: 316,421,093 non-zeros
2026-09-02 06:59:11.629 | INFO     | et_miner.gpu.mining:_apriori_from_bitvecs:520 - APRIORI BITVEC: 1002 cols, 76,890,945 txns, min_support=0.00001000 (min_count=769), max_length=1002
2026-09-02 06:59:11.674 | INFO     | et_miner.gpu.mining:_log_level:497 -   K=1: candidates=1,002 → frequent=1,002 (0.0s) | cumulative=1,002 | RAM=11.1GB VRAM=17.9GB
/root/projects/ET-Miner/applications/alphafold/experiments/experiment_null_model.py:371: UserWarning: 100% of items are frequent (min_count=769). Mining may produce combinatorially explosive results. Consider raising min_support.
  real_result = apriori(df, min_support=min_support, use_gpu=True, max_length=None,
2026-09-02 06:59:12.541 | INFO     | et_miner.gpu.mining:_log_level:497 -   K=2: candidates=501,501 → frequent=22,019 (0.9s) | cumulative=23,021 | RAM=11.1GB VRAM=17.9GB
2026-09-02 06:59:37.644 | INFO     | et_miner.gpu.mining:_log_level:497 -   K=3: candidates=1,855,572 → frequent=73,205 (25.1s) | cumulative=96,226 | RAM=27.3GB VRAM=17.9GB
2026-09-02 06:59:37.654 | DEBUG    | et_miner.gpu.mining:_deallocate_dead_bitvecs:46 -     Pruning: zeroed 1 dead bitvecs at K=3 (9 MB logical)
2026-09-02 06:59:50.976 | INFO     | et_miner.gpu.mining:_log_level:497 -   K=4: candidates=1,506,134 → frequent=108,059 (13.3s) | cumulative=204,285 | RAM=27.3GB VRAM=17.9GB
2026-09-02 06:59:50.996 | DEBUG    | et_miner.gpu.mining:_deallocate_dead_bitvecs:46 -     Pruning: zeroed 8 dead bitvecs at K=4 (73 MB logical)
2026-09-02 06:59:59.915 | INFO     | et_miner.gpu.mining:_log_level:497 -   K=5: candidates=583,529 → frequent=104,239 (8.9s) | cumulative=308,524 | RAM=27.3GB VRAM=17.9GB
2026-09-02 06:59:59.939 | DEBUG    | et_miner.gpu.mining:_deallocate_dead_bitvecs:46 -     Pruning: zeroed 26 dead bitvecs at K=5 (238 MB logical)
2026-09-02 07:00:09.333 | INFO     | et_miner.gpu.mining:_log_level:497 -   K=6: candidates=186,587 → frequent=78,596 (9.4s) | cumulative=387,120 | RAM=27.4GB VRAM=17.9GB
2026-09-02 07:00:09.351 | DEBUG    | et_miner.gpu.mining:_deallocate_dead_bitvecs:46 -     Pruning: zeroed 59 dead bitvecs at K=6 (541 MB logical)
2026-09-02 07:00:16.695 | INFO     | et_miner.gpu.mining:_log_level:497 -   K=7: candidates=77,638 → frequent=48,699 (7.3s) | cumulative=435,819 | RAM=27.4GB VRAM=17.9GB
2026-09-02 07:00:16.709 | DEBUG    | et_miner.gpu.mining:_deallocate_dead_bitvecs:46 -     Pruning: zeroed 114 dead bitvecs at K=7 (1045 MB logical)
2026-09-02 07:00:21.263 | INFO     | et_miner.gpu.mining:_log_level:497 -   K=8: candidates=32,966 → frequent=25,011 (4.5s) | cumulative=460,830 | RAM=27.4GB VRAM=17.9GB
2026-09-02 07:00:21.274 | DEBUG    | et_miner.gpu.mining:_deallocate_dead_bitvecs:46 -     Pruning: zeroed 147 dead bitvecs at K=8 (1347 MB logical)
2026-09-02 07:00:23.709 | INFO     | et_miner.gpu.mining:_log_level:497 -   K=9: candidates=12,519 → frequent=10,508 (2.4s) | cumulative=471,338 | RAM=27.3GB VRAM=17.9GB
2026-09-02 07:00:23.713 | DEBUG    | et_miner.gpu.mining:_deallocate_dead_bitvecs:46 -     Pruning: zeroed 167 dead bitvecs at K=9 (1531 MB logical)
2026-09-02 07:00:24.632 | INFO     | et_miner.gpu.mining:_log_level:497 -   K=10: candidates=3,914 → frequent=3,488 (0.9s) | cumulative=474,826 | RAM=27.3GB VRAM=17.9GB
2026-09-02 07:00:24.634 | DEBUG    | et_miner.gpu.mining:_deallocate_dead_bitvecs:46 -     Pruning: zeroed 158 dead bitvecs at K=10 (1448 MB logical)
2026-09-02 07:00:24.948 | INFO     | et_miner.gpu.mining:_log_level:497 -   K=11: candidates=927 → frequent=869 (0.3s) | cumulative=475,695 | RAM=27.3GB VRAM=17.9GB
2026-09-02 07:00:24.949 | DEBUG    | et_miner.gpu.mining:_deallocate_dead_bitvecs:46 -     Pruning: zeroed 146 dead bitvecs at K=11 (1338 MB logical)
2026-09-02 07:00:25.069 | INFO     | et_miner.gpu.mining:_log_level:497 -   K=12: candidates=155 → frequent=152 (0.1s) | cumulative=475,847 | RAM=27.3GB VRAM=17.9GB
2026-09-02 07:00:25.070 | DEBUG    | et_miner.gpu.mining:_deallocate_dead_bitvecs:46 -     Pruning: zeroed 78 dead bitvecs at K=12 (715 MB logical)
2026-09-02 07:00:25.187 | INFO     | et_miner.gpu.mining:_log_level:497 -   K=13: candidates=17 → frequent=17 (0.1s) | cumulative=475,864 | RAM=27.3GB VRAM=17.9GB
2026-09-02 07:00:25.187 | DEBUG    | et_miner.gpu.mining:_deallocate_dead_bitvecs:46 -     Pruning: zeroed 54 dead bitvecs at K=13 (495 MB logical)
2026-09-02 07:00:25.291 | INFO     | et_miner.gpu.mining:_log_level:497 -   K=14: candidates=1 → frequent=1 (0.1s) | cumulative=475,865 | RAM=27.3GB VRAM=17.9GB
2026-09-02 07:00:25.291 | DEBUG    | et_miner.gpu.mining:_deallocate_dead_bitvecs:46 -     Pruning: zeroed 30 dead bitvecs at K=14 (275 MB logical)
2026-09-02 07:00:25.291 | INFO     | et_miner.gpu.mining:_apriori_from_bitvecs:770 -   Mining complete: K=14 reached max_length=1002. Total: 475,865 itemsets in 73.7s
2026-09-02 07:00:28.301 | INFO     | __main__:main:376 -   Real mining: 475,865 itemsets in 91.1s
2026-09-02 07:00:28.301 | INFO     | __main__:main:379 - 
  Real K-distribution:
2026-09-02 07:00:28.301 | INFO     | __main__:main:382 -     K= 1:      1,002 ( 0.21%)
2026-09-02 07:00:28.301 | INFO     | __main__:main:382 -     K= 2:     22,019 ( 4.63%)
2026-09-02 07:00:28.301 | INFO     | __main__:main:382 -     K= 3:     73,205 (15.38%)
2026-09-02 07:00:28.301 | INFO     | __main__:main:382 -     K= 4:    108,059 (22.71%)
2026-09-02 07:00:28.301 | INFO     | __main__:main:382 -     K= 5:    104,239 (21.91%)
2026-09-02 07:00:28.301 | INFO     | __main__:main:382 -     K= 6:     78,596 (16.52%)
2026-09-02 07:00:28.301 | INFO     | __main__:main:382 -     K= 7:     48,699 (10.23%)
2026-09-02 07:00:28.301 | INFO     | __main__:main:382 -     K= 8:     25,011 ( 5.26%)
2026-09-02 07:00:28.302 | INFO     | __main__:main:382 -     K= 9:     10,508 ( 2.21%)
2026-09-02 07:00:28.302 | INFO     | __main__:main:382 -     K=10:      3,488 ( 0.73%)
2026-09-02 07:00:28.302 | INFO     | __main__:main:382 -     K=11:        869 ( 0.18%)
2026-09-02 07:00:28.302 | INFO     | __main__:main:382 -     K=12:        152 ( 0.03%)
2026-09-02 07:00:28.302 | INFO     | __main__:main:382 -     K=13:         17 ( 0.00%)
2026-09-02 07:00:28.302 | INFO     | __main__:main:382 -     K=14:          1 ( 0.00%)
2026-09-02 07:00:28.304 | INFO     | __main__:main:463 - 
Running 5 permutations using 2-GPU row-split (GPU-resident shuffle, all GPUs per perm)...
/root/projects/ET-Miner/applications/alphafold/experiments/experiment_null_model.py:64: DeprecationWarning: In Polars 2.0, the default behavior for `empty_as_null` will change to `False`. To keep the current behavior, explicitly set `empty_as_null=True`.
  items = df.explode("items")["items"].to_numpy().astype(np.int64)
2026-09-02 07:00:32.496 | INFO     | __main__:_prepare_gpu_resident_data:70 -   GPU-resident prep: 76,890,945 proteins, 316,421,093 items, 1006 unique features, 2.5 GB items + 0.6 GB indptr
2026-09-02 07:00:32.497 | INFO     | __main__:main:473 - 
────────────────────────────────────────────────────────────
2026-09-02 07:00:32.497 | INFO     | __main__:main:474 - Null model run 1/5 (seed=7138484576005690180)
2026-09-02 07:00:32.497 | INFO     | __main__:main:475 - ────────────────────────────────────────────────────────────
2026-09-02 07:00:33.600 | INFO     | __main__:main:489 -   GPU shuffle+D2H: 1.1s
2026-09-02 07:00:33.700 | DEBUG    | et_miner.gpu.csr_bitvec:_build_shard:508 -   [GPU 0] Building bitvec: 38,445,473 rows, 158,211,114 nnz, ~4.8 GB (rows-balanced)
2026-09-02 07:00:33.700 | DEBUG    | et_miner.gpu.csr_bitvec:_build_shard:508 -   [GPU 1] Building bitvec: 38,445,472 rows, 158,209,979 nnz, ~4.8 GB (rows-balanced)
2026-09-02 07:00:35.869 | INFO     | __main__:main:497 -   Bitvec build: 2.3s
2026-09-02 07:00:35.870 | INFO     | et_miner.gpu.row_split:_apriori_row_split_multi_gpu:127 -   Row-split multi-GPU: 2 GPUs, min_count=769 (GPU-resident dense counting)
2026-09-02 07:00:35.870 | INFO     | et_miner.gpu.row_split:_apriori_row_split_multi_gpu:139 -   Pre-built bitvecs: 2 GPUs
2026-09-02 07:00:36.258 | INFO     | et_miner.gpu.row_split:_apriori_row_split_multi_gpu:170 -   NCCL: 2 communicators (ring all-reduce)
2026-09-02 07:00:36.280 | INFO     | et_miner.gpu.row_split:_apriori_row_split_multi_gpu:318 -   K=1: 1,002 frequent items in 0.0s
2026-09-02 07:00:36.321 | INFO     | et_miner.gpu.row_split:_apriori_row_split_multi_gpu:453 -   K=2: 501,501 total pairs, 1 chunk(s), dense output 0.00 GB/GPU per chunk
2026-09-02 07:00:36.838 | INFO     | et_miner.gpu.row_split_chunks:run_chunked_dense_level:285 -   K=2 chunk 1/1 filtering: 501,501 candidates → 63,715 frequent (12.7% pass rate, min_count=769)
2026-09-02 07:00:36.841 | INFO     | et_miner.gpu.row_split:_apriori_row_split_multi_gpu:599 -   K=2: 63,715 frequent in 0.6s
2026-09-02 07:00:36.853 | DEBUG    | et_miner.gpu.row_split:_apriori_row_split_multi_gpu:535 -   K=3: 9,749,922 candidates, 2 chunk(s), group data 0.0 GB, budget 3,149,177,811 cands/chunk
2026-09-02 07:00:36.855 | DEBUG    | et_miner.gpu.row_split_chunks:run_chunked_dense_level:267 -     K=3 chunk 1/2: candidates [0, 9,749,907)
2026-09-02 07:00:41.338 | INFO     | et_miner.gpu.row_split_chunks:run_chunked_dense_level:285 -   K=3 chunk 1/2 filtering: 9,749,907 candidates → 79,098 frequent (0.8% pass rate, min_count=769)
2026-09-02 07:00:41.338 | DEBUG    | et_miner.gpu.row_split_chunks:run_chunked_dense_level:267 -     K=3 chunk 2/2: candidates [9,749,907, 9,749,922) (legacy sub-chunk)
2026-09-02 07:00:41.344 | INFO     | et_miner.gpu.row_split_chunks:run_chunked_dense_level:285 -   K=3 chunk 2/2 filtering: 15 candidates → 0 frequent (0.0% pass rate, min_count=769)
2026-09-02 07:00:41.354 | INFO     | et_miner.gpu.row_split:_apriori_row_split_multi_gpu:599 -   K=3: 79,098 frequent in 4.5s
2026-09-02 07:00:41.363 | DEBUG    | et_miner.gpu.row_split:_apriori_row_split_multi_gpu:535 -   K=4: 8,324,372 candidates, 136 chunk(s), group data 0.0 GB, budget 3,149,158,008 cands/chunk
2026-09-02 07:00:41.365 | DEBUG    | et_miner.gpu.row_split_chunks:run_chunked_dense_level:267 -     K=4 chunk 1/136: candidates [0, 985,576)
2026-09-02 07:00:41.927 | INFO     | et_miner.gpu.row_split_chunks:run_chunked_dense_level:285 -   K=4 chunk 1/136 filtering: 985,576 candidates → 11,849 frequent (1.2% pass rate, min_count=769)
2026-09-02 07:00:41.927 | DEBUG    | et_miner.gpu.row_split_chunks:run_chunked_dense_level:267 -     K=4 chunk 2/136: candidates [985,576, 985,631) (legacy sub-chunk)
2026-09-02 07:00:41.931 | INFO     | et_miner.gpu.row_split_chunks:run_chunked_dense_level:285 -   K=4 chunk 2/136 filtering: 55 candidates → 0 frequent (0.0% pass rate, min_count=769)
2026-09-02 07:00:41.931 | DEBUG    | et_miner.gpu.row_split_chunks:run_chunked_dense_level:267 -     K=4 chunk 3/136: candidates [985,631, 986,141)
2026-09-02 07:00:41.983 | INFO     | et_miner.gpu.row_split_chunks:run_chunked_dense_level:285 -   K=4 chunk 3/136 filtering: 510 candidates → 0 frequent (0.0% pass rate, min_count=769)
2026-09-02 07:00:41.983 | DEBUG    | et_miner.gpu.row_split_chunks:run_chunked_dense_level:267 -     K=4 chunk 4/136: candidates [986,141, 986,186) (legacy sub-chunk)
2026-09-02 07:00:41.987 | INFO     | et_miner.gpu.row_split_chunks:run_chunked_dense_level:285 -   K=4 chunk 4/136 filtering: 45 candidates → 0 frequent (0.0% pass rate, min_count=769)
2026-09-02 07:00:41.987 | DEBUG    | et_miner.gpu.row_split_chunks:run_chunked_dense_level:267 -     K=4 chunk 5/136: candidates [986,186, 986,342)
2026-09-02 07:00:42.041 | INFO     | et_miner.gpu.row_split_chunks:run_chunked_dense_level:285 -   K=4 chunk 5/136 filtering: 156 candidates → 0 frequent (0.0% pass rate, min_count=769)
2026-09-02 07:00:42.041 | DEBUG    | et_miner.gpu.row_split_chunks:run_chunked_dense_level:267 -     K=4 chunk 6/136: candidates [986,342, 986,397) (legacy sub-chunk)
2026-09-02 07:00:42.044 | INFO     | et_miner.gpu.row_split_chunks:run_chunked_dense_level:285 -   K=4 chunk 6/136 filtering: 55 candidates → 0 frequent (0.0% pass rate, min_count=769)
2026-09-02 07:00:42.044 | DEBUG    | et_miner.gpu.row_split_chunks:run_chunked_dense_level:267 -     K=4 chunk 7/136: candidates [986,397, 986,463)
2026-09-02 07:00:42.100 | INFO     | et_miner.gpu.row_split_chunks:run_chunked_dense_level:285 -   K=4 chunk 7/136 filtering: 66 candidates → 0 frequent (0.0% pass rate, min_count=769)
2026-09-02 07:00:42.101 | DEBUG    | et_miner.gpu.row_split_chunks:run_chunked_dense_level:267 -     K=4 chunk 8/136: candidates [986,463, 986,518) (legacy sub-chunk)
2026-09-02 07:00:42.104 | INFO     | et_miner.gpu.row_split_chunks:run_chunked_dense_level:285 -   K=4 chunk 8/136 filtering: 55 candidates → 0 frequent (0.0% pass rate, min_count=769)
2026-09-02 07:00:42.104 | DEBUG    | et_miner.gpu.row_split_chunks:run_chunked_dense_level:267 -     K=4 chunk 9/136: candidates [986,518, 986,584)
2026-09-02 07:00:42.161 | INFO     | et_miner.gpu.row_split_chunks:run_chunked_dense_level:285 -   K=4 chunk 9/136 filtering: 66 candidates → 0 frequent (0.0% pass rate, min_count=769)
2026-09-02 07:00:42.161 | DEBUG    | et_miner.gpu.row_split_chunks:run_chunked_dense_level:267 -     K=4 chunk 10/136: candidates [986,584, 986,675) (legacy sub-chunk)
2026-09-02 07:00:42.164 | INFO     | et_miner.gpu.row_split_chunks:run_chunked_dense_level:285 -   K=4 chunk 10/136 filtering: 91 candidates → 0 frequent (0.0% pass rate, min_count=769)
2026-09-02 07:00:42.165 | DEBUG    | et_miner.gpu.row_split_chunks:run_chunked_dense_level:267 -     K=4 chunk 11/136: candidates [986,675, 986,831)
2026-09-02 07:00:42.219 | INFO     | et_miner.gpu.row_split_chunks:run_chunked_dense_level:285 -   K=4 chunk 11/136 filtering: 156 candidates → 0 frequent (0.0% pass rate, min_count=769)
2026-09-02 07:00:42.219 | DEBUG    | et_miner.gpu.row_split_chunks:run_chunked_dense_level:267 -     K=4 chunk 12/136: candidates [986,831, 986,886) (legacy sub-chunk)
2026-09-02 07:00:42.222 | INFO     | et_miner.gpu.row_split_chunks:run_chunked_dense_level:285 -   K=4 chunk 12/136 filtering: 55 candidates → 0 frequent (0.0% pass rate, min_count=769)
2026-09-02 07:00:42.222 | DEBUG    | et_miner.gpu.row_split_chunks:run_chunked_dense_level:267 -     K=4 chunk 13/136: candidates [986,886, 987,018)
2026-09-02 07:00:42.276 | INFO     | et_miner.gpu.row_split_chunks:run_chunked_dense_level:285 -   K=4 chunk 13/136 filtering: 132 candidates → 0 frequent (0.0% pass rate, min_count=769)
2026-09-02 07:00:42.277 | DEBUG    | et_miner.gpu.row_split_chunks:run_chunked_dense_level:267 -     K=4 chunk 14/136: candidates [987,018, 987,118) (legacy sub-chunk)
2026-09-02 07:00:42.280 | INFO     | et_miner.gpu.row_split_chunks:run_chunked_dense_level:285 -   K=4 chunk 14/136 filtering: 100 candidates → 0 frequent (0.0% pass rate, min_count=769)
2026-09-02 07:00:42.280 | DEBUG    | et_miner.gpu.row_split_chunks:run_chunked_dense_level:267 -     K=4 chunk 15/136: candidates [987,118, 987,250)
2026-09-02 07:00:42.334 | INFO     | et_miner.gpu.row_split_chunks:run_chunked_dense_level:285 -   K=4 chunk 15/136 filtering: 132 candidates → 0 frequent (0.0% pass rate, min_count=769)
2026-09-02 07:00:42.334 | DEBUG    | et_miner.gpu.row_split_chunks:run_chunked_dense_level:267 -     K=4 chunk 16/136: candidates [987,250, 987,377) (legacy sub-chunk)
2026-09-02 07:00:42.337 | INFO     | et_miner.gpu.row_split_chunks:run_chunked_dense_level:285 -   K=4 chunk 16/136 filtering: 127 candidates → 0 frequent (0.0% pass rate, min_count=769)
2026-09-02 07:00:42.338 | DEBUG    | et_miner.gpu.row_split_chunks:run_chunked_dense_level:267 -     K=4 chunk 17/136: candidates [987,377, 987,443)
2026-09-02 07:00:42.394 | INFO     | et_miner.gpu.row_split_chunks:run_chunked_dense_level:285 -   K=4 chunk 17/136 filtering: 66 candidates → 0 frequent (0.0% pass rate, min_count=769)
2026-09-02 07:00:42.394 | DEBUG    | et_miner.gpu.row_split_chunks:run_chunked_dense_level:267 -     K=4 chunk 18/136: candidates [987,443, 987,714) (legacy sub-chunk)
2026-09-02 07:00:42.397 | INFO     | et_miner.gpu.row_split_chunks:run_chunked_dense_level:285 -   K=4 chunk 18/136 filtering: 271 candidates → 0 frequent (0.0% pass rate, min_count=769)
2026-09-02 07:00:42.397 | DEBUG    | et_miner.gpu.row_split_chunks:run_chunked_dense_level:267 -     K=4 chunk 19/136: candidates [987,714, 987,780)
2026-09-02 07:00:42.453 | INFO     | et_miner.gpu.row_split_chunks:run_chunked_dense_level:285 -   K=4 chunk 19/136 filtering: 66 candidates → 0 frequent (0.0% pass rate, min_count=769)
2026-09-02 07:00:42.453 | DEBUG    | et_miner.gpu.row_split_chunks:run_chunked_dense_level:267 -     K=4 chunk 20/136: candidates [987,780, 994,272) (legacy sub-chunk)
2026-09-02 07:00:42.481 | INFO     | et_miner.gpu.row_split_chunks:run_chunked_dense_level:285 -   K=4 chunk 20/136 filtering: 6,492 candidates → 0 frequent (0.0% pass rate, min_count=769)
2026-09-02 07:00:42.481 | DEBUG    | et_miner.gpu.row_split_chunks:run_chunked_dense_level:267 -     K=4 chunk 21/136: candidates [994,272, 3,918,567)
2026-09-02 07:00:43.797 | INFO     | et_miner.gpu.row_split_chunks:run_chunked_dense_level:285 -   K=4 chunk 21/136 filtering: 2,924,295 candidates → 6,959 frequent (0.2% pass rate, min_count=769)
2026-09-02 07:00:43.797 | DEBUG    | et_miner.gpu.row_split_chunks:run_chunked_dense_level:267 -     K=4 chunk 22/136: candidates [3,918,567, 3,918,664) (legacy sub-chunk)
2026-09-02 07:00:43.801 | INFO     | et_miner.gpu.row_split_chunks:run_chunked_dense_level:285 -   K=4 chunk 22/136 filtering: 97 candidates → 0 frequent (0.0% pass rate, min_count=769)
2026-09-02 07:00:43.801 | DEBUG    | et_miner.gpu.row_split_chunks:run_chunked_dense_level:267 -     K=4 chunk 23/136: candidates [3,918,664, 4,151,513)
2026-09-02 07:00:44.006 | INFO     | et_miner.gpu.row_split_chunks:run_chunked_dense_level:285 -   K=4 chunk 23/136 filtering: 232,849 candidates → 813 frequent (0.3% pass rate, min_count=769)
2026-09-02 07:00:44.006 | DEBUG    | et_miner.gpu.row_split_chunks:run_chunked_dense_level:267 -     K=4 chunk 24/136: candidates [4,151,513, 4,151,568) (legacy sub-chunk)
2026-09-02 07:00:44.009 | INFO     | et_miner.gpu.row_split_chunks:run_chunked_dense_level:285 -   K=4 chunk 24/136 filtering: 55 candidates → 0 frequent (0.0% pass rate, min_count=769)
2026-09-02 07:00:44.010 | DEBUG    | et_miner.gpu.row_split_chunks:run_chunked_dense_level:267 -     K=4 chunk 25/136: candidates [4,151,568, 4,152,078)
2026-09-02 07:00:44.061 | INFO     | et_miner.gpu.row_split_chunks:run_chunked_dense_level:285 -   K=4 chunk 25/136 filtering: 510 candidates → 0 frequent (0.0% pass rate, min_count=769)
2026-09-02 07:00:44.061 | DEBUG    | et_miner.gpu.row_split_chunks:run_chunked_dense_level:267 -     K=4 chunk 26/136: candidates [4,152,078, 4,152,123) (legacy sub-chunk)
2026-09-02 07:00:44.065 | INFO     | et_miner.gpu.row_split_chunks:run_chunked_dense_level:285 -   K=4 chunk 26/136 filtering: 45 candidates → 0 frequent (0.0% pass rate, min_count=769)
2026-09-02 07:00:44.065 | DEBUG    | et_miner.gpu.row_split_chunks:run_chunked_dense_level:267 -     K=4 chunk 27/136: candidates [4,152,123, 4,152,189)
2026-09-02 07:00:44.121 | INFO     | et_miner.gpu.row_split_chunks:run_chunked_dense_level:285 -   K=4 chunk 27/136 filtering: 66 candidates → 0 frequent (0.0% pass rate, min_count=769)
2026-09-02 07:00:44.121 | DEBUG    | et_miner.gpu.row_split_chunks:run_chunked_dense_level:267 -     K=4 chunk 28/136: candidates [4,152,189, 4,152,244) (legacy sub-chunk)
2026-09-02 07:00:44.125 | INFO     | et_miner.gpu.row_split_chunks:run_chunked_dense_level:285 -   K=4 chunk 28/136 filtering: 55 candidates → 0 frequent (0.0% pass rate, min_count=769)
2026-09-02 07:00:44.125 | DEBUG    | et_miner.gpu.row_split_chunks:run_chunked_dense_level:267 -     K=4 chunk 29/136: candidates [4,152,244, 4,152,310)
2026-09-02 07:00:44.181 | INFO     | et_miner.gpu.row_split_chunks:run_chunked_dense_level:285 -   K=4 chunk 29/136 filtering: 66 candidates → 0 frequent (0.0% pass rate, min_count=769)
2026-09-02 07:00:44.181 | DEBUG    | et_miner.gpu.row_split_chunks:run_chunked_dense_level:267 -     K=4 chunk 30/136: candidates [4,152,310, 4,152,391) (legacy sub-chunk)
2026-09-02 07:00:44.184 | INFO     | et_miner.gpu.row_split_chunks:run_chunked_dense_level:285 -   K=4 chunk 30/136 filtering: 81 candidates → 0 frequent (0.0% pass rate, min_count=769)
2026-09-02 07:00:44.185 | DEBUG    | et_miner.gpu.row_split_chunks:run_chunked_dense_level:267 -     K=4 chunk 31/136: candidates [4,152,391, 4,152,457)
2026-09-02 07:00:44.241 | INFO     | et_miner.gpu.row_split_chunks:run_chunked_dense_level:285 -   K=4 chunk 31/136 filtering: 66 candidates → 0 frequent (0.0% pass rate, min_count=769)
2026-09-02 07:00:44.241 | DEBUG    | et_miner.gpu.row_split_chunks:run_chunked_dense_level:267 -     K=4 chunk 32/136: candidates [4,152,457, 4,162,110) (legacy sub-chunk)
2026-09-02 07:00:44.279 | INFO     | et_miner.gpu.row_split_chunks:run_chunked_dense_level:285 -   K=4 chunk 32/136 filtering: 9,653 candidates → 0 frequent (0.0% pass rate, min_count=769)
2026-09-02 07:00:44.280 | DEBUG    | et_miner.gpu.row_split_chunks:run_chunked_dense_level:267 -     K=4 chunk 33/136: candidates [4,162,110, 6,301,808)
2026-09-02 07:00:45.249 | INFO     | et_miner.gpu.row_split_chunks:run_chunked_dense_level:285 -   K=4 chunk 33/136 filtering: 2,139,698 candidates → 4,525 frequent (0.2% pass rate, min_count=769)
2026-09-02 07:00:45.250 | DEBUG    | et_miner.gpu.row_split_chunks:run_chunked_dense_level:267 -     K=4 chunk 34/136: candidates [6,301,808, 6,301,989) (legacy sub-chunk)
2026-09-02 07:00:45.253 | INFO     | et_miner.gpu.row_split_chunks:run_chunked_dense_level:285 -   K=4 chunk 34/136 filtering: 181 candidates → 0 frequent (0.0% pass rate, min_count=769)
2026-09-02 07:00:45.253 | DEBUG    | et_miner.gpu.row_split_chunks:run_chunked_dense_level:267 -     K=4 chunk 35/136: candidates [6,301,989, 6,321,130)
2026-09-02 07:00:45.356 | INFO     | et_miner.gpu.row_split_chunks:run_chunked_dense_level:285 -   K=4 chunk 35/136 filtering: 19,141 candidates → 37 frequent (0.2% pass rate, min_count=769)
2026-09-02 07:00:45.356 | DEBUG    | et_miner.gpu.row_split_chunks:run_chunked_dense_level:267 -     K=4 chunk 36/136: candidates [6,321,130, 6,321,327) (legacy sub-chunk)
2026-09-02 07:00:45.359 | INFO     | et_miner.gpu.row_split_chunks:run_chunked_dense_level:285 -   K=4 chunk 36/136 filtering: 197 candidates → 0 frequent (0.0% pass rate, min_count=769)
2026-09-02 07:00:45.359 | DEBUG    | et_miner.gpu.row_split_chunks:run_chunked_dense_level:267 -     K=4 chunk 37/136: candidates [6,321,327, 6,334,353)
2026-09-02 07:00:45.464 | INFO     | et_miner.gpu.row_split_chunks:run_chunked_dense_level:285 -   K=4 chunk 37/136 filtering: 13,026 candidates → 25 frequent (0.2% pass rate, min_count=769)
2026-09-02 07:00:45.464 | DEBUG    | et_miner.gpu.row_split_chunks:run_chunked_dense_level:267 -     K=4 chunk 38/136: candidates [6,334,353, 6,334,472) (legacy sub-chunk)
2026-09-02 07:00:45.468 | INFO     | et_miner.gpu.row_split_chunks:run_chunked_dense_level:285 -   K=4 chunk 38/136 filtering: 119 candidates → 0 frequent (0.0% pass rate, min_count=769)
2026-09-02 07:00:45.468 | DEBUG    | et_miner.gpu.row_split_chunks:run_chunked_dense_level:267 -     K=4 chunk 39/136: candidates [6,334,472, 6,338,488)
2026-09-02 07:00:45.558 | INFO     | et_miner.gpu.row_split_chunks:run_chunked_dense_level:285 -   K=4 chunk 39/136 filtering: 4,016 candidates → 7 frequent (0.2% pass rate, min_count=769)
2026-09-02 07:00:45.558 | DEBUG    | et_miner.gpu.row_split_chunks:run_chunked_dense_level:267 -     K=4 chunk 40/136: candidates [6,338,488, 6,338,516) (legacy sub-chunk)
2026-09-02 07:00:45.562 | INFO     | et_miner.gpu.row_split_chunks:run_chunked_dense_level:285 -   K=4 chunk 40/136 filtering: 28 candidates → 0 frequent (0.0% pass rate, min_count=769)
2026-09-02 07:00:45.562 | DEBUG    | et_miner.gpu.row_split_chunks:run_chunked_dense_level:267 -     K=4 chunk 41/136: candidates [6,338,516, 6,342,611)
2026-09-02 07:00:45.653 | INFO     | et_miner.gpu.row_split_chunks:run_chunked_dense_level:285 -   K=4 chunk 41/136 filtering: 4,095 candidates → 5 frequent (0.1% pass rate, min_count=769)
2026-09-02 07:00:45.653 | DEBUG    | et_miner.gpu.row_split_chunks:run_chunked_dense_level:267 -     K=4 chunk 42/136: candidates [6,342,611, 6,342,632) (legacy sub-chunk)
2026-09-02 07:00:45.656 | INFO     | et_miner.gpu.row_split_chunks:run_chunked_dense_level:285 -   K=4 chunk 42/136 filtering: 21 candidates → 0 frequent (0.0% pass rate, min_count=769)
2026-09-02 07:00:45.656 | DEBUG    | et_miner.gpu.row_split_chunks:run_chunked_dense_level:267 -     K=4 chunk 43/136: candidates [6,342,632, 6,345,165)
2026-09-02 07:00:45.734 | INFO     | et_miner.gpu.row_split_chunks:run_chunked_dense_level:285 -   K=4 chunk 43/136 filtering: 2,533 candidates → 3 frequent (0.1% pass rate, min_count=769)
2026-09-02 07:00:45.734 | DEBUG    | et_miner.gpu.row_split_chunks:run_chunked_dense_level:267 -     K=4 chunk 44/136: candidates [6,345,165, 6,345,220) (legacy sub-chunk)
2026-09-02 07:00:45.737 | INFO     | et_miner.gpu.row_split_chunks:run_chunked_dense_level:285 -   K=4 chunk 44/136 filtering: 55 candidates → 0 frequent (0.0% pass rate, min_count=769)
2026-09-02 07:00:45.737 | DEBUG    | et_miner.gpu.row_split_chunks:run_chunked_dense_level:267 -     K=4 chunk 45/136: candidates [6,345,220, 6,347,561)
2026-09-02 07:00:45.819 | INFO     | et_miner.gpu.row_split_chunks:run_chunked_dense_level:285 -   K=4 chunk 45/136 filtering: 2,341 candidates → 3 frequent (0.1% pass rate, min_count=769)
2026-09-02 07:00:45.819 | DEBUG    | et_miner.gpu.row_split_chunks:run_chunked_dense_level:267 -     K=4 chunk 46/136: candidates [6,347,561, 6,347,603) (legacy sub-chunk)
2026-09-02 07:00:45.822 | INFO     | et_miner.gpu.row_split_chunks:run_chunked_dense_level:285 -   K=4 chunk 46/136 filtering: 42 candidates → 0 frequent (0.0% pass rate, min_count=769)
2026-09-02 07:00:45.822 | DEBUG    | et_miner.gpu.row_split_chunks:run_chunked_dense_level:267 -     K=4 chunk 47/136: candidates [6,347,603, 6,349,312)
2026-09-02 07:00:45.906 | INFO     | et_miner.gpu.row_split_chunks:run_chunked_dense_level:285 -   K=4 chunk 47/136 filtering: 1,709 candidates → 1 frequent (0.1% pass rate, min_count=769)
2026-09-02 07:00:45.906 | DEBUG    | et_miner.gpu.row_split_chunks:run_chunked_dense_level:267 -     K=4 chunk 48/136: candidates [6,349,312, 6,349,395) (legacy sub-chunk)
2026-09-02 07:00:45.909 | INFO     | et_miner.gpu.row_split_chunks:run_chunked_dense_level:285 -   K=4 chunk 48/136 filtering: 83 candidates → 0 frequent (0.0% pass rate, min_count=769)
2026-09-02 07:00:45.909 | DEBUG    | et_miner.gpu.row_split_chunks:run_chunked_dense_level:267 -     K=4 chunk 49/136: candidates [6,349,395, 6,350,131)
2026-09-02 07:00:45.970 | INFO     | et_miner.gpu.row_split_chunks:run_chunked_dense_level:285 -   K=4 chunk 49/136 filtering: 736 candidates → 0 frequent (0.0% pass rate, min_count=769)
2026-09-02 07:00:45.970 | DEBUG    | et_miner.gpu.row_split_chunks:run_chunked_dense_level:267 -     K=4 chunk 50/136: candidates [6,350,131, 6,350,204) (legacy sub-chunk)
2026-09-02 07:00:45.973 | INFO     | et_miner.gpu.row_split_chunks:run_chunked_dense_level:285 -   K=4 chunk 50/136 filtering: 73 candidates → 0 frequent (0.0% pass rate, min_count=769)
2026-09-02 07:00:45.973 | DEBUG    | et_miner.gpu.row_split_chunks:run_chunked_dense_level:267 -     K=4 chunk 51/136: candidates [6,350,204, 6,350,855)
2026-09-02 07:00:46.034 | INFO     | et_miner.gpu.row_split_chunks:run_chunked_dense_level:285 -   K=4 chunk 51/136 filtering: 651 candidates → 0 frequent (0.0% pass rate, min_count=769)
2026-09-02 07:00:46.034 | DEBUG    | et_miner.gpu.row_split_chunks:run_chunked_dense_level:267 -     K=4 chunk 52/136: candidates [6,350,855, 6,350,911) (legacy sub-chunk)
2026-09-02 07:00:46.037 | INFO     | et_miner.gpu.row_split_chunks:run_chunked_dense_level:285 -   K=4 chunk 52/136 filtering: 56 candidates → 0 frequent (0.0% pass rate, min_count=769)
2026-09-02 07:00:46.037 | DEBUG    | et_miner.gpu.row_split_chunks:run_chunked_dense_level:267 -     K=4 chunk 53/136: candidates [6,350,911, 6,351,595)
2026-09-02 07:00:46.098 | INFO     | et_miner.gpu.row_split_chunks:run_chunked_dense_level:285 -   K=4 chunk 53/136 filtering: 684 candidates → 0 frequent (0.0% pass rate, min_count=769)
2026-09-02 07:00:46.098 | DEBUG    | et_miner.gpu.row_split_chunks:run_chunked_dense_level:267 -     K=4 chunk 54/136: candidates [6,351,595, 6,351,644) (legacy sub-chunk)
2026-09-02 07:00:46.101 | INFO     | et_miner.gpu.row_split_chunks:run_chunked_dense_level:285 -   K=4 chunk 54/136 filtering: 49 candidates → 0 frequent (0.0% pass rate, min_count=769)
2026-09-02 07:00:46.101 | DEBUG    | et_miner.gpu.row_split_chunks:run_chunked_dense_level:267 -     K=4 chunk 55/136: candidates [6,351,644, 6,352,246)
2026-09-02 07:00:46.164 | INFO     | et_miner.gpu.row_split_chunks:run_chunked_dense_level:285 -   K=4 chunk 55/136 filtering: 602 candidates → 0 frequent (0.0% pass rate, min_count=769)
2026-09-02 07:00:46.164 | DEBUG    | et_miner.gpu.row_split_chunks:run_chunked_dense_level:267 -     K=4 chunk 56/136: candidates [6,352,246, 6,352,278) (legacy sub-chunk)
2026-09-02 07:00:46.167 | INFO     | et_miner.gpu.row_split_chunks:run_chunked_dense_level:285 -   K=4 chunk 56/136 filtering: 32 candidates → 0 frequent (0.0% pass rate, min_count=769)
2026-09-02 07:00:46.167 | DEBUG    | et_miner.gpu.row_split_chunks:run_chunked_dense_level:267 -     K=4 chunk 57/136: candidates [6,352,278, 6,352,836)
2026-09-02 07:00:46.228 | INFO     | et_miner.gpu.row_split_chunks:run_chunked_dense_level:285 -   K=4 chunk 57/136 filtering: 558 candidates → 0 frequent (0.0% pass rate, min_count=769)
2026-09-02 07:00:46.228 | DEBUG    | et_miner.gpu.row_split_chunks:run_chunked_dense_level:267 -     K=4 chunk 58/136: candidates [6,352,836, 6,352,876) (legacy sub-chunk)
2026-09-02 07:00:46.232 | INFO     | et_miner.gpu.row_split_chunks:run_chunked_dense_level:285 -   K=4 chunk 58/136 filtering: 40 candidates → 0 frequent (0.0% pass rate, min_count=769)
2026-09-02 07:00:46.232 | DEBUG    | et_miner.gpu.row_split_chunks:run_chunked_dense_level:267 -     K=4 chunk 59/136: candidates [6,352,876, 6,353,463)
2026-09-02 07:00:46.292 | INFO     | et_miner.gpu.row_split_chunks:run_chunked_dense_level:285 -   K=4 chunk 59/136 filtering: 587 candidates → 0 frequent (0.0% pass rate, min_count=769)
2026-09-02 07:00:46.292 | DEBUG    | et_miner.gpu.row_split_chunks:run_chunked_dense_level:267 -     K=4 chunk 60/136: candidates [6,353,463, 6,353,503) (legacy sub-chunk)
2026-09-02 07:00:46.296 | INFO     | et_miner.gpu.row_split_chunks:run_chunked_dense_level:285 -   K=4 chunk 60/136 filtering: 40 candidates → 0 frequent (0.0% pass rate, min_count=769)
2026-09-02 07:00:46.296 | DEBUG    | et_miner.gpu.row_split_chunks:run_chunked_dense_level:267 -     K=4 chunk 61/136: candidates [6,353,503, 6,354,002)
2026-09-02 07:00:46.356 | INFO     | et_miner.gpu.row_split_chunks:run_chunked_dense_level:285 -   K=4 chunk 61/136 filtering: 499 candidates → 0 frequent (0.0% pass rate, min_count=769)
2026-09-02 07:00:46.356 | DEBUG    | et_miner.gpu.row_split_chunks:run_chunked_dense_level:267 -     K=4 chunk 62/136: candidates [6,354,002, 6,354,034) (legacy sub-chunk)
2026-09-02 07:00:46.360 | INFO     | et_miner.gpu.row_split_chunks:run_chunked_dense_level:285 -   K=4 chunk 62/136 filtering: 32 candidates → 0 frequent (0.0% pass rate, min_count=769)
2026-09-02 07:00:46.360 | DEBUG    | et_miner.gpu.row_split_chunks:run_chunked_dense_level:267 -     K=4 chunk 63/136: candidates [6,354,034, 6,354,362)
2026-09-02 07:00:46.421 | INFO     | et_miner.gpu.row_split_chunks:run_chunked_dense_level:285 -   K=4 chunk 63/136 filtering: 328 candidates → 0 frequent (0.0% pass rate, min_count=769)
2026-09-02 07:00:46.421 | DEBUG    | et_miner.gpu.row_split_chunks:run_chunked_dense_level:267 -     K=4 chunk 64/136: candidates [6,354,362, 6,354,431) (legacy sub-chunk)
2026-09-02 07:00:46.424 | INFO     | et_miner.gpu.row_split_chunks:run_chunked_dense_level:285 -   K=4 chunk 64/136 filtering: 69 candidates → 0 frequent (0.0% pass rate, min_count=769)
2026-09-02 07:00:46.424 | DEBUG    | et_miner.gpu.row_split_chunks:run_chunked_dense_level:267 -     K=4 chunk 65/136: candidates [6,354,431, 6,354,642)
2026-09-02 07:00:46.484 | INFO     | et_miner.gpu.row_split_chunks:run_chunked_dense_level:285 -   K=4 chunk 65/136 filtering: 211 candidates → 0 frequent (0.0% pass rate, min_count=769)
2026-09-02 07:00:46.484 | DEBUG    | et_miner.gpu.row_split_chunks:run_chunked_dense_level:267 -     K=4 chunk 66/136: candidates [6,354,642, 6,354,697) (legacy sub-chunk)
2026-09-02 07:00:46.488 | INFO     | et_miner.gpu.row_split_chunks:run_chunked_dense_level:285 -   K=4 chunk 66/136 filtering: 55 candidates → 0 frequent (0.0% pass rate, min_count=769)
2026-09-02 07:00:46.488 | DEBUG    | et_miner.gpu.row_split_chunks:run_chunked_dense_level:267 -     K=4 chunk 67/136: candidates [6,354,697, 6,354,763)
2026-09-02 07:00:46.545 | INFO     | et_miner.gpu.row_split_chunks:run_chunked_dense_level:285 -   K=4 chunk 67/136 filtering: 66 candidates → 0 frequent (0.0% pass rate, min_count=769)
2026-09-02 07:00:46.546 | DEBUG    | et_miner.gpu.row_split_chunks:run_chunked_dense_level:267 -     K=4 chunk 68/136: candidates [6,354,763, 6,354,773) (legacy sub-chunk)
2026-09-02 07:00:46.549 | INFO     | et_miner.gpu.row_split_chunks:run_chunked_dense_level:285 -   K=4 chunk 68/136 filtering: 10 candidates → 0 frequent (0.0% pass rate, min_count=769)
2026-09-02 07:00:46.549 | DEBUG    | et_miner.gpu.row_split_chunks:run_chunked_dense_level:267 -     K=4 chunk 69/136: candidates [6,354,773, 6,355,053)
2026-09-02 07:00:46.611 | INFO     | et_miner.gpu.row_split_chunks:run_chunked_dense_level:285 -   K=4 chunk 69/136 filtering: 280 candidates → 0 frequent (0.0% pass rate, min_count=769)
2026-09-02 07:00:46.611 | DEBUG    | et_miner.gpu.row_split_chunks:run_chunked_dense_level:267 -     K=4 chunk 70/136: candidates [6,355,053, 6,355,117) (legacy sub-chunk)
2026-09-02 07:00:46.615 | INFO     | et_miner.gpu.row_split_chunks:run_chunked_dense_level:285 -   K=4 chunk 70/136 filtering: 64 candidates → 0 frequent (0.0% pass rate, min_count=769)
2026-09-02 07:00:46.615 | DEBUG    | et_miner.gpu.row_split_chunks:run_chunked_dense_level:267 -     K=4 chunk 71/136: candidates [6,355,117, 6,355,460)
2026-09-02 07:00:46.678 | INFO     | et_miner.gpu.row_split_chunks:run_chunked_dense_level:285 -   K=4 chunk 71/136 filtering: 343 candidates → 0 frequent (0.0% pass rate, min_count=769)
2026-09-02 07:00:46.678 | DEBUG    | et_miner.gpu.row_split_chunks:run_chunked_dense_level:267 -     K=4 chunk 72/136: candidates [6,355,460, 6,355,469) (legacy sub-chunk)
2026-09-02 07:00:46.681 | INFO     | et_miner.gpu.row_split_chunks:run_chunked_dense_level:285 -   K=4 chunk 72/136 filtering: 9 candidates → 0 frequent (0.0% pass rate, min_count=769)
2026-09-02 07:00:46.681 | DEBUG    | et_miner.gpu.row_split_chunks:run_chunked_dense_level:267 -     K=4 chunk 73/136: candidates [6,355,469, 6,355,680)
2026-09-02 07:00:46.741 | INFO     | et_miner.gpu.row_split_chunks:run_chunked_dense_level:285 -   K=4 chunk 73/136 filtering: 211 candidates → 0 frequent (0.0% pass rate, min_count=769)
2026-09-02 07:00:46.741 | DEBUG    | et_miner.gpu.row_split_chunks:run_chunked_dense_level:267 -     K=4 chunk 74/136: candidates [6,355,680, 6,355,735) (legacy sub-chunk)
2026-09-02 07:00:46.744 | INFO     | et_miner.gpu.row_split_chunks:run_chunked_dense_level:285 -   K=4 chunk 74/136 filtering: 55 candidates → 0 frequent (0.0% pass rate, min_count=769)
2026-09-02 07:00:46.744 | DEBUG    | et_miner.gpu.row_split_chunks:run_chunked_dense_level:267 -     K=4 chunk 75/136: candidates [6,355,735, 6,355,801)
2026-09-02 07:00:46.802 | INFO     | et_miner.gpu.row_split_chunks:run_chunked_dense_level:285 -   K=4 chunk 75/136 filtering: 66 candidates → 0 frequent (0.0% pass rate, min_count=769)
2026-09-02 07:00:46.802 | DEBUG    | et_miner.gpu.row_split_chunks:run_chunked_dense_level:267 -     K=4 chunk 76/136: candidates [6,355,801, 6,355,814) (legacy sub-chunk)
2026-09-02 07:00:46.805 | INFO     | et_miner.gpu.row_split_chunks:run_chunked_dense_level:285 -   K=4 chunk 76/136 filtering: 13 candidates → 0 frequent (0.0% pass rate, min_count=769)
2026-09-02 07:00:46.805 | DEBUG    | et_miner.gpu.row_split_chunks:run_chunked_dense_level:267 -     K=4 chunk 77/136: candidates [6,355,814, 6,356,107)
2026-09-02 07:00:46.868 | INFO     | et_miner.gpu.row_split_chunks:run_chunked_dense_level:285 -   K=4 chunk 77/136 filtering: 293 candidates → 0 frequent (0.0% pass rate, min_count=769)
2026-09-02 07:00:46.868 | DEBUG    | et_miner.gpu.row_split_chunks:run_chunked_dense_level:267 -     K=4 chunk 78/136: candidates [6,356,107, 6,356,172) (legacy sub-chunk)
2026-09-02 07:00:46.871 | INFO     | et_miner.gpu.row_split_chunks:run_chunked_dense_level:285 -   K=4 chunk 78/136 filtering: 65 candidates → 0 frequent (0.0% pass rate, min_count=769)
2026-09-02 07:00:46.871 | DEBUG    | et_miner.gpu.row_split_chunks:run_chunked_dense_level:267 -     K=4 chunk 79/136: candidates [6,356,172, 6,356,449)
2026-09-02 07:00:46.933 | INFO     | et_miner.gpu.row_split_chunks:run_chunked_dense_level:285 -   K=4 chunk 79/136 filtering: 277 candidates → 0 frequent (0.0% pass rate, min_count=769)
2026-09-02 07:00:46.933 | DEBUG    | et_miner.gpu.row_split_chunks:run_chunked_dense_level:267 -     K=4 chunk 80/136: candidates [6,356,449, 6,356,504) (legacy sub-chunk)
2026-09-02 07:00:46.937 | INFO     | et_miner.gpu.row_split_chunks:run_chunked_dense_level:285 -   K=4 chunk 80/136 filtering: 55 candidates → 0 frequent (0.0% pass rate, min_count=769)
2026-09-02 07:00:46.937 | DEBUG    | et_miner.gpu.row_split_chunks:run_chunked_dense_level:267 -     K=4 chunk 81/136: candidates [6,356,504, 6,356,702)
2026-09-02 07:00:46.995 | INFO     | et_miner.gpu.row_split_chunks:run_chunked_dense_level:285 -   K=4 chunk 81/136 filtering: 198 candidates → 0 frequent (0.0% pass rate, min_count=769)
2026-09-02 07:00:46.996 | DEBUG    | et_miner.gpu.row_split_chunks:run_chunked_dense_level:267 -     K=4 chunk 82/136: candidates [6,356,702, 6,356,811) (legacy sub-chunk)
2026-09-02 07:00:46.999 | INFO     | et_miner.gpu.row_split_chunks:run_chunked_dense_level:285 -   K=4 chunk 82/136 filtering: 109 candidates → 0 frequent (0.0% pass rate, min_count=769)
2026-09-02 07:00:46.999 | DEBUG    | et_miner.gpu.row_split_chunks:run_chunked_dense_level:267 -     K=4 chunk 83/136: candidates [6,356,811, 6,357,009)
2026-09-02 07:00:47.058 | INFO     | et_miner.gpu.row_split_chunks:run_chunked_dense_level:285 -   K=4 chunk 83/136 filtering: 198 candidates → 0 frequent (0.0% pass rate, min_count=769)
2026-09-02 07:00:47.058 | DEBUG    | et_miner.gpu.row_split_chunks:run_chunked_dense_level:267 -     K=4 chunk 84/136: candidates [6,357,009, 6,357,116) (legacy sub-chunk)
2026-09-02 07:00:47.061 | INFO     | et_miner.gpu.row_split_chunks:run_chunked_dense_level:285 -   K=4 chunk 84/136 filtering: 107 candidates → 0 frequent (0.0% pass rate, min_count=769)
2026-09-02 07:00:47.061 | DEBUG    | et_miner.gpu.row_split_chunks:run_chunked_dense_level:267 -     K=4 chunk 85/136: candidates [6,357,116, 6,357,273)
2026-09-02 07:00:47.116 | INFO     | et_miner.gpu.row_split_chunks:run_chunked_dense_level:285 -   K=4 chunk 85/136 filtering: 157 candidates → 0 frequent (0.0% pass rate, min_count=769)
2026-09-02 07:00:47.116 | DEBUG    | et_miner.gpu.row_split_chunks:run_chunked_dense_level:267 -     K=4 chunk 86/136: candidates [6,357,273, 6,357,353) (legacy sub-chunk)
2026-09-02 07:00:47.119 | INFO     | et_miner.gpu.row_split_chunks:run_chunked_dense_level:285 -   K=4 chunk 86/136 filtering: 80 candidates → 0 frequent (0.0% pass rate, min_count=769)
2026-09-02 07:00:47.119 | DEBUG    | et_miner.gpu.row_split_chunks:run_chunked_dense_level:267 -     K=4 chunk 87/136: candidates [6,357,353, 6,357,522)
2026-09-02 07:00:47.174 | INFO     | et_miner.gpu.row_split_chunks:run_chunked_dense_level:285 -   K=4 chunk 87/136 filtering: 169 candidates → 0 frequent (0.0% pass rate, min_count=769)
2026-09-02 07:00:47.174 | DEBUG    | et_miner.gpu.row_split_chunks:run_chunked_dense_level:267 -     K=4 chunk 88/136: candidates [6,357,522, 6,357,612) (legacy sub-chunk)
2026-09-02 07:00:47.177 | INFO     | et_miner.gpu.row_split_chunks:run_chunked_dense_level:285 -   K=4 chunk 88/136 filtering: 90 candidates → 0 frequent (0.0% pass rate, min_count=769)
2026-09-02 07:00:47.177 | DEBUG    | et_miner.gpu.row_split_chunks:run_chunked_dense_level:267 -     K=4 chunk 89/136: candidates [6,357,612, 6,357,795)
2026-09-02 07:00:47.231 | INFO     | et_miner.gpu.row_split_chunks:run_chunked_dense_level:285 -   K=4 chunk 89/136 filtering: 183 candidates → 0 frequent (0.0% pass rate, min_count=769)
2026-09-02 07:00:47.232 | DEBUG    | et_miner.gpu.row_split_chunks:run_chunked_dense_level:267 -     K=4 chunk 90/136: candidates [6,357,795, 6,357,883) (legacy sub-chunk)
2026-09-02 07:00:47.235 | INFO     | et_miner.gpu.row_split_chunks:run_chunked_dense_level:285 -   K=4 chunk 90/136 filtering: 88 candidates → 0 frequent (0.0% pass rate, min_count=769)
2026-09-02 07:00:47.235 | DEBUG    | et_miner.gpu.row_split_chunks:run_chunked_dense_level:267 -     K=4 chunk 91/136: candidates [6,357,883, 6,358,054)
2026-09-02 07:00:47.289 | INFO     | et_miner.gpu.row_split_chunks:run_chunked_dense_level:285 -   K=4 chunk 91/136 filtering: 171 candidates → 0 frequent (0.0% pass rate, min_count=769)
2026-09-02 07:00:47.290 | DEBUG    | et_miner.gpu.row_split_chunks:run_chunked_dense_level:267 -     K=4 chunk 92/136: candidates [6,358,054, 6,358,110) (legacy sub-chunk)
2026-09-02 07:00:47.293 | INFO     | et_miner.gpu.row_split_chunks:run_chunked_dense_level:285 -   K=4 chunk 92/136 filtering: 56 candidates → 0 frequent (0.0% pass rate, min_count=769)
2026-09-02 07:00:47.293 | DEBUG    | et_miner.gpu.row_split_chunks:run_chunked_dense_level:267 -     K=4 chunk 93/136: candidates [6,358,110, 6,358,279)
2026-09-02 07:00:47.347 | INFO     | et_miner.gpu.row_split_chunks:run_chunked_dense_level:285 -   K=4 chunk 93/136 filtering: 169 candidates → 0 frequent (0.0% pass rate, min_count=769)
2026-09-02 07:00:47.347 | DEBUG    | et_miner.gpu.row_split_chunks:run_chunked_dense_level:267 -     K=4 chunk 94/136: candidates [6,358,279, 6,358,335) (legacy sub-chunk)
2026-09-02 07:00:47.350 | INFO     | et_miner.gpu.row_split_chunks:run_chunked_dense_level:285 -   K=4 chunk 94/136 filtering: 56 candidates → 0 frequent (0.0% pass rate, min_count=769)
2026-09-02 07:00:47.350 | DEBUG    | et_miner.gpu.row_split_chunks:run_chunked_dense_level:267 -     K=4 chunk 95/136: candidates [6,358,335, 6,358,426)
2026-09-02 07:00:47.407 | INFO     | et_miner.gpu.row_split_chunks:run_chunked_dense_level:285 -   K=4 chunk 95/136 filtering: 91 candidates → 0 frequent (0.0% pass rate, min_count=769)
2026-09-02 07:00:47.408 | DEBUG    | et_miner.gpu.row_split_chunks:run_chunked_dense_level:267 -     K=4 chunk 96/136: candidates [6,358,426, 6,358,518) (legacy sub-chunk)
2026-09-02 07:00:47.411 | INFO     | et_miner.gpu.row_split_chunks:run_chunked_dense_level:285 -   K=4 chunk 96/136 filtering: 92 candidates → 0 frequent (0.0% pass rate, min_count=769)
2026-09-02 07:00:47.411 | DEBUG    | et_miner.gpu.row_split_chunks:run_chunked_dense_level:267 -     K=4 chunk 97/136: candidates [6,358,518, 6,358,596)
2026-09-02 07:00:47.468 | INFO     | et_miner.gpu.row_split_chunks:run_chunked_dense_level:285 -   K=4 chunk 97/136 filtering: 78 candidates → 0 frequent (0.0% pass rate, min_count=769)
2026-09-02 07:00:47.468 | DEBUG    | et_miner.gpu.row_split_chunks:run_chunked_dense_level:267 -     K=4 chunk 98/136: candidates [6,358,596, 6,358,684) (legacy sub-chunk)
2026-09-02 07:00:47.471 | INFO     | et_miner.gpu.row_split_chunks:run_chunked_dense_level:285 -   K=4 chunk 98/136 filtering: 88 candidates → 0 frequent (0.0% pass rate, min_count=769)
2026-09-02 07:00:47.472 | DEBUG    | et_miner.gpu.row_split_chunks:run_chunked_dense_level:267 -     K=4 chunk 99/136: candidates [6,358,684, 6,358,762)
2026-09-02 07:00:47.529 | INFO     | et_miner.gpu.row_split_chunks:run_chunked_dense_level:285 -   K=4 chunk 99/136 filtering: 78 candidates → 0 frequent (0.0% pass rate, min_count=769)
2026-09-02 07:00:47.529 | DEBUG    | et_miner.gpu.row_split_chunks:run_chunked_dense_level:267 -     K=4 chunk 100/136: candidates [6,358,762, 6,358,836) (legacy sub-chunk)
2026-09-02 07:00:47.532 | INFO     | et_miner.gpu.row_split_chunks:run_chunked_dense_level:285 -   K=4 chunk 100/136 filtering: 74 candidates → 0 frequent (0.0% pass rate, min_count=769)
2026-09-02 07:00:47.532 | DEBUG    | et_miner.gpu.row_split_chunks:run_chunked_dense_level:267 -     K=4 chunk 101/136: candidates [6,358,836, 6,358,902)
2026-09-02 07:00:47.589 | INFO     | et_miner.gpu.row_split_chunks:run_chunked_dense_level:285 -   K=4 chunk 101/136 filtering: 66 candidates → 0 frequent (0.0% pass rate, min_count=769)
2026-09-02 07:00:47.589 | DEBUG    | et_miner.gpu.row_split_chunks:run_chunked_dense_level:267 -     K=4 chunk 102/136: candidates [6,358,902, 6,358,962) (legacy sub-chunk)
2026-09-02 07:00:47.592 | INFO     | et_miner.gpu.row_split_chunks:run_chunked_dense_level:285 -   K=4 chunk 102/136 filtering: 60 candidates → 0 frequent (0.0% pass rate, min_count=769)
2026-09-02 07:00:47.593 | DEBUG    | et_miner.gpu.row_split_chunks:run_chunked_dense_level:267 -     K=4 chunk 103/136: candidates [6,358,962, 6,359,028)
2026-09-02 07:00:47.649 | INFO     | et_miner.gpu.row_split_chunks:run_chunked_dense_level:285 -   K=4 chunk 103/136 filtering: 66 candidates → 0 frequent (0.0% pass rate, min_count=769)
2026-09-02 07:00:47.649 | DEBUG    | et_miner.gpu.row_split_chunks:run_chunked_dense_level:267 -     K=4 chunk 104/136: candidates [6,359,028, 6,359,096) (legacy sub-chunk)
2026-09-02 07:00:47.653 | INFO     | et_miner.gpu.row_split_chunks:run_chunked_dense_level:285 -   K=4 chunk 104/136 filtering: 68 candidates → 0 frequent (0.0% pass rate, min_count=769)
2026-09-02 07:00:47.653 | DEBUG    | et_miner.gpu.row_split_chunks:run_chunked_dense_level:267 -     K=4 chunk 105/136: candidates [6,359,096, 6,359,162)
2026-09-02 07:00:47.709 | INFO     | et_miner.gpu.row_split_chunks:run_chunked_dense_level:285 -   K=4 chunk 105/136 filtering: 66 candidates → 0 frequent (0.0% pass rate, min_count=769)
2026-09-02 07:00:47.710 | DEBUG    | et_miner.gpu.row_split_chunks:run_chunked_dense_level:267 -     K=4 chunk 106/136: candidates [6,359,162, 6,359,215) (legacy sub-chunk)
2026-09-02 07:00:47.712 | INFO     | et_miner.gpu.row_split_chunks:run_chunked_dense_level:285 -   K=4 chunk 106/136 filtering: 53 candidates → 0 frequent (0.0% pass rate, min_count=769)
2026-09-02 07:00:47.713 | DEBUG    | et_miner.gpu.row_split_chunks:run_chunked_dense_level:267 -     K=4 chunk 107/136: candidates [6,359,215, 6,359,281)
2026-09-02 07:00:47.769 | INFO     | et_miner.gpu.row_split_chunks:run_chunked_dense_level:285 -   K=4 chunk 107/136 filtering: 66 candidates → 0 frequent (0.0% pass rate, min_count=769)
2026-09-02 07:00:47.769 | DEBUG    | et_miner.gpu.row_split_chunks:run_chunked_dense_level:267 -     K=4 chunk 108/136: candidates [6,359,281, 6,364,501) (legacy sub-chunk)
2026-09-02 07:00:47.792 | INFO     | et_miner.gpu.row_split_chunks:run_chunked_dense_level:285 -   K=4 chunk 108/136 filtering: 5,220 candidates → 0 frequent (0.0% pass rate, min_count=769)
2026-09-02 07:00:47.792 | DEBUG    | et_miner.gpu.row_split_chunks:run_chunked_dense_level:267 -     K=4 chunk 109/136: candidates [6,364,501, 7,070,931)
2026-09-02 07:00:48.164 | INFO     | et_miner.gpu.row_split_chunks:run_chunked_dense_level:285 -   K=4 chunk 109/136 filtering: 706,430 candidates → 629 frequent (0.1% pass rate, min_count=769)
2026-09-02 07:00:48.165 | DEBUG    | et_miner.gpu.row_split_chunks:run_chunked_dense_level:267 -     K=4 chunk 110/136: candidates [7,070,931, 7,071,102) (legacy sub-chunk)
2026-09-02 07:00:48.168 | INFO     | et_miner.gpu.row_split_chunks:run_chunked_dense_level:285 -   K=4 chunk 110/136 filtering: 171 candidates → 0 frequent (0.0% pass rate, min_count=769)
2026-09-02 07:00:48.168 | DEBUG    | et_miner.gpu.row_split_chunks:run_chunked_dense_level:267 -     K=4 chunk 111/136: candidates [7,071,102, 7,561,210)
2026-09-02 07:00:48.436 | INFO     | et_miner.gpu.row_split_chunks:run_chunked_dense_level:285 -   K=4 chunk 111/136 filtering: 490,108 candidates → 312 frequent (0.1% pass rate, min_count=769)
2026-09-02 07:00:48.436 | DEBUG    | et_miner.gpu.row_split_chunks:run_chunked_dense_level:267 -     K=4 chunk 112/136: candidates [7,561,210, 7,561,327) (legacy sub-chunk)
2026-09-02 07:00:48.439 | INFO     | et_miner.gpu.row_split_chunks:run_chunked_dense_level:285 -   K=4 chunk 112/136 filtering: 117 candidates → 0 frequent (0.0% pass rate, min_count=769)
2026-09-02 07:00:48.439 | DEBUG    | et_miner.gpu.row_split_chunks:run_chunked_dense_level:267 -     K=4 chunk 113/136: candidates [7,561,327, 7,891,769)
2026-09-02 07:00:48.658 | INFO     | et_miner.gpu.row_split_chunks:run_chunked_dense_level:285 -   K=4 chunk 113/136 filtering: 330,442 candidates → 148 frequent (0.0% pass rate, min_count=769)
2026-09-02 07:00:48.658 | DEBUG    | et_miner.gpu.row_split_chunks:run_chunked_dense_level:267 -     K=4 chunk 114/136: candidates [7,891,769, 7,891,880) (legacy sub-chunk)
2026-09-02 07:00:48.662 | INFO     | et_miner.gpu.row_split_chunks:run_chunked_dense_level:285 -   K=4 chunk 114/136 filtering: 111 candidates → 0 frequent (0.0% pass rate, min_count=769)
2026-09-02 07:00:48.662 | DEBUG    | et_miner.gpu.row_split_chunks:run_chunked_dense_level:267 -     K=4 chunk 115/136: candidates [7,891,880, 8,117,458)
2026-09-02 07:00:48.813 | INFO     | et_miner.gpu.row_split_chunks:run_chunked_dense_level:285 -   K=4 chunk 115/136 filtering: 225,578 candidates → 64 frequent (0.0% pass rate, min_count=769)
2026-09-02 07:00:48.813 | DEBUG    | et_miner.gpu.row_split_chunks:run_chunked_dense_level:267 -     K=4 chunk 116/136: candidates [8,117,458, 8,117,565) (legacy sub-chunk)
2026-09-02 07:00:48.816 | INFO     | et_miner.gpu.row_split_chunks:run_chunked_dense_level:285 -   K=4 chunk 116/136 filtering: 107 candidates → 0 frequent (0.0% pass rate, min_count=769)
2026-09-02 07:00:48.816 | DEBUG    | et_miner.gpu.row_split_chunks:run_chunked_dense_level:267 -     K=4 chunk 117/136: candidates [8,117,565, 8,216,788)
2026-09-02 07:00:48.930 | INFO     | et_miner.gpu.row_split_chunks:run_chunked_dense_level:285 -   K=4 chunk 117/136 filtering: 99,223 candidates → 5 frequent (0.0% pass rate, min_count=769)
2026-09-02 07:00:48.930 | DEBUG    | et_miner.gpu.row_split_chunks:run_chunked_dense_level:267 -     K=4 chunk 118/136: candidates [8,216,788, 8,216,843) (legacy sub-chunk)
2026-09-02 07:00:48.934 | INFO     | et_miner.gpu.row_split_chunks:run_chunked_dense_level:285 -   K=4 chunk 118/136 filtering: 55 candidates → 0 frequent (0.0% pass rate, min_count=769)
2026-09-02 07:00:48.934 | DEBUG    | et_miner.gpu.row_split_chunks:run_chunked_dense_level:267 -     K=4 chunk 119/136: candidates [8,216,843, 8,268,259)
2026-09-02 07:00:49.041 | INFO     | et_miner.gpu.row_split_chunks:run_chunked_dense_level:285 -   K=4 chunk 119/136 filtering: 51,416 candidates → 0 frequent (0.0% pass rate, min_count=769)
2026-09-02 07:00:49.041 | DEBUG    | et_miner.gpu.row_split_chunks:run_chunked_dense_level:267 -     K=4 chunk 120/136: candidates [8,268,259, 8,268,269) (legacy sub-chunk)
2026-09-02 07:00:49.045 | INFO     | et_miner.gpu.row_split_chunks:run_chunked_dense_level:285 -   K=4 chunk 120/136 filtering: 10 candidates → 0 frequent (0.0% pass rate, min_count=769)
2026-09-02 07:00:49.045 | DEBUG    | et_miner.gpu.row_split_chunks:run_chunked_dense_level:267 -     K=4 chunk 121/136: candidates [8,268,269, 8,299,524)
2026-09-02 07:00:49.151 | INFO     | et_miner.gpu.row_split_chunks:run_chunked_dense_level:285 -   K=4 chunk 121/136 filtering: 31,255 candidates → 0 frequent (0.0% pass rate, min_count=769)
2026-09-02 07:00:49.152 | DEBUG    | et_miner.gpu.row_split_chunks:run_chunked_dense_level:267 -     K=4 chunk 122/136: candidates [8,299,524, 8,299,602) (legacy sub-chunk)
2026-09-02 07:00:49.155 | INFO     | et_miner.gpu.row_split_chunks:run_chunked_dense_level:285 -   K=4 chunk 122/136 filtering: 78 candidates → 0 frequent (0.0% pass rate, min_count=769)
2026-09-02 07:00:49.155 | DEBUG    | et_miner.gpu.row_split_chunks:run_chunked_dense_level:267 -     K=4 chunk 123/136: candidates [8,299,602, 8,315,523)
2026-09-02 07:00:49.260 | INFO     | et_miner.gpu.row_split_chunks:run_chunked_dense_level:285 -   K=4 chunk 123/136 filtering: 15,921 candidates → 0 frequent (0.0% pass rate, min_count=769)
2026-09-02 07:00:49.260 | DEBUG    | et_miner.gpu.row_split_chunks:run_chunked_dense_level:267 -     K=4 chunk 124/136: candidates [8,315,523, 8,315,560) (legacy sub-chunk)
2026-09-02 07:00:49.263 | INFO     | et_miner.gpu.row_split_chunks:run_chunked_dense_level:285 -   K=4 chunk 124/136 filtering: 37 candidates → 0 frequent (0.0% pass rate, min_count=769)
2026-09-02 07:00:49.264 | DEBUG    | et_miner.gpu.row_split_chunks:run_chunked_dense_level:267 -     K=4 chunk 125/136: candidates [8,315,560, 8,321,058)
2026-09-02 07:00:49.337 | INFO     | et_miner.gpu.row_split_chunks:run_chunked_dense_level:285 -   K=4 chunk 125/136 filtering: 5,498 candidates → 0 frequent (0.0% pass rate, min_count=769)
2026-09-02 07:00:49.337 | DEBUG    | et_miner.gpu.row_split_chunks:run_chunked_dense_level:267 -     K=4 chunk 126/136: candidates [8,321,058, 8,321,199) (legacy sub-chunk)
2026-09-02 07:00:49.341 | INFO     | et_miner.gpu.row_split_chunks:run_chunked_dense_level:285 -   K=4 chunk 126/136 filtering: 141 candidates → 0 frequent (0.0% pass rate, min_count=769)
2026-09-02 07:00:49.341 | DEBUG    | et_miner.gpu.row_split_chunks:run_chunked_dense_level:267 -     K=4 chunk 127/136: candidates [8,321,199, 8,322,168)
2026-09-02 07:00:49.404 | INFO     | et_miner.gpu.row_split_chunks:run_chunked_dense_level:285 -   K=4 chunk 127/136 filtering: 969 candidates → 0 frequent (0.0% pass rate, min_count=769)
2026-09-02 07:00:49.404 | DEBUG    | et_miner.gpu.row_split_chunks:run_chunked_dense_level:267 -     K=4 chunk 128/136: candidates [8,322,168, 8,322,259) (legacy sub-chunk)
2026-09-02 07:00:49.407 | INFO     | et_miner.gpu.row_split_chunks:run_chunked_dense_level:285 -   K=4 chunk 128/136 filtering: 91 candidates → 0 frequent (0.0% pass rate, min_count=769)
2026-09-02 07:00:49.407 | DEBUG    | et_miner.gpu.row_split_chunks:run_chunked_dense_level:267 -     K=4 chunk 129/136: candidates [8,322,259, 8,322,931)
2026-09-02 07:00:49.470 | INFO     | et_miner.gpu.row_split_chunks:run_chunked_dense_level:285 -   K=4 chunk 129/136 filtering: 672 candidates → 0 frequent (0.0% pass rate, min_count=769)
2026-09-02 07:00:49.471 | DEBUG    | et_miner.gpu.row_split_chunks:run_chunked_dense_level:267 -     K=4 chunk 130/136: candidates [8,322,931, 8,323,076) (legacy sub-chunk)
2026-09-02 07:00:49.474 | INFO     | et_miner.gpu.row_split_chunks:run_chunked_dense_level:285 -   K=4 chunk 130/136 filtering: 145 candidates → 0 frequent (0.0% pass rate, min_count=769)
2026-09-02 07:00:49.474 | DEBUG    | et_miner.gpu.row_split_chunks:run_chunked_dense_level:267 -     K=4 chunk 131/136: candidates [8,323,076, 8,323,544)
2026-09-02 07:00:49.537 | INFO     | et_miner.gpu.row_split_chunks:run_chunked_dense_level:285 -   K=4 chunk 131/136 filtering: 468 candidates → 0 frequent (0.0% pass rate, min_count=769)
2026-09-02 07:00:49.537 | DEBUG    | et_miner.gpu.row_split_chunks:run_chunked_dense_level:267 -     K=4 chunk 132/136: candidates [8,323,544, 8,323,675) (legacy sub-chunk)
2026-09-02 07:00:49.540 | INFO     | et_miner.gpu.row_split_chunks:run_chunked_dense_level:285 -   K=4 chunk 132/136 filtering: 131 candidates → 0 frequent (0.0% pass rate, min_count=769)
2026-09-02 07:00:49.540 | DEBUG    | et_miner.gpu.row_split_chunks:run_chunked_dense_level:267 -     K=4 chunk 133/136: candidates [8,323,675, 8,323,948)
2026-09-02 07:00:49.606 | INFO     | et_miner.gpu.row_split_chunks:run_chunked_dense_level:285 -   K=4 chunk 133/136 filtering: 273 candidates → 0 frequent (0.0% pass rate, min_count=769)
2026-09-02 07:00:49.606 | DEBUG    | et_miner.gpu.row_split_chunks:run_chunked_dense_level:267 -     K=4 chunk 134/136: candidates [8,323,948, 8,324,089) (legacy sub-chunk)
2026-09-02 07:00:49.609 | INFO     | et_miner.gpu.row_split_chunks:run_chunked_dense_level:285 -   K=4 chunk 134/136 filtering: 141 candidates → 0 frequent (0.0% pass rate, min_count=769)
2026-09-02 07:00:49.609 | DEBUG    | et_miner.gpu.row_split_chunks:run_chunked_dense_level:267 -     K=4 chunk 135/136: candidates [8,324,089, 8,324,155)
2026-09-02 07:00:49.672 | INFO     | et_miner.gpu.row_split_chunks:run_chunked_dense_level:285 -   K=4 chunk 135/136 filtering: 66 candidates → 0 frequent (0.0% pass rate, min_count=769)
2026-09-02 07:00:49.672 | DEBUG    | et_miner.gpu.row_split_chunks:run_chunked_dense_level:267 -     K=4 chunk 136/136: candidates [8,324,155, 8,324,372) (legacy sub-chunk)
2026-09-02 07:00:49.675 | INFO     | et_miner.gpu.row_split_chunks:run_chunked_dense_level:285 -   K=4 chunk 136/136 filtering: 217 candidates → 0 frequent (0.0% pass rate, min_count=769)
2026-09-02 07:00:49.679 | INFO     | et_miner.gpu.row_split:_apriori_row_split_multi_gpu:599 -   K=4: 25,385 frequent in 8.3s
2026-09-02 07:00:49.683 | DEBUG    | et_miner.gpu.row_split:_apriori_row_split_multi_gpu:631 -     Pruning: zeroed 12 dead bitvecs at K=4 (55 MB logical × 2 GPUs)
2026-09-02 07:00:49.685 | DEBUG    | et_miner.gpu.row_split:_apriori_row_split_multi_gpu:535 -   K=5: 1,640,647 candidates, 86 chunk(s), group data 0.0 GB, budget 3,149,198,881 cands/chunk
2026-09-02 07:00:49.687 | DEBUG    | et_miner.gpu.row_split_chunks:run_chunked_dense_level:267 -     K=5 chunk 1/86: candidates [0, 35,580)
2026-09-02 07:00:49.801 | INFO     | et_miner.gpu.row_split_chunks:run_chunked_dense_level:285 -   K=5 chunk 1/86 filtering: 35,580 candidates → 132 frequent (0.4% pass rate, min_count=769)
2026-09-02 07:00:49.801 | DEBUG    | et_miner.gpu.row_split_chunks:run_chunked_dense_level:267 -     K=5 chunk 2/86: candidates [35,580, 40,732) (legacy sub-chunk)
2026-09-02 07:00:49.831 | INFO     | et_miner.gpu.row_split_chunks:run_chunked_dense_level:285 -   K=5 chunk 2/86 filtering: 5,152 candidates → 0 frequent (0.0% pass rate, min_count=769)
2026-09-02 07:00:49.831 | DEBUG    | et_miner.gpu.row_split_chunks:run_chunked_dense_level:267 -     K=5 chunk 3/86: candidates [40,732, 1,082,902)
2026-09-02 07:00:50.335 | INFO     | et_miner.gpu.row_split_chunks:run_chunked_dense_level:285 -   K=5 chunk 3/86 filtering: 1,042,170 candidates → 1,453 frequent (0.1% pass rate, min_count=769)
2026-09-02 07:00:50.335 | DEBUG    | et_miner.gpu.row_split_chunks:run_chunked_dense_level:267 -     K=5 chunk 4/86: candidates [1,082,902, 1,082,957) (legacy sub-chunk)
2026-09-02 07:00:50.340 | INFO     | et_miner.gpu.row_split_chunks:run_chunked_dense_level:285 -   K=5 chunk 4/86 filtering: 55 candidates → 0 frequent (0.0% pass rate, min_count=769)
2026-09-02 07:00:50.340 | DEBUG    | et_miner.gpu.row_split_chunks:run_chunked_dense_level:267 -     K=5 chunk 5/86: candidates [1,082,957, 1,083,023)
2026-09-02 07:00:50.407 | INFO     | et_miner.gpu.row_split_chunks:run_chunked_dense_level:285 -   K=5 chunk 5/86 filtering: 66 candidates → 0 frequent (0.0% pass rate, min_count=769)
2026-09-02 07:00:50.407 | DEBUG    | et_miner.gpu.row_split_chunks:run_chunked_dense_level:267 -     K=5 chunk 6/86: candidates [1,083,023, 1,083,088) (legacy sub-chunk)
2026-09-02 07:00:50.411 | INFO     | et_miner.gpu.row_split_chunks:run_chunked_dense_level:285 -   K=5 chunk 6/86 filtering: 65 candidates → 0 frequent (0.0% pass rate, min_count=769)
2026-09-02 07:00:50.411 | DEBUG    | et_miner.gpu.row_split_chunks:run_chunked_dense_level:267 -     K=5 chunk 7/86: candidates [1,083,088, 1,085,613)
2026-09-02 07:00:50.493 | INFO     | et_miner.gpu.row_split_chunks:run_chunked_dense_level:285 -   K=5 chunk 7/86 filtering: 2,525 candidates → 4 frequent (0.2% pass rate, min_count=769)
2026-09-02 07:00:50.493 | DEBUG    | et_miner.gpu.row_split_chunks:run_chunked_dense_level:267 -     K=5 chunk 8/86: candidates [1,085,613, 1,085,664) (legacy sub-chunk)
2026-09-02 07:00:50.497 | INFO     | et_miner.gpu.row_split_chunks:run_chunked_dense_level:285 -   K=5 chunk 8/86 filtering: 51 candidates → 0 frequent (0.0% pass rate, min_count=769)
2026-09-02 07:00:50.497 | DEBUG    | et_miner.gpu.row_split_chunks:run_chunked_dense_level:267 -     K=5 chunk 9/86: candidates [1,085,664, 1,087,379)
2026-09-02 07:00:50.581 | INFO     | et_miner.gpu.row_split_chunks:run_chunked_dense_level:285 -   K=5 chunk 9/86 filtering: 1,715 candidates → 1 frequent (0.1% pass rate, min_count=769)
2026-09-02 07:00:50.581 | DEBUG    | et_miner.gpu.row_split_chunks:run_chunked_dense_level:267 -     K=5 chunk 10/86: candidates [1,087,379, 1,087,445) (legacy sub-chunk)
2026-09-02 07:00:50.585 | INFO     | et_miner.gpu.row_split_chunks:run_chunked_dense_level:285 -   K=5 chunk 10/86 filtering: 66 candidates → 0 frequent (0.0% pass rate, min_count=769)
2026-09-02 07:00:50.585 | DEBUG    | et_miner.gpu.row_split_chunks:run_chunked_dense_level:267 -     K=5 chunk 11/86: candidates [1,087,445, 1,088,023)
2026-09-02 07:00:50.645 | INFO     | et_miner.gpu.row_split_chunks:run_chunked_dense_level:285 -   K=5 chunk 11/86 filtering: 578 candidates → 0 frequent (0.0% pass rate, min_count=769)
2026-09-02 07:00:50.645 | DEBUG    | et_miner.gpu.row_split_chunks:run_chunked_dense_level:267 -     K=5 chunk 12/86: candidates [1,088,023, 1,088,063) (legacy sub-chunk)
2026-09-02 07:00:50.649 | INFO     | et_miner.gpu.row_split_chunks:run_chunked_dense_level:285 -   K=5 chunk 12/86 filtering: 40 candidates → 0 frequent (0.0% pass rate, min_count=769)
2026-09-02 07:00:50.650 | DEBUG    | et_miner.gpu.row_split_chunks:run_chunked_dense_level:267 -     K=5 chunk 13/86: candidates [1,088,063, 1,088,638)
2026-09-02 07:00:50.710 | INFO     | et_miner.gpu.row_split_chunks:run_chunked_dense_level:285 -   K=5 chunk 13/86 filtering: 575 candidates → 0 frequent (0.0% pass rate, min_count=769)
2026-09-02 07:00:50.710 | DEBUG    | et_miner.gpu.row_split_chunks:run_chunked_dense_level:267 -     K=5 chunk 14/86: candidates [1,088,638, 1,088,670) (legacy sub-chunk)
2026-09-02 07:00:50.714 | INFO     | et_miner.gpu.row_split_chunks:run_chunked_dense_level:285 -   K=5 chunk 14/86 filtering: 32 candidates → 0 frequent (0.0% pass rate, min_count=769)
2026-09-02 07:00:50.714 | DEBUG    | et_miner.gpu.row_split_chunks:run_chunked_dense_level:267 -     K=5 chunk 15/86: candidates [1,088,670, 1,089,012)
2026-09-02 07:00:50.774 | INFO     | et_miner.gpu.row_split_chunks:run_chunked_dense_level:285 -   K=5 chunk 15/86 filtering: 342 candidates → 0 frequent (0.0% pass rate, min_count=769)
2026-09-02 07:00:50.775 | DEBUG    | et_miner.gpu.row_split_chunks:run_chunked_dense_level:267 -     K=5 chunk 16/86: candidates [1,089,012, 1,089,076) (legacy sub-chunk)
2026-09-02 07:00:50.779 | INFO     | et_miner.gpu.row_split_chunks:run_chunked_dense_level:285 -   K=5 chunk 16/86 filtering: 64 candidates → 0 frequent (0.0% pass rate, min_count=769)
2026-09-02 07:00:50.779 | DEBUG    | et_miner.gpu.row_split_chunks:run_chunked_dense_level:267 -     K=5 chunk 17/86: candidates [1,089,076, 1,089,340)
2026-09-02 07:00:50.841 | INFO     | et_miner.gpu.row_split_chunks:run_chunked_dense_level:285 -   K=5 chunk 17/86 filtering: 264 candidates → 0 frequent (0.0% pass rate, min_count=769)
2026-09-02 07:00:50.842 | DEBUG    | et_miner.gpu.row_split_chunks:run_chunked_dense_level:267 -     K=5 chunk 18/86: candidates [1,089,340, 1,089,404) (legacy sub-chunk)
2026-09-02 07:00:50.846 | INFO     | et_miner.gpu.row_split_chunks:run_chunked_dense_level:285 -   K=5 chunk 18/86 filtering: 64 candidates → 0 frequent (0.0% pass rate, min_count=769)
2026-09-02 07:00:50.846 | DEBUG    | et_miner.gpu.row_split_chunks:run_chunked_dense_level:267 -     K=5 chunk 19/86: candidates [1,089,404, 1,089,587)
2026-09-02 07:00:50.900 | INFO     | et_miner.gpu.row_split_chunks:run_chunked_dense_level:285 -   K=5 chunk 19/86 filtering: 183 candidates → 0 frequent (0.0% pass rate, min_count=769)
2026-09-02 07:00:50.901 | DEBUG    | et_miner.gpu.row_split_chunks:run_chunked_dense_level:267 -     K=5 chunk 20/86: candidates [1,089,587, 1,091,045) (legacy sub-chunk)
2026-09-02 07:00:50.910 | INFO     | et_miner.gpu.row_split_chunks:run_chunked_dense_level:285 -   K=5 chunk 20/86 filtering: 1,458 candidates → 0 frequent (0.0% pass rate, min_count=769)
2026-09-02 07:00:50.910 | DEBUG    | et_miner.gpu.row_split_chunks:run_chunked_dense_level:267 -     K=5 chunk 21/86: candidates [1,091,045, 1,230,143)
2026-09-02 07:00:51.037 | INFO     | et_miner.gpu.row_split_chunks:run_chunked_dense_level:285 -   K=5 chunk 21/86 filtering: 139,098 candidates → 159 frequent (0.1% pass rate, min_count=769)
2026-09-02 07:00:51.037 | DEBUG    | et_miner.gpu.row_split_chunks:run_chunked_dense_level:267 -     K=5 chunk 22/86: candidates [1,230,143, 1,230,180) (legacy sub-chunk)
2026-09-02 07:00:51.041 | INFO     | et_miner.gpu.row_split_chunks:run_chunked_dense_level:285 -   K=5 chunk 22/86 filtering: 37 candidates → 0 frequent (0.0% pass rate, min_count=769)
2026-09-02 07:00:51.041 | DEBUG    | et_miner.gpu.row_split_chunks:run_chunked_dense_level:267 -     K=5 chunk 23/86: candidates [1,230,180, 1,315,820)
2026-09-02 07:00:51.157 | INFO     | et_miner.gpu.row_split_chunks:run_chunked_dense_level:285 -   K=5 chunk 23/86 filtering: 85,640 candidates → 68 frequent (0.1% pass rate, min_count=769)
2026-09-02 07:00:51.157 | DEBUG    | et_miner.gpu.row_split_chunks:run_chunked_dense_level:267 -     K=5 chunk 24/86: candidates [1,315,820, 1,315,860) (legacy sub-chunk)
2026-09-02 07:00:51.161 | INFO     | et_miner.gpu.row_split_chunks:run_chunked_dense_level:285 -   K=5 chunk 24/86 filtering: 40 candidates → 0 frequent (0.0% pass rate, min_count=769)
2026-09-02 07:00:51.162 | DEBUG    | et_miner.gpu.row_split_chunks:run_chunked_dense_level:267 -     K=5 chunk 25/86: candidates [1,315,860, 1,373,087)
2026-09-02 07:00:51.273 | INFO     | et_miner.gpu.row_split_chunks:run_chunked_dense_level:285 -   K=5 chunk 25/86 filtering: 57,227 candidates → 24 frequent (0.0% pass rate, min_count=769)
2026-09-02 07:00:51.274 | DEBUG    | et_miner.gpu.row_split_chunks:run_chunked_dense_level:267 -     K=5 chunk 26/86: candidates [1,373,087, 1,373,219) (legacy sub-chunk)
2026-09-02 07:00:51.278 | INFO     | et_miner.gpu.row_split_chunks:run_chunked_dense_level:285 -   K=5 chunk 26/86 filtering: 132 candidates → 0 frequent (0.0% pass rate, min_count=769)
2026-09-02 07:00:51.278 | DEBUG    | et_miner.gpu.row_split_chunks:run_chunked_dense_level:267 -     K=5 chunk 27/86: candidates [1,373,219, 1,413,657)
2026-09-02 07:00:51.385 | INFO     | et_miner.gpu.row_split_chunks:run_chunked_dense_level:285 -   K=5 chunk 27/86 filtering: 40,438 candidates → 5 frequent (0.0% pass rate, min_count=769)
2026-09-02 07:00:51.386 | DEBUG    | et_miner.gpu.row_split_chunks:run_chunked_dense_level:267 -     K=5 chunk 28/86: candidates [1,413,657, 1,413,715) (legacy sub-chunk)
2026-09-02 07:00:51.390 | INFO     | et_miner.gpu.row_split_chunks:run_chunked_dense_level:285 -   K=5 chunk 28/86 filtering: 58 candidates → 0 frequent (0.0% pass rate, min_count=769)
2026-09-02 07:00:51.390 | DEBUG    | et_miner.gpu.row_split_chunks:run_chunked_dense_level:267 -     K=5 chunk 29/86: candidates [1,413,715, 1,429,371)
2026-09-02 07:00:51.480 | INFO     | et_miner.gpu.row_split_chunks:run_chunked_dense_level:285 -   K=5 chunk 29/86 filtering: 15,656 candidates → 0 frequent (0.0% pass rate, min_count=769)
2026-09-02 07:00:51.480 | DEBUG    | et_miner.gpu.row_split_chunks:run_chunked_dense_level:267 -     K=5 chunk 30/86: candidates [1,429,371, 1,429,456) (legacy sub-chunk)
2026-09-02 07:00:51.484 | INFO     | et_miner.gpu.row_split_chunks:run_chunked_dense_level:285 -   K=5 chunk 30/86 filtering: 85 candidates → 0 frequent (0.0% pass rate, min_count=769)
2026-09-02 07:00:51.484 | DEBUG    | et_miner.gpu.row_split_chunks:run_chunked_dense_level:267 -     K=5 chunk 31/86: candidates [1,429,456, 1,435,856)
2026-09-02 07:00:51.577 | INFO     | et_miner.gpu.row_split_chunks:run_chunked_dense_level:285 -   K=5 chunk 31/86 filtering: 6,400 candidates → 0 frequent (0.0% pass rate, min_count=769)
2026-09-02 07:00:51.578 | DEBUG    | et_miner.gpu.row_split_chunks:run_chunked_dense_level:267 -     K=5 chunk 32/86: candidates [1,435,856, 1,435,987) (legacy sub-chunk)
2026-09-02 07:00:51.582 | INFO     | et_miner.gpu.row_split_chunks:run_chunked_dense_level:285 -   K=5 chunk 32/86 filtering: 131 candidates → 0 frequent (0.0% pass rate, min_count=769)
2026-09-02 07:00:51.582 | DEBUG    | et_miner.gpu.row_split_chunks:run_chunked_dense_level:267 -     K=5 chunk 33/86: candidates [1,435,987, 1,439,442)
2026-09-02 07:00:51.679 | INFO     | et_miner.gpu.row_split_chunks:run_chunked_dense_level:285 -   K=5 chunk 33/86 filtering: 3,455 candidates → 0 frequent (0.0% pass rate, min_count=769)
2026-09-02 07:00:51.679 | DEBUG    | et_miner.gpu.row_split_chunks:run_chunked_dense_level:267 -     K=5 chunk 34/86: candidates [1,439,442, 1,439,550) (legacy sub-chunk)
2026-09-02 07:00:51.683 | INFO     | et_miner.gpu.row_split_chunks:run_chunked_dense_level:285 -   K=5 chunk 34/86 filtering: 108 candidates → 0 frequent (0.0% pass rate, min_count=769)
2026-09-02 07:00:51.683 | DEBUG    | et_miner.gpu.row_split_chunks:run_chunked_dense_level:267 -     K=5 chunk 35/86: candidates [1,439,550, 1,440,597)
2026-09-02 07:00:51.768 | INFO     | et_miner.gpu.row_split_chunks:run_chunked_dense_level:285 -   K=5 chunk 35/86 filtering: 1,047 candidates → 0 frequent (0.0% pass rate, min_count=769)
2026-09-02 07:00:51.768 | DEBUG    | et_miner.gpu.row_split_chunks:run_chunked_dense_level:267 -     K=5 chunk 36/86: candidates [1,440,597, 1,440,702) (legacy sub-chunk)
2026-09-02 07:00:51.772 | INFO     | et_miner.gpu.row_split_chunks:run_chunked_dense_level:285 -   K=5 chunk 36/86 filtering: 105 candidates → 0 frequent (0.0% pass rate, min_count=769)
2026-09-02 07:00:51.772 | DEBUG    | et_miner.gpu.row_split_chunks:run_chunked_dense_level:267 -     K=5 chunk 37/86: candidates [1,440,702, 1,440,951)
2026-09-02 07:00:51.829 | INFO     | et_miner.gpu.row_split_chunks:run_chunked_dense_level:285 -   K=5 chunk 37/86 filtering: 249 candidates → 0 frequent (0.0% pass rate, min_count=769)
2026-09-02 07:00:51.829 | DEBUG    | et_miner.gpu.row_split_chunks:run_chunked_dense_level:267 -     K=5 chunk 38/86: candidates [1,440,951, 1,441,104) (legacy sub-chunk)
2026-09-02 07:00:51.833 | INFO     | et_miner.gpu.row_split_chunks:run_chunked_dense_level:285 -   K=5 chunk 38/86 filtering: 153 candidates → 0 frequent (0.0% pass rate, min_count=769)
2026-09-02 07:00:51.834 | DEBUG    | et_miner.gpu.row_split_chunks:run_chunked_dense_level:267 -     K=5 chunk 39/86: candidates [1,441,104, 1,442,414)
2026-09-02 07:00:51.907 | INFO     | et_miner.gpu.row_split_chunks:run_chunked_dense_level:285 -   K=5 chunk 39/86 filtering: 1,310 candidates → 0 frequent (0.0% pass rate, min_count=769)
2026-09-02 07:00:51.907 | DEBUG    | et_miner.gpu.row_split_chunks:run_chunked_dense_level:267 -     K=5 chunk 40/86: candidates [1,442,414, 1,442,501) (legacy sub-chunk)
2026-09-02 07:00:51.911 | INFO     | et_miner.gpu.row_split_chunks:run_chunked_dense_level:285 -   K=5 chunk 40/86 filtering: 87 candidates → 0 frequent (0.0% pass rate, min_count=769)
2026-09-02 07:00:51.911 | DEBUG    | et_miner.gpu.row_split_chunks:run_chunked_dense_level:267 -     K=5 chunk 41/86: candidates [1,442,501, 1,443,510)
2026-09-02 07:00:51.984 | INFO     | et_miner.gpu.row_split_chunks:run_chunked_dense_level:285 -   K=5 chunk 41/86 filtering: 1,009 candidates → 0 frequent (0.0% pass rate, min_count=769)
2026-09-02 07:00:51.984 | DEBUG    | et_miner.gpu.row_split_chunks:run_chunked_dense_level:267 -     K=5 chunk 42/86: candidates [1,443,510, 1,443,556) (legacy sub-chunk)
2026-09-02 07:00:51.988 | INFO     | et_miner.gpu.row_split_chunks:run_chunked_dense_level:285 -   K=5 chunk 42/86 filtering: 46 candidates → 0 frequent (0.0% pass rate, min_count=769)
2026-09-02 07:00:51.989 | DEBUG    | et_miner.gpu.row_split_chunks:run_chunked_dense_level:267 -     K=5 chunk 43/86: candidates [1,443,556, 1,443,739)
2026-09-02 07:00:52.043 | INFO     | et_miner.gpu.row_split_chunks:run_chunked_dense_level:285 -   K=5 chunk 43/86 filtering: 183 candidates → 0 frequent (0.0% pass rate, min_count=769)
2026-09-02 07:00:52.043 | DEBUG    | et_miner.gpu.row_split_chunks:run_chunked_dense_level:267 -     K=5 chunk 44/86: candidates [1,443,739, 1,443,829) (legacy sub-chunk)
2026-09-02 07:00:52.047 | INFO     | et_miner.gpu.row_split_chunks:run_chunked_dense_level:285 -   K=5 chunk 44/86 filtering: 90 candidates → 0 frequent (0.0% pass rate, min_count=769)
2026-09-02 07:00:52.047 | DEBUG    | et_miner.gpu.row_split_chunks:run_chunked_dense_level:267 -     K=5 chunk 45/86: candidates [1,443,829, 1,443,986)
2026-09-02 07:00:52.101 | INFO     | et_miner.gpu.row_split_chunks:run_chunked_dense_level:285 -   K=5 chunk 45/86 filtering: 157 candidates → 0 frequent (0.0% pass rate, min_count=769)
2026-09-02 07:00:52.101 | DEBUG    | et_miner.gpu.row_split_chunks:run_chunked_dense_level:267 -     K=5 chunk 46/86: candidates [1,443,986, 1,444,050) (legacy sub-chunk)
2026-09-02 07:00:52.105 | INFO     | et_miner.gpu.row_split_chunks:run_chunked_dense_level:285 -   K=5 chunk 46/86 filtering: 64 candidates → 0 frequent (0.0% pass rate, min_count=769)
2026-09-02 07:00:52.105 | DEBUG    | et_miner.gpu.row_split_chunks:run_chunked_dense_level:267 -     K=5 chunk 47/86: candidates [1,444,050, 1,444,116)
2026-09-02 07:00:52.162 | INFO     | et_miner.gpu.row_split_chunks:run_chunked_dense_level:285 -   K=5 chunk 47/86 filtering: 66 candidates → 0 frequent (0.0% pass rate, min_count=769)
2026-09-02 07:00:52.162 | DEBUG    | et_miner.gpu.row_split_chunks:run_chunked_dense_level:267 -     K=5 chunk 48/86: candidates [1,444,116, 1,444,827) (legacy sub-chunk)
2026-09-02 07:00:52.169 | INFO     | et_miner.gpu.row_split_chunks:run_chunked_dense_level:285 -   K=5 chunk 48/86 filtering: 711 candidates → 0 frequent (0.0% pass rate, min_count=769)
2026-09-02 07:00:52.169 | DEBUG    | et_miner.gpu.row_split_chunks:run_chunked_dense_level:267 -     K=5 chunk 49/86: candidates [1,444,827, 1,518,986)
2026-09-02 07:00:52.282 | INFO     | et_miner.gpu.row_split_chunks:run_chunked_dense_level:285 -   K=5 chunk 49/86 filtering: 74,159 candidates → 86 frequent (0.1% pass rate, min_count=769)
2026-09-02 07:00:52.282 | DEBUG    | et_miner.gpu.row_split_chunks:run_chunked_dense_level:267 -     K=5 chunk 50/86: candidates [1,518,986, 1,519,116) (legacy sub-chunk)
2026-09-02 07:00:52.286 | INFO     | et_miner.gpu.row_split_chunks:run_chunked_dense_level:285 -   K=5 chunk 50/86 filtering: 130 candidates → 0 frequent (0.0% pass rate, min_count=769)
2026-09-02 07:00:52.286 | DEBUG    | et_miner.gpu.row_split_chunks:run_chunked_dense_level:267 -     K=5 chunk 51/86: candidates [1,519,116, 1,565,221)
2026-09-02 07:00:52.393 | INFO     | et_miner.gpu.row_split_chunks:run_chunked_dense_level:285 -   K=5 chunk 51/86 filtering: 46,105 candidates → 31 frequent (0.1% pass rate, min_count=769)
2026-09-02 07:00:52.394 | DEBUG    | et_miner.gpu.row_split_chunks:run_chunked_dense_level:267 -     K=5 chunk 52/86: candidates [1,565,221, 1,565,321) (legacy sub-chunk)
2026-09-02 07:00:52.398 | INFO     | et_miner.gpu.row_split_chunks:run_chunked_dense_level:285 -   K=5 chunk 52/86 filtering: 100 candidates → 0 frequent (0.0% pass rate, min_count=769)
2026-09-02 07:00:52.398 | DEBUG    | et_miner.gpu.row_split_chunks:run_chunked_dense_level:267 -     K=5 chunk 53/86: candidates [1,565,321, 1,594,779)
2026-09-02 07:00:52.506 | INFO     | et_miner.gpu.row_split_chunks:run_chunked_dense_level:285 -   K=5 chunk 53/86 filtering: 29,458 candidates → 10 frequent (0.0% pass rate, min_count=769)
2026-09-02 07:00:52.506 | DEBUG    | et_miner.gpu.row_split_chunks:run_chunked_dense_level:267 -     K=5 chunk 54/86: candidates [1,594,779, 1,594,887) (legacy sub-chunk)
2026-09-02 07:00:52.510 | INFO     | et_miner.gpu.row_split_chunks:run_chunked_dense_level:285 -   K=5 chunk 54/86 filtering: 108 candidates → 0 frequent (0.0% pass rate, min_count=769)
2026-09-02 07:00:52.510 | DEBUG    | et_miner.gpu.row_split_chunks:run_chunked_dense_level:267 -     K=5 chunk 55/86: candidates [1,594,887, 1,614,624)
2026-09-02 07:00:52.616 | INFO     | et_miner.gpu.row_split_chunks:run_chunked_dense_level:285 -   K=5 chunk 55/86 filtering: 19,737 candidates → 1 frequent (0.0% pass rate, min_count=769)
2026-09-02 07:00:52.616 | DEBUG    | et_miner.gpu.row_split_chunks:run_chunked_dense_level:267 -     K=5 chunk 56/86: candidates [1,614,624, 1,614,781) (legacy sub-chunk)
2026-09-02 07:00:52.620 | INFO     | et_miner.gpu.row_split_chunks:run_chunked_dense_level:285 -   K=5 chunk 56/86 filtering: 157 candidates → 0 frequent (0.0% pass rate, min_count=769)
2026-09-02 07:00:52.620 | DEBUG    | et_miner.gpu.row_split_chunks:run_chunked_dense_level:267 -     K=5 chunk 57/86: candidates [1,614,781, 1,622,186)
2026-09-02 07:00:52.716 | INFO     | et_miner.gpu.row_split_chunks:run_chunked_dense_level:285 -   K=5 chunk 57/86 filtering: 7,405 candidates → 0 frequent (0.0% pass rate, min_count=769)
2026-09-02 07:00:52.716 | DEBUG    | et_miner.gpu.row_split_chunks:run_chunked_dense_level:267 -     K=5 chunk 58/86: candidates [1,622,186, 1,622,279) (legacy sub-chunk)
2026-09-02 07:00:52.720 | INFO     | et_miner.gpu.row_split_chunks:run_chunked_dense_level:285 -   K=5 chunk 58/86 filtering: 93 candidates → 0 frequent (0.0% pass rate, min_count=769)
2026-09-02 07:00:52.720 | DEBUG    | et_miner.gpu.row_split_chunks:run_chunked_dense_level:267 -     K=5 chunk 59/86: candidates [1,622,279, 1,625,251)
2026-09-02 07:00:52.812 | INFO     | et_miner.gpu.row_split_chunks:run_chunked_dense_level:285 -   K=5 chunk 59/86 filtering: 2,972 candidates → 0 frequent (0.0% pass rate, min_count=769)
2026-09-02 07:00:52.813 | DEBUG    | et_miner.gpu.row_split_chunks:run_chunked_dense_level:267 -     K=5 chunk 60/86: candidates [1,625,251, 1,625,369) (legacy sub-chunk)
2026-09-02 07:00:52.816 | INFO     | et_miner.gpu.row_split_chunks:run_chunked_dense_level:285 -   K=5 chunk 60/86 filtering: 118 candidates → 0 frequent (0.0% pass rate, min_count=769)
2026-09-02 07:00:52.816 | DEBUG    | et_miner.gpu.row_split_chunks:run_chunked_dense_level:267 -     K=5 chunk 61/86: candidates [1,625,369, 1,626,567)
2026-09-02 07:00:52.889 | INFO     | et_miner.gpu.row_split_chunks:run_chunked_dense_level:285 -   K=5 chunk 61/86 filtering: 1,198 candidates → 0 frequent (0.0% pass rate, min_count=769)
2026-09-02 07:00:52.889 | DEBUG    | et_miner.gpu.row_split_chunks:run_chunked_dense_level:267 -     K=5 chunk 62/86: candidates [1,626,567, 1,626,659) (legacy sub-chunk)
2026-09-02 07:00:52.893 | INFO     | et_miner.gpu.row_split_chunks:run_chunked_dense_level:285 -   K=5 chunk 62/86 filtering: 92 candidates → 0 frequent (0.0% pass rate, min_count=769)
2026-09-02 07:00:52.893 | DEBUG    | et_miner.gpu.row_split_chunks:run_chunked_dense_level:267 -     K=5 chunk 63/86: candidates [1,626,659, 1,627,113)
2026-09-02 07:00:52.962 | INFO     | et_miner.gpu.row_split_chunks:run_chunked_dense_level:285 -   K=5 chunk 63/86 filtering: 454 candidates → 0 frequent (0.0% pass rate, min_count=769)
2026-09-02 07:00:52.962 | DEBUG    | et_miner.gpu.row_split_chunks:run_chunked_dense_level:267 -     K=5 chunk 64/86: candidates [1,627,113, 1,627,344) (legacy sub-chunk)
2026-09-02 07:00:52.966 | INFO     | et_miner.gpu.row_split_chunks:run_chunked_dense_level:285 -   K=5 chunk 64/86 filtering: 231 candidates → 0 frequent (0.0% pass rate, min_count=769)
2026-09-02 07:00:52.966 | DEBUG    | et_miner.gpu.row_split_chunks:run_chunked_dense_level:267 -     K=5 chunk 65/86: candidates [1,627,344, 1,631,773)
2026-09-02 07:00:53.043 | INFO     | et_miner.gpu.row_split_chunks:run_chunked_dense_level:285 -   K=5 chunk 65/86 filtering: 4,429 candidates → 1 frequent (0.0% pass rate, min_count=769)
2026-09-02 07:00:53.043 | DEBUG    | et_miner.gpu.row_split_chunks:run_chunked_dense_level:267 -     K=5 chunk 66/86: candidates [1,631,773, 1,631,793) (legacy sub-chunk)
2026-09-02 07:00:53.047 | INFO     | et_miner.gpu.row_split_chunks:run_chunked_dense_level:285 -   K=5 chunk 66/86 filtering: 20 candidates → 0 frequent (0.0% pass rate, min_count=769)
2026-09-02 07:00:53.047 | DEBUG    | et_miner.gpu.row_split_chunks:run_chunked_dense_level:267 -     K=5 chunk 67/86: candidates [1,631,793, 1,634,352)
2026-09-02 07:00:53.136 | INFO     | et_miner.gpu.row_split_chunks:run_chunked_dense_level:285 -   K=5 chunk 67/86 filtering: 2,559 candidates → 0 frequent (0.0% pass rate, min_count=769)
2026-09-02 07:00:53.137 | DEBUG    | et_miner.gpu.row_split_chunks:run_chunked_dense_level:267 -     K=5 chunk 68/86: candidates [1,634,352, 1,634,370) (legacy sub-chunk)
2026-09-02 07:00:53.140 | INFO     | et_miner.gpu.row_split_chunks:run_chunked_dense_level:285 -   K=5 chunk 68/86 filtering: 18 candidates → 0 frequent (0.0% pass rate, min_count=769)
2026-09-02 07:00:53.141 | DEBUG    | et_miner.gpu.row_split_chunks:run_chunked_dense_level:267 -     K=5 chunk 69/86: candidates [1,634,370, 1,635,583)
2026-09-02 07:00:53.224 | INFO     | et_miner.gpu.row_split_chunks:run_chunked_dense_level:285 -   K=5 chunk 69/86 filtering: 1,213 candidates → 0 frequent (0.0% pass rate, min_count=769)
2026-09-02 07:00:53.224 | DEBUG    | et_miner.gpu.row_split_chunks:run_chunked_dense_level:267 -     K=5 chunk 70/86: candidates [1,635,583, 1,635,601) (legacy sub-chunk)
2026-09-02 07:00:53.228 | INFO     | et_miner.gpu.row_split_chunks:run_chunked_dense_level:285 -   K=5 chunk 70/86 filtering: 18 candidates → 0 frequent (0.0% pass rate, min_count=769)
2026-09-02 07:00:53.228 | DEBUG    | et_miner.gpu.row_split_chunks:run_chunked_dense_level:267 -     K=5 chunk 71/86: candidates [1,635,601, 1,635,993)
2026-09-02 07:00:53.288 | INFO     | et_miner.gpu.row_split_chunks:run_chunked_dense_level:285 -   K=5 chunk 71/86 filtering: 392 candidates → 0 frequent (0.0% pass rate, min_count=769)
2026-09-02 07:00:53.288 | DEBUG    | et_miner.gpu.row_split_chunks:run_chunked_dense_level:267 -     K=5 chunk 72/86: candidates [1,635,993, 1,636,008) (legacy sub-chunk)
2026-09-02 07:00:53.293 | INFO     | et_miner.gpu.row_split_chunks:run_chunked_dense_level:285 -   K=5 chunk 72/86 filtering: 15 candidates → 0 frequent (0.0% pass rate, min_count=769)
2026-09-02 07:00:53.293 | DEBUG    | et_miner.gpu.row_split_chunks:run_chunked_dense_level:267 -     K=5 chunk 73/86: candidates [1,636,008, 1,636,074)
2026-09-02 07:00:53.352 | INFO     | et_miner.gpu.row_split_chunks:run_chunked_dense_level:285 -   K=5 chunk 73/86 filtering: 66 candidates → 0 frequent (0.0% pass rate, min_count=769)
2026-09-02 07:00:53.352 | DEBUG    | et_miner.gpu.row_split_chunks:run_chunked_dense_level:267 -     K=5 chunk 74/86: candidates [1,636,074, 1,636,147) (legacy sub-chunk)
2026-09-02 07:00:53.356 | INFO     | et_miner.gpu.row_split_chunks:run_chunked_dense_level:285 -   K=5 chunk 74/86 filtering: 73 candidates → 0 frequent (0.0% pass rate, min_count=769)
2026-09-02 07:00:53.356 | DEBUG    | et_miner.gpu.row_split_chunks:run_chunked_dense_level:267 -     K=5 chunk 75/86: candidates [1,636,147, 1,637,819)
2026-09-02 07:00:53.431 | INFO     | et_miner.gpu.row_split_chunks:run_chunked_dense_level:285 -   K=5 chunk 75/86 filtering: 1,672 candidates → 0 frequent (0.0% pass rate, min_count=769)
2026-09-02 07:00:53.431 | DEBUG    | et_miner.gpu.row_split_chunks:run_chunked_dense_level:267 -     K=5 chunk 76/86: candidates [1,637,819, 1,637,857) (legacy sub-chunk)
2026-09-02 07:00:53.435 | INFO     | et_miner.gpu.row_split_chunks:run_chunked_dense_level:285 -   K=5 chunk 76/86 filtering: 38 candidates → 0 frequent (0.0% pass rate, min_count=769)
2026-09-02 07:00:53.435 | DEBUG    | et_miner.gpu.row_split_chunks:run_chunked_dense_level:267 -     K=5 chunk 77/86: candidates [1,637,857, 1,638,749)
2026-09-02 07:00:53.510 | INFO     | et_miner.gpu.row_split_chunks:run_chunked_dense_level:285 -   K=5 chunk 77/86 filtering: 892 candidates → 0 frequent (0.0% pass rate, min_count=769)
2026-09-02 07:00:53.510 | DEBUG    | et_miner.gpu.row_split_chunks:run_chunked_dense_level:267 -     K=5 chunk 78/86: candidates [1,638,749, 1,638,798) (legacy sub-chunk)
2026-09-02 07:00:53.514 | INFO     | et_miner.gpu.row_split_chunks:run_chunked_dense_level:285 -   K=5 chunk 78/86 filtering: 49 candidates → 0 frequent (0.0% pass rate, min_count=769)
2026-09-02 07:00:53.514 | DEBUG    | et_miner.gpu.row_split_chunks:run_chunked_dense_level:267 -     K=5 chunk 79/86: candidates [1,638,798, 1,639,071)
2026-09-02 07:00:53.575 | INFO     | et_miner.gpu.row_split_chunks:run_chunked_dense_level:285 -   K=5 chunk 79/86 filtering: 273 candidates → 0 frequent (0.0% pass rate, min_count=769)
2026-09-02 07:00:53.575 | DEBUG    | et_miner.gpu.row_split_chunks:run_chunked_dense_level:267 -     K=5 chunk 80/86: candidates [1,639,071, 1,639,217) (legacy sub-chunk)
2026-09-02 07:00:53.579 | INFO     | et_miner.gpu.row_split_chunks:run_chunked_dense_level:285 -   K=5 chunk 80/86 filtering: 146 candidates → 0 frequent (0.0% pass rate, min_count=769)
2026-09-02 07:00:53.579 | DEBUG    | et_miner.gpu.row_split_chunks:run_chunked_dense_level:267 -     K=5 chunk 81/86: candidates [1,639,217, 1,639,980)
2026-09-02 07:00:53.654 | INFO     | et_miner.gpu.row_split_chunks:run_chunked_dense_level:285 -   K=5 chunk 81/86 filtering: 763 candidates → 0 frequent (0.0% pass rate, min_count=769)
2026-09-02 07:00:53.654 | DEBUG    | et_miner.gpu.row_split_chunks:run_chunked_dense_level:267 -     K=5 chunk 82/86: candidates [1,639,980, 1,640,008) (legacy sub-chunk)
2026-09-02 07:00:53.658 | INFO     | et_miner.gpu.row_split_chunks:run_chunked_dense_level:285 -   K=5 chunk 82/86 filtering: 28 candidates → 0 frequent (0.0% pass rate, min_count=769)
2026-09-02 07:00:53.658 | DEBUG    | et_miner.gpu.row_split_chunks:run_chunked_dense_level:267 -     K=5 chunk 83/86: candidates [1,640,008, 1,640,222)
2026-09-02 07:00:53.718 | INFO     | et_miner.gpu.row_split_chunks:run_chunked_dense_level:285 -   K=5 chunk 83/86 filtering: 214 candidates → 0 frequent (0.0% pass rate, min_count=769)
2026-09-02 07:00:53.718 | DEBUG    | et_miner.gpu.row_split_chunks:run_chunked_dense_level:267 -     K=5 chunk 84/86: candidates [1,640,222, 1,640,313) (legacy sub-chunk)
2026-09-02 07:00:53.722 | INFO     | et_miner.gpu.row_split_chunks:run_chunked_dense_level:285 -   K=5 chunk 84/86 filtering: 91 candidates → 0 frequent (0.0% pass rate, min_count=769)
2026-09-02 07:00:53.722 | DEBUG    | et_miner.gpu.row_split_chunks:run_chunked_dense_level:267 -     K=5 chunk 85/86: candidates [1,640,313, 1,640,532)
2026-09-02 07:00:53.783 | INFO     | et_miner.gpu.row_split_chunks:run_chunked_dense_level:285 -   K=5 chunk 85/86 filtering: 219 candidates → 0 frequent (0.0% pass rate, min_count=769)
2026-09-02 07:00:53.783 | DEBUG    | et_miner.gpu.row_split_chunks:run_chunked_dense_level:267 -     K=5 chunk 86/86: candidates [1,640,532, 1,640,647) (legacy sub-chunk)
2026-09-02 07:00:53.787 | INFO     | et_miner.gpu.row_split_chunks:run_chunked_dense_level:285 -   K=5 chunk 86/86 filtering: 115 candidates → 0 frequent (0.0% pass rate, min_count=769)
2026-09-02 07:00:53.788 | INFO     | et_miner.gpu.row_split:_apriori_row_split_multi_gpu:599 -   K=5: 1,975 frequent in 4.1s
2026-09-02 07:00:53.987 | DEBUG    | et_miner.gpu.row_split:_apriori_row_split_multi_gpu:631 -     Pruning: zeroed 892 dead bitvecs at K=5 (4088 MB logical × 2 GPUs)
2026-09-02 07:00:53.993 | DEBUG    | et_miner.gpu.row_split:_apriori_row_split_multi_gpu:535 -   K=6: 33,047 candidates, 28 chunk(s), group data 0.0 GB, budget 3,149,220,996 cands/chunk
2026-09-02 07:00:53.994 | DEBUG    | et_miner.gpu.row_split_chunks:run_chunked_dense_level:267 -     K=6 chunk 1/28: candidates [0, 78)
2026-09-02 07:00:54.047 | INFO     | et_miner.gpu.row_split_chunks:run_chunked_dense_level:285 -   K=6 chunk 1/28 filtering: 78 candidates → 0 frequent (0.0% pass rate, min_count=769)
2026-09-02 07:00:54.047 | DEBUG    | et_miner.gpu.row_split_chunks:run_chunked_dense_level:267 -     K=6 chunk 2/28: candidates [78, 318) (legacy sub-chunk)
2026-09-02 07:00:54.052 | INFO     | et_miner.gpu.row_split_chunks:run_chunked_dense_level:285 -   K=6 chunk 2/28 filtering: 240 candidates → 0 frequent (0.0% pass rate, min_count=769)
2026-09-02 07:00:54.052 | DEBUG    | et_miner.gpu.row_split_chunks:run_chunked_dense_level:267 -     K=6 chunk 3/28: candidates [318, 14,181)
2026-09-02 07:00:54.147 | INFO     | et_miner.gpu.row_split_chunks:run_chunked_dense_level:285 -   K=6 chunk 3/28 filtering: 13,863 candidates → 17 frequent (0.1% pass rate, min_count=769)
2026-09-02 07:00:54.148 | DEBUG    | et_miner.gpu.row_split_chunks:run_chunked_dense_level:267 -     K=6 chunk 4/28: candidates [14,181, 14,279) (legacy sub-chunk)
2026-09-02 07:00:54.152 | INFO     | et_miner.gpu.row_split_chunks:run_chunked_dense_level:285 -   K=6 chunk 4/28 filtering: 98 candidates → 0 frequent (0.0% pass rate, min_count=769)
2026-09-02 07:00:54.152 | DEBUG    | et_miner.gpu.row_split_chunks:run_chunked_dense_level:267 -     K=6 chunk 5/28: candidates [14,279, 22,273)
2026-09-02 07:00:54.248 | INFO     | et_miner.gpu.row_split_chunks:run_chunked_dense_level:285 -   K=6 chunk 5/28 filtering: 7,994 candidates → 5 frequent (0.1% pass rate, min_count=769)
2026-09-02 07:00:54.248 | DEBUG    | et_miner.gpu.row_split_chunks:run_chunked_dense_level:267 -     K=6 chunk 6/28: candidates [22,273, 22,455) (legacy sub-chunk)
2026-09-02 07:00:54.252 | INFO     | et_miner.gpu.row_split_chunks:run_chunked_dense_level:285 -   K=6 chunk 6/28 filtering: 182 candidates → 0 frequent (0.0% pass rate, min_count=769)
2026-09-02 07:00:54.253 | DEBUG    | et_miner.gpu.row_split_chunks:run_chunked_dense_level:267 -     K=6 chunk 7/28: candidates [22,455, 27,271)
2026-09-02 07:00:54.353 | INFO     | et_miner.gpu.row_split_chunks:run_chunked_dense_level:285 -   K=6 chunk 7/28 filtering: 4,816 candidates → 0 frequent (0.0% pass rate, min_count=769)
2026-09-02 07:00:54.353 | DEBUG    | et_miner.gpu.row_split_chunks:run_chunked_dense_level:267 -     K=6 chunk 8/28: candidates [27,271, 27,367) (legacy sub-chunk)
2026-09-02 07:00:54.358 | INFO     | et_miner.gpu.row_split_chunks:run_chunked_dense_level:285 -   K=6 chunk 8/28 filtering: 96 candidates → 0 frequent (0.0% pass rate, min_count=769)
2026-09-02 07:00:54.358 | DEBUG    | et_miner.gpu.row_split_chunks:run_chunked_dense_level:267 -     K=6 chunk 9/28: candidates [27,367, 29,861)
2026-09-02 07:00:54.439 | INFO     | et_miner.gpu.row_split_chunks:run_chunked_dense_level:285 -   K=6 chunk 9/28 filtering: 2,494 candidates → 0 frequent (0.0% pass rate, min_count=769)
2026-09-02 07:00:54.439 | DEBUG    | et_miner.gpu.row_split_chunks:run_chunked_dense_level:267 -     K=6 chunk 10/28: candidates [29,861, 29,973) (legacy sub-chunk)
2026-09-02 07:00:54.444 | INFO     | et_miner.gpu.row_split_chunks:run_chunked_dense_level:285 -   K=6 chunk 10/28 filtering: 112 candidates → 0 frequent (0.0% pass rate, min_count=769)
2026-09-02 07:00:54.444 | DEBUG    | et_miner.gpu.row_split_chunks:run_chunked_dense_level:267 -     K=6 chunk 11/28: candidates [29,973, 30,767)
2026-09-02 07:00:54.515 | INFO     | et_miner.gpu.row_split_chunks:run_chunked_dense_level:285 -   K=6 chunk 11/28 filtering: 794 candidates → 0 frequent (0.0% pass rate, min_count=769)
2026-09-02 07:00:54.515 | DEBUG    | et_miner.gpu.row_split_chunks:run_chunked_dense_level:267 -     K=6 chunk 12/28: candidates [30,767, 30,775) (legacy sub-chunk)
2026-09-02 07:00:54.520 | INFO     | et_miner.gpu.row_split_chunks:run_chunked_dense_level:285 -   K=6 chunk 12/28 filtering: 8 candidates → 0 frequent (0.0% pass rate, min_count=769)
2026-09-02 07:00:54.520 | DEBUG    | et_miner.gpu.row_split_chunks:run_chunked_dense_level:267 -     K=6 chunk 13/28: candidates [30,775, 31,033)
2026-09-02 07:00:54.582 | INFO     | et_miner.gpu.row_split_chunks:run_chunked_dense_level:285 -   K=6 chunk 13/28 filtering: 258 candidates → 0 frequent (0.0% pass rate, min_count=769)
2026-09-02 07:00:54.582 | DEBUG    | et_miner.gpu.row_split_chunks:run_chunked_dense_level:267 -     K=6 chunk 14/28: candidates [31,033, 31,061) (legacy sub-chunk)
2026-09-02 07:00:54.587 | INFO     | et_miner.gpu.row_split_chunks:run_chunked_dense_level:285 -   K=6 chunk 14/28 filtering: 28 candidates → 0 frequent (0.0% pass rate, min_count=769)
2026-09-02 07:00:54.587 | DEBUG    | et_miner.gpu.row_split_chunks:run_chunked_dense_level:267 -     K=6 chunk 15/28: candidates [31,061, 31,152)
2026-09-02 07:00:54.643 | INFO     | et_miner.gpu.row_split_chunks:run_chunked_dense_level:285 -   K=6 chunk 15/28 filtering: 91 candidates → 0 frequent (0.0% pass rate, min_count=769)
2026-09-02 07:00:54.643 | DEBUG    | et_miner.gpu.row_split_chunks:run_chunked_dense_level:267 -     K=6 chunk 16/28: candidates [31,152, 31,185) (legacy sub-chunk)
2026-09-02 07:00:54.648 | INFO     | et_miner.gpu.row_split_chunks:run_chunked_dense_level:285 -   K=6 chunk 16/28 filtering: 33 candidates → 0 frequent (0.0% pass rate, min_count=769)
2026-09-02 07:00:54.648 | DEBUG    | et_miner.gpu.row_split_chunks:run_chunked_dense_level:267 -     K=6 chunk 17/28: candidates [31,185, 31,726)
2026-09-02 07:00:54.709 | INFO     | et_miner.gpu.row_split_chunks:run_chunked_dense_level:285 -   K=6 chunk 17/28 filtering: 541 candidates → 0 frequent (0.0% pass rate, min_count=769)
2026-09-02 07:00:54.709 | DEBUG    | et_miner.gpu.row_split_chunks:run_chunked_dense_level:267 -     K=6 chunk 18/28: candidates [31,726, 31,791) (legacy sub-chunk)
2026-09-02 07:00:54.714 | INFO     | et_miner.gpu.row_split_chunks:run_chunked_dense_level:285 -   K=6 chunk 18/28 filtering: 65 candidates → 0 frequent (0.0% pass rate, min_count=769)
2026-09-02 07:00:54.714 | DEBUG    | et_miner.gpu.row_split_chunks:run_chunked_dense_level:267 -     K=6 chunk 19/28: candidates [31,791, 32,047)
2026-09-02 07:00:54.776 | INFO     | et_miner.gpu.row_split_chunks:run_chunked_dense_level:285 -   K=6 chunk 19/28 filtering: 256 candidates → 0 frequent (0.0% pass rate, min_count=769)
2026-09-02 07:00:54.776 | DEBUG    | et_miner.gpu.row_split_chunks:run_chunked_dense_level:267 -     K=6 chunk 20/28: candidates [32,047, 32,098) (legacy sub-chunk)
2026-09-02 07:00:54.781 | INFO     | et_miner.gpu.row_split_chunks:run_chunked_dense_level:285 -   K=6 chunk 20/28 filtering: 51 candidates → 0 frequent (0.0% pass rate, min_count=769)
2026-09-02 07:00:54.782 | DEBUG    | et_miner.gpu.row_split_chunks:run_chunked_dense_level:267 -     K=6 chunk 21/28: candidates [32,098, 32,164)
2026-09-02 07:00:54.836 | INFO     | et_miner.gpu.row_split_chunks:run_chunked_dense_level:285 -   K=6 chunk 21/28 filtering: 66 candidates → 0 frequent (0.0% pass rate, min_count=769)
2026-09-02 07:00:54.836 | DEBUG    | et_miner.gpu.row_split_chunks:run_chunked_dense_level:267 -     K=6 chunk 22/28: candidates [32,164, 32,217) (legacy sub-chunk)
2026-09-02 07:00:54.841 | INFO     | et_miner.gpu.row_split_chunks:run_chunked_dense_level:285 -   K=6 chunk 22/28 filtering: 53 candidates → 0 frequent (0.0% pass rate, min_count=769)
2026-09-02 07:00:54.841 | DEBUG    | et_miner.gpu.row_split_chunks:run_chunked_dense_level:267 -     K=6 chunk 23/28: candidates [32,217, 32,353)
2026-09-02 07:00:54.903 | INFO     | et_miner.gpu.row_split_chunks:run_chunked_dense_level:285 -   K=6 chunk 23/28 filtering: 136 candidates → 0 frequent (0.0% pass rate, min_count=769)
2026-09-02 07:00:54.903 | DEBUG    | et_miner.gpu.row_split_chunks:run_chunked_dense_level:267 -     K=6 chunk 24/28: candidates [32,353, 32,590) (legacy sub-chunk)
2026-09-02 07:00:54.906 | INFO     | et_miner.gpu.row_split_chunks:run_chunked_dense_level:285 -   K=6 chunk 24/28 filtering: 237 candidates → 0 frequent (0.0% pass rate, min_count=769)
2026-09-02 07:00:54.907 | DEBUG    | et_miner.gpu.row_split_chunks:run_chunked_dense_level:267 -     K=6 chunk 25/28: candidates [32,590, 32,773)
2026-09-02 07:00:54.959 | INFO     | et_miner.gpu.row_split_chunks:run_chunked_dense_level:285 -   K=6 chunk 25/28 filtering: 183 candidates → 0 frequent (0.0% pass rate, min_count=769)
2026-09-02 07:00:54.960 | DEBUG    | et_miner.gpu.row_split_chunks:run_chunked_dense_level:267 -     K=6 chunk 26/28: candidates [32,773, 32,813) (legacy sub-chunk)
2026-09-02 07:00:54.964 | INFO     | et_miner.gpu.row_split_chunks:run_chunked_dense_level:285 -   K=6 chunk 26/28 filtering: 40 candidates → 0 frequent (0.0% pass rate, min_count=769)
2026-09-02 07:00:54.964 | DEBUG    | et_miner.gpu.row_split_chunks:run_chunked_dense_level:267 -     K=6 chunk 27/28: candidates [32,813, 32,904)
2026-09-02 07:00:55.019 | INFO     | et_miner.gpu.row_split_chunks:run_chunked_dense_level:285 -   K=6 chunk 27/28 filtering: 91 candidates → 0 frequent (0.0% pass rate, min_count=769)
2026-09-02 07:00:55.019 | DEBUG    | et_miner.gpu.row_split_chunks:run_chunked_dense_level:267 -     K=6 chunk 28/28: candidates [32,904, 33,047) (legacy sub-chunk)
2026-09-02 07:00:55.023 | INFO     | et_miner.gpu.row_split_chunks:run_chunked_dense_level:285 -   K=6 chunk 28/28 filtering: 143 candidates → 0 frequent (0.0% pass rate, min_count=769)
2026-09-02 07:00:55.024 | INFO     | et_miner.gpu.row_split:_apriori_row_split_multi_gpu:599 -   K=6: 22 frequent in 1.0s
2026-09-02 07:00:55.025 | DEBUG    | et_miner.gpu.row_split:_apriori_row_split_multi_gpu:631 -     Pruning: zeroed 88 dead bitvecs at K=6 (403 MB logical × 2 GPUs)
2026-09-02 07:00:55.025 | DEBUG    | et_miner.gpu.row_split:_apriori_row_split_multi_gpu:535 -   K=7: 29 candidates, 1 chunk(s), group data 0.0 GB, budget 3,149,223,200 cands/chunk
2026-09-02 07:00:55.032 | INFO     | et_miner.gpu.row_split_chunks:run_chunked_dense_level:285 -   K=7 chunk 1/1 filtering: 29 candidates → 0 frequent (0.0% pass rate, min_count=769)
2026-09-02 07:00:55.032 | INFO     | et_miner.gpu.row_split:_apriori_row_split_multi_gpu:599 -   K=7: 0 frequent in 0.0s
2026-09-02 07:00:55.804 | INFO     | __main__:main:523 -   171,197 itemsets, max K=6, mine=19.9s, total=23.3s
2026-09-02 07:00:55.804 | INFO     | __main__:main:473 - 
────────────────────────────────────────────────────────────
2026-09-02 07:00:55.804 | INFO     | __main__:main:474 - Null model run 2/5 (seed=4047939128787533792)
2026-09-02 07:00:55.804 | INFO     | __main__:main:475 - ────────────────────────────────────────────────────────────
2026-09-02 07:00:56.770 | INFO     | __main__:main:489 -   GPU shuffle+D2H: 1.0s
2026-09-02 07:00:56.845 | DEBUG    | et_miner.gpu.csr_bitvec:_build_shard:508 -   [GPU 0] Building bitvec: 38,445,473 rows, 158,211,114 nnz, ~4.8 GB (rows-balanced)
2026-09-02 07:00:56.847 | DEBUG    | et_miner.gpu.csr_bitvec:_build_shard:508 -   [GPU 1] Building bitvec: 38,445,472 rows, 158,209,979 nnz, ~4.8 GB (rows-balanced)
2026-09-02 07:00:57.227 | INFO     | __main__:main:497 -   Bitvec build: 0.5s
2026-09-02 07:00:57.228 | INFO     | et_miner.gpu.row_split:_apriori_row_split_multi_gpu:127 -   Row-split multi-GPU: 2 GPUs, min_count=769 (GPU-resident dense counting)
2026-09-02 07:00:57.228 | INFO     | et_miner.gpu.row_split:_apriori_row_split_multi_gpu:139 -   Pre-built bitvecs: 2 GPUs
2026-09-02 07:00:57.251 | INFO     | et_miner.gpu.row_split:_apriori_row_split_multi_gpu:170 -   NCCL: 2 communicators (ring all-reduce)
2026-09-02 07:00:57.270 | INFO     | et_miner.gpu.row_split:_apriori_row_split_multi_gpu:318 -   K=1: 1,002 frequent items in 0.0s
2026-09-02 07:00:57.295 | INFO     | et_miner.gpu.row_split:_apriori_row_split_multi_gpu:453 -   K=2: 501,501 total pairs, 1 chunk(s), dense output 0.00 GB/GPU per chunk
2026-09-02 07:00:57.779 | INFO     | et_miner.gpu.row_split_chunks:run_chunked_dense_level:285 -   K=2 chunk 1/1 filtering: 501,501 candidates → 63,700 frequent (12.7% pass rate, min_count=769)
2026-09-02 07:00:57.782 | INFO     | et_miner.gpu.row_split:_apriori_row_split_multi_gpu:599 -   K=2: 63,700 frequent in 0.5s
2026-09-02 07:00:57.802 | DEBUG    | et_miner.gpu.row_split:_apriori_row_split_multi_gpu:535 -   K=3: 9,763,488 candidates, 2 chunk(s), group data 0.0 GB, budget 3,149,177,821 cands/chunk
2026-09-02 07:00:57.804 | DEBUG    | et_miner.gpu.row_split_chunks:run_chunked_dense_level:267 -     K=3 chunk 1/2: candidates [0, 9,763,471)
2026-09-02 07:01:02.292 | INFO     | et_miner.gpu.row_split_chunks:run_chunked_dense_level:285 -   K=3 chunk 1/2 filtering: 9,763,471 candidates → 79,107 frequent (0.8% pass rate, min_count=769)
2026-09-02 07:01:02.293 | DEBUG    | et_miner.gpu.row_split_chunks:run_chunked_dense_level:267 -     K=3 chunk 2/2: candidates [9,763,471, 9,763,488) (legacy sub-chunk)
2026-09-02 07:01:02.296 | INFO     | et_miner.gpu.row_split_chunks:run_chunked_dense_level:285 -   K=3 chunk 2/2 filtering: 17 candidates → 0 frequent (0.0% pass rate, min_count=769)
2026-09-02 07:01:02.306 | INFO     | et_miner.gpu.row_split:_apriori_row_split_multi_gpu:599 -   K=3: 79,107 frequent in 4.5s
2026-09-02 07:01:02.314 | DEBUG    | et_miner.gpu.row_split:_apriori_row_split_multi_gpu:535 -   K=4: 8,324,655 candidates, 130 chunk(s), group data 0.0 GB, budget 3,149,157,896 cands/chunk
2026-09-02 07:01:02.316 | DEBUG    | et_miner.gpu.row_split_chunks:run_chunked_dense_level:267 -     K=4 chunk 1/130: candidates [0, 983,215)
2026-09-02 07:01:02.881 | INFO     | et_miner.gpu.row_split_chunks:run_chunked_dense_level:285 -   K=4 chunk 1/130 filtering: 983,215 candidates → 11,894 frequent (1.2% pass rate, min_count=769)
2026-09-02 07:01:02.882 | DEBUG    | et_miner.gpu.row_split_chunks:run_chunked_dense_level:267 -     K=4 chunk 2/130: candidates [983,215, 983,270) (legacy sub-chunk)
2026-09-02 07:01:02.885 | INFO     | et_miner.gpu.row_split_chunks:run_chunked_dense_level:285 -   K=4 chunk 2/130 filtering: 55 candidates → 0 frequent (0.0% pass rate, min_count=769)
2026-09-02 07:01:02.885 | DEBUG    | et_miner.gpu.row_split_chunks:run_chunked_dense_level:267 -     K=4 chunk 3/130: candidates [983,270, 983,558)
2026-09-02 07:01:02.938 | INFO     | et_miner.gpu.row_split_chunks:run_chunked_dense_level:285 -   K=4 chunk 3/130 filtering: 288 candidates → 0 frequent (0.0% pass rate, min_count=769)
2026-09-02 07:01:02.939 | DEBUG    | et_miner.gpu.row_split_chunks:run_chunked_dense_level:267 -     K=4 chunk 4/130: candidates [983,558, 983,613) (legacy sub-chunk)
2026-09-02 07:01:02.942 | INFO     | et_miner.gpu.row_split_chunks:run_chunked_dense_level:285 -   K=4 chunk 4/130 filtering: 55 candidates → 0 frequent (0.0% pass rate, min_count=769)
2026-09-02 07:01:02.942 | DEBUG    | et_miner.gpu.row_split_chunks:run_chunked_dense_level:267 -     K=4 chunk 5/130: candidates [983,613, 983,679)
2026-09-02 07:01:02.999 | INFO     | et_miner.gpu.row_split_chunks:run_chunked_dense_level:285 -   K=4 chunk 5/130 filtering: 66 candidates → 0 frequent (0.0% pass rate, min_count=769)
2026-09-02 07:01:02.999 | DEBUG    | et_miner.gpu.row_split_chunks:run_chunked_dense_level:267 -     K=4 chunk 6/130: candidates [983,679, 983,789) (legacy sub-chunk)
2026-09-02 07:01:03.002 | INFO     | et_miner.gpu.row_split_chunks:run_chunked_dense_level:285 -   K=4 chunk 6/130 filtering: 110 candidates → 0 frequent (0.0% pass rate, min_count=769)
2026-09-02 07:01:03.002 | DEBUG    | et_miner.gpu.row_split_chunks:run_chunked_dense_level:267 -     K=4 chunk 7/130: candidates [983,789, 983,867)
2026-09-02 07:01:03.059 | INFO     | et_miner.gpu.row_split_chunks:run_chunked_dense_level:285 -   K=4 chunk 7/130 filtering: 78 candidates → 0 frequent (0.0% pass rate, min_count=769)
2026-09-02 07:01:03.059 | DEBUG    | et_miner.gpu.row_split_chunks:run_chunked_dense_level:267 -     K=4 chunk 8/130: candidates [983,867, 983,922) (legacy sub-chunk)
2026-09-02 07:01:03.062 | INFO     | et_miner.gpu.row_split_chunks:run_chunked_dense_level:285 -   K=4 chunk 8/130 filtering: 55 candidates → 0 frequent (0.0% pass rate, min_count=769)
2026-09-02 07:01:03.063 | DEBUG    | et_miner.gpu.row_split_chunks:run_chunked_dense_level:267 -     K=4 chunk 9/130: candidates [983,922, 984,066)
2026-09-02 07:01:03.116 | INFO     | et_miner.gpu.row_split_chunks:run_chunked_dense_level:285 -   K=4 chunk 9/130 filtering: 144 candidates → 0 frequent (0.0% pass rate, min_count=769)
2026-09-02 07:01:03.116 | DEBUG    | et_miner.gpu.row_split_chunks:run_chunked_dense_level:267 -     K=4 chunk 10/130: candidates [984,066, 984,121) (legacy sub-chunk)
2026-09-02 07:01:03.120 | INFO     | et_miner.gpu.row_split_chunks:run_chunked_dense_level:285 -   K=4 chunk 10/130 filtering: 55 candidates → 0 frequent (0.0% pass rate, min_count=769)
2026-09-02 07:01:03.120 | DEBUG    | et_miner.gpu.row_split_chunks:run_chunked_dense_level:267 -     K=4 chunk 11/130: candidates [984,121, 984,343)
2026-09-02 07:01:03.173 | INFO     | et_miner.gpu.row_split_chunks:run_chunked_dense_level:285 -   K=4 chunk 11/130 filtering: 222 candidates → 0 frequent (0.0% pass rate, min_count=769)
2026-09-02 07:01:03.173 | DEBUG    | et_miner.gpu.row_split_chunks:run_chunked_dense_level:267 -     K=4 chunk 12/130: candidates [984,343, 984,388) (legacy sub-chunk)
2026-09-02 07:01:03.176 | INFO     | et_miner.gpu.row_split_chunks:run_chunked_dense_level:285 -   K=4 chunk 12/130 filtering: 45 candidates → 0 frequent (0.0% pass rate, min_count=769)
2026-09-02 07:01:03.177 | DEBUG    | et_miner.gpu.row_split_chunks:run_chunked_dense_level:267 -     K=4 chunk 13/130: candidates [984,388, 984,466)
2026-09-02 07:01:03.233 | INFO     | et_miner.gpu.row_split_chunks:run_chunked_dense_level:285 -   K=4 chunk 13/130 filtering: 78 candidates → 0 frequent (0.0% pass rate, min_count=769)
2026-09-02 07:01:03.233 | DEBUG    | et_miner.gpu.row_split_chunks:run_chunked_dense_level:267 -     K=4 chunk 14/130: candidates [984,466, 984,547) (legacy sub-chunk)
2026-09-02 07:01:03.236 | INFO     | et_miner.gpu.row_split_chunks:run_chunked_dense_level:285 -   K=4 chunk 14/130 filtering: 81 candidates → 0 frequent (0.0% pass rate, min_count=769)
2026-09-02 07:01:03.236 | DEBUG    | et_miner.gpu.row_split_chunks:run_chunked_dense_level:267 -     K=4 chunk 15/130: candidates [984,547, 984,613)
2026-09-02 07:01:03.292 | INFO     | et_miner.gpu.row_split_chunks:run_chunked_dense_level:285 -   K=4 chunk 15/130 filtering: 66 candidates → 0 frequent (0.0% pass rate, min_count=769)
2026-09-02 07:01:03.292 | DEBUG    | et_miner.gpu.row_split_chunks:run_chunked_dense_level:267 -     K=4 chunk 16/130: candidates [984,613, 984,658) (legacy sub-chunk)
2026-09-02 07:01:03.296 | INFO     | et_miner.gpu.row_split_chunks:run_chunked_dense_level:285 -   K=4 chunk 16/130 filtering: 45 candidates → 0 frequent (0.0% pass rate, min_count=769)
2026-09-02 07:01:03.296 | DEBUG    | et_miner.gpu.row_split_chunks:run_chunked_dense_level:267 -     K=4 chunk 17/130: candidates [984,658, 984,724)
2026-09-02 07:01:03.352 | INFO     | et_miner.gpu.row_split_chunks:run_chunked_dense_level:285 -   K=4 chunk 17/130 filtering: 66 candidates → 0 frequent (0.0% pass rate, min_count=769)
2026-09-02 07:01:03.352 | DEBUG    | et_miner.gpu.row_split_chunks:run_chunked_dense_level:267 -     K=4 chunk 18/130: candidates [984,724, 985,200) (legacy sub-chunk)
2026-09-02 07:01:03.356 | INFO     | et_miner.gpu.row_split_chunks:run_chunked_dense_level:285 -   K=4 chunk 18/130 filtering: 476 candidates → 0 frequent (0.0% pass rate, min_count=769)
2026-09-02 07:01:03.356 | DEBUG    | et_miner.gpu.row_split_chunks:run_chunked_dense_level:267 -     K=4 chunk 19/130: candidates [985,200, 985,266)
2026-09-02 07:01:03.412 | INFO     | et_miner.gpu.row_split_chunks:run_chunked_dense_level:285 -   K=4 chunk 19/130 filtering: 66 candidates → 0 frequent (0.0% pass rate, min_count=769)
2026-09-02 07:01:03.412 | DEBUG    | et_miner.gpu.row_split_chunks:run_chunked_dense_level:267 -     K=4 chunk 20/130: candidates [985,266, 991,767) (legacy sub-chunk)
2026-09-02 07:01:03.440 | INFO     | et_miner.gpu.row_split_chunks:run_chunked_dense_level:285 -   K=4 chunk 20/130 filtering: 6,501 candidates → 0 frequent (0.0% pass rate, min_count=769)
2026-09-02 07:01:03.440 | DEBUG    | et_miner.gpu.row_split_chunks:run_chunked_dense_level:267 -     K=4 chunk 21/130: candidates [991,767, 3,918,323)
2026-09-02 07:01:04.754 | INFO     | et_miner.gpu.row_split_chunks:run_chunked_dense_level:285 -   K=4 chunk 21/130 filtering: 2,926,556 candidates → 6,951 frequent (0.2% pass rate, min_count=769)
2026-09-02 07:01:04.755 | DEBUG    | et_miner.gpu.row_split_chunks:run_chunked_dense_level:267 -     K=4 chunk 22/130: candidates [3,918,323, 3,918,348) (legacy sub-chunk)
2026-09-02 07:01:04.758 | INFO     | et_miner.gpu.row_split_chunks:run_chunked_dense_level:285 -   K=4 chunk 22/130 filtering: 25 candidates → 0 frequent (0.0% pass rate, min_count=769)
2026-09-02 07:01:04.759 | DEBUG    | et_miner.gpu.row_split_chunks:run_chunked_dense_level:267 -     K=4 chunk 23/130: candidates [3,918,348, 4,150,597)
2026-09-02 07:01:04.965 | INFO     | et_miner.gpu.row_split_chunks:run_chunked_dense_level:285 -   K=4 chunk 23/130 filtering: 232,249 candidates → 813 frequent (0.4% pass rate, min_count=769)
2026-09-02 07:01:04.965 | DEBUG    | et_miner.gpu.row_split_chunks:run_chunked_dense_level:267 -     K=4 chunk 24/130: candidates [4,150,597, 4,150,642) (legacy sub-chunk)
2026-09-02 07:01:04.969 | INFO     | et_miner.gpu.row_split_chunks:run_chunked_dense_level:285 -   K=4 chunk 24/130 filtering: 45 candidates → 0 frequent (0.0% pass rate, min_count=769)
2026-09-02 07:01:04.969 | DEBUG    | et_miner.gpu.row_split_chunks:run_chunked_dense_level:267 -     K=4 chunk 25/130: candidates [4,150,642, 4,150,840)
2026-09-02 07:01:05.022 | INFO     | et_miner.gpu.row_split_chunks:run_chunked_dense_level:285 -   K=4 chunk 25/130 filtering: 198 candidates → 0 frequent (0.0% pass rate, min_count=769)
2026-09-02 07:01:05.022 | DEBUG    | et_miner.gpu.row_split_chunks:run_chunked_dense_level:267 -     K=4 chunk 26/130: candidates [4,150,840, 4,150,950) (legacy sub-chunk)
2026-09-02 07:01:05.026 | INFO     | et_miner.gpu.row_split_chunks:run_chunked_dense_level:285 -   K=4 chunk 26/130 filtering: 110 candidates → 0 frequent (0.0% pass rate, min_count=769)
2026-09-02 07:01:05.026 | DEBUG    | et_miner.gpu.row_split_chunks:run_chunked_dense_level:267 -     K=4 chunk 27/130: candidates [4,150,950, 4,151,148)
2026-09-02 07:01:05.078 | INFO     | et_miner.gpu.row_split_chunks:run_chunked_dense_level:285 -   K=4 chunk 27/130 filtering: 198 candidates → 0 frequent (0.0% pass rate, min_count=769)
2026-09-02 07:01:05.078 | DEBUG    | et_miner.gpu.row_split_chunks:run_chunked_dense_level:267 -     K=4 chunk 28/130: candidates [4,151,148, 4,151,384) (legacy sub-chunk)
2026-09-02 07:01:05.082 | INFO     | et_miner.gpu.row_split_chunks:run_chunked_dense_level:285 -   K=4 chunk 28/130 filtering: 236 candidates → 0 frequent (0.0% pass rate, min_count=769)
2026-09-02 07:01:05.082 | DEBUG    | et_miner.gpu.row_split_chunks:run_chunked_dense_level:267 -     K=4 chunk 29/130: candidates [4,151,384, 4,151,450)
2026-09-02 07:01:05.138 | INFO     | et_miner.gpu.row_split_chunks:run_chunked_dense_level:285 -   K=4 chunk 29/130 filtering: 66 candidates → 0 frequent (0.0% pass rate, min_count=769)
2026-09-02 07:01:05.138 | DEBUG    | et_miner.gpu.row_split_chunks:run_chunked_dense_level:267 -     K=4 chunk 30/130: candidates [4,151,450, 4,160,846) (legacy sub-chunk)
2026-09-02 07:01:05.176 | INFO     | et_miner.gpu.row_split_chunks:run_chunked_dense_level:285 -   K=4 chunk 30/130 filtering: 9,396 candidates → 0 frequent (0.0% pass rate, min_count=769)
2026-09-02 07:01:05.176 | DEBUG    | et_miner.gpu.row_split_chunks:run_chunked_dense_level:267 -     K=4 chunk 31/130: candidates [4,160,846, 6,306,374)
2026-09-02 07:01:06.156 | INFO     | et_miner.gpu.row_split_chunks:run_chunked_dense_level:285 -   K=4 chunk 31/130 filtering: 2,145,528 candidates → 4,534 frequent (0.2% pass rate, min_count=769)
2026-09-02 07:01:06.156 | DEBUG    | et_miner.gpu.row_split_chunks:run_chunked_dense_level:267 -     K=4 chunk 32/130: candidates [6,306,374, 6,306,568) (legacy sub-chunk)
2026-09-02 07:01:06.160 | INFO     | et_miner.gpu.row_split_chunks:run_chunked_dense_level:285 -   K=4 chunk 32/130 filtering: 194 candidates → 0 frequent (0.0% pass rate, min_count=769)
2026-09-02 07:01:06.160 | DEBUG    | et_miner.gpu.row_split_chunks:run_chunked_dense_level:267 -     K=4 chunk 33/130: candidates [6,306,568, 6,325,081)
2026-09-02 07:01:06.265 | INFO     | et_miner.gpu.row_split_chunks:run_chunked_dense_level:285 -   K=4 chunk 33/130 filtering: 18,513 candidates → 38 frequent (0.2% pass rate, min_count=769)
2026-09-02 07:01:06.265 | DEBUG    | et_miner.gpu.row_split_chunks:run_chunked_dense_level:267 -     K=4 chunk 34/130: candidates [6,325,081, 6,325,247) (legacy sub-chunk)
2026-09-02 07:01:06.268 | INFO     | et_miner.gpu.row_split_chunks:run_chunked_dense_level:285 -   K=4 chunk 34/130 filtering: 166 candidates → 0 frequent (0.0% pass rate, min_count=769)
2026-09-02 07:01:06.268 | DEBUG    | et_miner.gpu.row_split_chunks:run_chunked_dense_level:267 -     K=4 chunk 35/130: candidates [6,325,247, 6,338,892)
2026-09-02 07:01:06.373 | INFO     | et_miner.gpu.row_split_chunks:run_chunked_dense_level:285 -   K=4 chunk 35/130 filtering: 13,645 candidates → 26 frequent (0.2% pass rate, min_count=769)
2026-09-02 07:01:06.373 | DEBUG    | et_miner.gpu.row_split_chunks:run_chunked_dense_level:267 -     K=4 chunk 36/130: candidates [6,338,892, 6,339,019) (legacy sub-chunk)
2026-09-02 07:01:06.376 | INFO     | et_miner.gpu.row_split_chunks:run_chunked_dense_level:285 -   K=4 chunk 36/130 filtering: 127 candidates → 0 frequent (0.0% pass rate, min_count=769)
2026-09-02 07:01:06.377 | DEBUG    | et_miner.gpu.row_split_chunks:run_chunked_dense_level:267 -     K=4 chunk 37/130: candidates [6,339,019, 6,343,119)
2026-09-02 07:01:06.462 | INFO     | et_miner.gpu.row_split_chunks:run_chunked_dense_level:285 -   K=4 chunk 37/130 filtering: 4,100 candidates → 6 frequent (0.1% pass rate, min_count=769)
2026-09-02 07:01:06.462 | DEBUG    | et_miner.gpu.row_split_chunks:run_chunked_dense_level:267 -     K=4 chunk 38/130: candidates [6,343,119, 6,343,140) (legacy sub-chunk)
2026-09-02 07:01:06.465 | INFO     | et_miner.gpu.row_split_chunks:run_chunked_dense_level:285 -   K=4 chunk 38/130 filtering: 21 candidates → 0 frequent (0.0% pass rate, min_count=769)
2026-09-02 07:01:06.466 | DEBUG    | et_miner.gpu.row_split_chunks:run_chunked_dense_level:267 -     K=4 chunk 39/130: candidates [6,343,140, 6,346,997)
2026-09-02 07:01:06.539 | INFO     | et_miner.gpu.row_split_chunks:run_chunked_dense_level:285 -   K=4 chunk 39/130 filtering: 3,857 candidates → 5 frequent (0.1% pass rate, min_count=769)
2026-09-02 07:01:06.539 | DEBUG    | et_miner.gpu.row_split_chunks:run_chunked_dense_level:267 -     K=4 chunk 40/130: candidates [6,346,997, 6,347,025) (legacy sub-chunk)
2026-09-02 07:01:06.543 | INFO     | et_miner.gpu.row_split_chunks:run_chunked_dense_level:285 -   K=4 chunk 40/130 filtering: 28 candidates → 0 frequent (0.0% pass rate, min_count=769)
2026-09-02 07:01:06.543 | DEBUG    | et_miner.gpu.row_split_chunks:run_chunked_dense_level:267 -     K=4 chunk 41/130: candidates [6,347,025, 6,349,574)
2026-09-02 07:01:06.617 | INFO     | et_miner.gpu.row_split_chunks:run_chunked_dense_level:285 -   K=4 chunk 41/130 filtering: 2,549 candidates → 3 frequent (0.1% pass rate, min_count=769)
2026-09-02 07:01:06.617 | DEBUG    | et_miner.gpu.row_split_chunks:run_chunked_dense_level:267 -     K=4 chunk 42/130: candidates [6,349,574, 6,349,644) (legacy sub-chunk)
2026-09-02 07:01:06.620 | INFO     | et_miner.gpu.row_split_chunks:run_chunked_dense_level:285 -   K=4 chunk 42/130 filtering: 70 candidates → 0 frequent (0.0% pass rate, min_count=769)
2026-09-02 07:01:06.620 | DEBUG    | et_miner.gpu.row_split_chunks:run_chunked_dense_level:267 -     K=4 chunk 43/130: candidates [6,349,644, 6,351,865)
2026-09-02 07:01:06.703 | INFO     | et_miner.gpu.row_split_chunks:run_chunked_dense_level:285 -   K=4 chunk 43/130 filtering: 2,221 candidates → 4 frequent (0.2% pass rate, min_count=769)
2026-09-02 07:01:06.703 | DEBUG    | et_miner.gpu.row_split_chunks:run_chunked_dense_level:267 -     K=4 chunk 44/130: candidates [6,351,865, 6,351,911) (legacy sub-chunk)
2026-09-02 07:01:06.706 | INFO     | et_miner.gpu.row_split_chunks:run_chunked_dense_level:285 -   K=4 chunk 44/130 filtering: 46 candidates → 0 frequent (0.0% pass rate, min_count=769)
2026-09-02 07:01:06.707 | DEBUG    | et_miner.gpu.row_split_chunks:run_chunked_dense_level:267 -     K=4 chunk 45/130: candidates [6,351,911, 6,353,641)
2026-09-02 07:01:06.791 | INFO     | et_miner.gpu.row_split_chunks:run_chunked_dense_level:285 -   K=4 chunk 45/130 filtering: 1,730 candidates → 1 frequent (0.1% pass rate, min_count=769)
2026-09-02 07:01:06.791 | DEBUG    | et_miner.gpu.row_split_chunks:run_chunked_dense_level:267 -     K=4 chunk 46/130: candidates [6,353,641, 6,353,732) (legacy sub-chunk)
2026-09-02 07:01:06.794 | INFO     | et_miner.gpu.row_split_chunks:run_chunked_dense_level:285 -   K=4 chunk 46/130 filtering: 91 candidates → 0 frequent (0.0% pass rate, min_count=769)
2026-09-02 07:01:06.794 | DEBUG    | et_miner.gpu.row_split_chunks:run_chunked_dense_level:267 -     K=4 chunk 47/130: candidates [6,353,732, 6,354,464)
2026-09-02 07:01:06.855 | INFO     | et_miner.gpu.row_split_chunks:run_chunked_dense_level:285 -   K=4 chunk 47/130 filtering: 732 candidates → 0 frequent (0.0% pass rate, min_count=769)
2026-09-02 07:01:06.855 | DEBUG    | et_miner.gpu.row_split_chunks:run_chunked_dense_level:267 -     K=4 chunk 48/130: candidates [6,354,464, 6,354,525) (legacy sub-chunk)
2026-09-02 07:01:06.858 | INFO     | et_miner.gpu.row_split_chunks:run_chunked_dense_level:285 -   K=4 chunk 48/130 filtering: 61 candidates → 0 frequent (0.0% pass rate, min_count=769)
2026-09-02 07:01:06.858 | DEBUG    | et_miner.gpu.row_split_chunks:run_chunked_dense_level:267 -     K=4 chunk 49/130: candidates [6,354,525, 6,355,145)
2026-09-02 07:01:06.922 | INFO     | et_miner.gpu.row_split_chunks:run_chunked_dense_level:285 -   K=4 chunk 49/130 filtering: 620 candidates → 0 frequent (0.0% pass rate, min_count=769)
2026-09-02 07:01:06.922 | DEBUG    | et_miner.gpu.row_split_chunks:run_chunked_dense_level:267 -     K=4 chunk 50/130: candidates [6,355,145, 6,355,194) (legacy sub-chunk)
2026-09-02 07:01:06.926 | INFO     | et_miner.gpu.row_split_chunks:run_chunked_dense_level:285 -   K=4 chunk 50/130 filtering: 49 candidates → 0 frequent (0.0% pass rate, min_count=769)
2026-09-02 07:01:06.926 | DEBUG    | et_miner.gpu.row_split_chunks:run_chunked_dense_level:267 -     K=4 chunk 51/130: candidates [6,355,194, 6,355,843)
2026-09-02 07:01:06.986 | INFO     | et_miner.gpu.row_split_chunks:run_chunked_dense_level:285 -   K=4 chunk 51/130 filtering: 649 candidates → 0 frequent (0.0% pass rate, min_count=769)
2026-09-02 07:01:06.986 | DEBUG    | et_miner.gpu.row_split_chunks:run_chunked_dense_level:267 -     K=4 chunk 52/130: candidates [6,355,843, 6,355,886) (legacy sub-chunk)
2026-09-02 07:01:06.989 | INFO     | et_miner.gpu.row_split_chunks:run_chunked_dense_level:285 -   K=4 chunk 52/130 filtering: 43 candidates → 0 frequent (0.0% pass rate, min_count=769)
2026-09-02 07:01:06.989 | DEBUG    | et_miner.gpu.row_split_chunks:run_chunked_dense_level:267 -     K=4 chunk 53/130: candidates [6,355,886, 6,356,485)
2026-09-02 07:01:07.053 | INFO     | et_miner.gpu.row_split_chunks:run_chunked_dense_level:285 -   K=4 chunk 53/130 filtering: 599 candidates → 0 frequent (0.0% pass rate, min_count=769)
2026-09-02 07:01:07.053 | DEBUG    | et_miner.gpu.row_split_chunks:run_chunked_dense_level:267 -     K=4 chunk 54/130: candidates [6,356,485, 6,356,534) (legacy sub-chunk)
2026-09-02 07:01:07.056 | INFO     | et_miner.gpu.row_split_chunks:run_chunked_dense_level:285 -   K=4 chunk 54/130 filtering: 49 candidates → 0 frequent (0.0% pass rate, min_count=769)
2026-09-02 07:01:07.056 | DEBUG    | et_miner.gpu.row_split_chunks:run_chunked_dense_level:267 -     K=4 chunk 55/130: candidates [6,356,534, 6,357,097)
2026-09-02 07:01:07.119 | INFO     | et_miner.gpu.row_split_chunks:run_chunked_dense_level:285 -   K=4 chunk 55/130 filtering: 563 candidates → 0 frequent (0.0% pass rate, min_count=769)
2026-09-02 07:01:07.119 | DEBUG    | et_miner.gpu.row_split_chunks:run_chunked_dense_level:267 -     K=4 chunk 56/130: candidates [6,357,097, 6,357,137) (legacy sub-chunk)
2026-09-02 07:01:07.122 | INFO     | et_miner.gpu.row_split_chunks:run_chunked_dense_level:285 -   K=4 chunk 56/130 filtering: 40 candidates → 0 frequent (0.0% pass rate, min_count=769)
2026-09-02 07:01:07.122 | DEBUG    | et_miner.gpu.row_split_chunks:run_chunked_dense_level:267 -     K=4 chunk 57/130: candidates [6,357,137, 6,357,687)
2026-09-02 07:01:07.183 | INFO     | et_miner.gpu.row_split_chunks:run_chunked_dense_level:285 -   K=4 chunk 57/130 filtering: 550 candidates → 0 frequent (0.0% pass rate, min_count=769)
2026-09-02 07:01:07.183 | DEBUG    | et_miner.gpu.row_split_chunks:run_chunked_dense_level:267 -     K=4 chunk 58/130: candidates [6,357,687, 6,357,719) (legacy sub-chunk)
2026-09-02 07:01:07.187 | INFO     | et_miner.gpu.row_split_chunks:run_chunked_dense_level:285 -   K=4 chunk 58/130 filtering: 32 candidates → 0 frequent (0.0% pass rate, min_count=769)
2026-09-02 07:01:07.187 | DEBUG    | et_miner.gpu.row_split_chunks:run_chunked_dense_level:267 -     K=4 chunk 59/130: candidates [6,357,719, 6,358,290)
2026-09-02 07:01:07.250 | INFO     | et_miner.gpu.row_split_chunks:run_chunked_dense_level:285 -   K=4 chunk 59/130 filtering: 571 candidates → 0 frequent (0.0% pass rate, min_count=769)
2026-09-02 07:01:07.250 | DEBUG    | et_miner.gpu.row_split_chunks:run_chunked_dense_level:267 -     K=4 chunk 60/130: candidates [6,358,290, 6,358,322) (legacy sub-chunk)
2026-09-02 07:01:07.253 | INFO     | et_miner.gpu.row_split_chunks:run_chunked_dense_level:285 -   K=4 chunk 60/130 filtering: 32 candidates → 0 frequent (0.0% pass rate, min_count=769)
2026-09-02 07:01:07.253 | DEBUG    | et_miner.gpu.row_split_chunks:run_chunked_dense_level:267 -     K=4 chunk 61/130: candidates [6,358,322, 6,358,732)
2026-09-02 07:01:07.315 | INFO     | et_miner.gpu.row_split_chunks:run_chunked_dense_level:285 -   K=4 chunk 61/130 filtering: 410 candidates → 0 frequent (0.0% pass rate, min_count=769)
2026-09-02 07:01:07.315 | DEBUG    | et_miner.gpu.row_split_chunks:run_chunked_dense_level:267 -     K=4 chunk 62/130: candidates [6,358,732, 6,358,751) (legacy sub-chunk)
2026-09-02 07:01:07.318 | INFO     | et_miner.gpu.row_split_chunks:run_chunked_dense_level:285 -   K=4 chunk 62/130 filtering: 19 candidates → 0 frequent (0.0% pass rate, min_count=769)
2026-09-02 07:01:07.318 | DEBUG    | et_miner.gpu.row_split_chunks:run_chunked_dense_level:267 -     K=4 chunk 63/130: candidates [6,358,751, 6,359,094)
2026-09-02 07:01:07.381 | INFO     | et_miner.gpu.row_split_chunks:run_chunked_dense_level:285 -   K=4 chunk 63/130 filtering: 343 candidates → 0 frequent (0.0% pass rate, min_count=769)
2026-09-02 07:01:07.381 | DEBUG    | et_miner.gpu.row_split_chunks:run_chunked_dense_level:267 -     K=4 chunk 64/130: candidates [6,359,094, 6,359,104) (legacy sub-chunk)
2026-09-02 07:01:07.384 | INFO     | et_miner.gpu.row_split_chunks:run_chunked_dense_level:285 -   K=4 chunk 64/130 filtering: 10 candidates → 0 frequent (0.0% pass rate, min_count=769)
2026-09-02 07:01:07.384 | DEBUG    | et_miner.gpu.row_split_chunks:run_chunked_dense_level:267 -     K=4 chunk 65/130: candidates [6,359,104, 6,359,331)
2026-09-02 07:01:07.443 | INFO     | et_miner.gpu.row_split_chunks:run_chunked_dense_level:285 -   K=4 chunk 65/130 filtering: 227 candidates → 0 frequent (0.0% pass rate, min_count=769)
2026-09-02 07:01:07.444 | DEBUG    | et_miner.gpu.row_split_chunks:run_chunked_dense_level:267 -     K=4 chunk 66/130: candidates [6,359,331, 6,359,451) (legacy sub-chunk)
2026-09-02 07:01:07.447 | INFO     | et_miner.gpu.row_split_chunks:run_chunked_dense_level:285 -   K=4 chunk 66/130 filtering: 120 candidates → 0 frequent (0.0% pass rate, min_count=769)
2026-09-02 07:01:07.447 | DEBUG    | et_miner.gpu.row_split_chunks:run_chunked_dense_level:267 -     K=4 chunk 67/130: candidates [6,359,451, 6,359,728)
2026-09-02 07:01:07.509 | INFO     | et_miner.gpu.row_split_chunks:run_chunked_dense_level:285 -   K=4 chunk 67/130 filtering: 277 candidates → 0 frequent (0.0% pass rate, min_count=769)
2026-09-02 07:01:07.510 | DEBUG    | et_miner.gpu.row_split_chunks:run_chunked_dense_level:267 -     K=4 chunk 68/130: candidates [6,359,728, 6,359,783) (legacy sub-chunk)
2026-09-02 07:01:07.513 | INFO     | et_miner.gpu.row_split_chunks:run_chunked_dense_level:285 -   K=4 chunk 68/130 filtering: 55 candidates → 0 frequent (0.0% pass rate, min_count=769)
2026-09-02 07:01:07.513 | DEBUG    | et_miner.gpu.row_split_chunks:run_chunked_dense_level:267 -     K=4 chunk 69/130: candidates [6,359,783, 6,360,047)
2026-09-02 07:01:07.575 | INFO     | et_miner.gpu.row_split_chunks:run_chunked_dense_level:285 -   K=4 chunk 69/130 filtering: 264 candidates → 0 frequent (0.0% pass rate, min_count=769)
2026-09-02 07:01:07.575 | DEBUG    | et_miner.gpu.row_split_chunks:run_chunked_dense_level:267 -     K=4 chunk 70/130: candidates [6,360,047, 6,360,111) (legacy sub-chunk)
2026-09-02 07:01:07.579 | INFO     | et_miner.gpu.row_split_chunks:run_chunked_dense_level:285 -   K=4 chunk 70/130 filtering: 64 candidates → 0 frequent (0.0% pass rate, min_count=769)
2026-09-02 07:01:07.579 | DEBUG    | et_miner.gpu.row_split_chunks:run_chunked_dense_level:267 -     K=4 chunk 71/130: candidates [6,360,111, 6,360,375)
2026-09-02 07:01:07.641 | INFO     | et_miner.gpu.row_split_chunks:run_chunked_dense_level:285 -   K=4 chunk 71/130 filtering: 264 candidates → 0 frequent (0.0% pass rate, min_count=769)
2026-09-02 07:01:07.641 | DEBUG    | et_miner.gpu.row_split_chunks:run_chunked_dense_level:267 -     K=4 chunk 72/130: candidates [6,360,375, 6,360,439) (legacy sub-chunk)
2026-09-02 07:01:07.644 | INFO     | et_miner.gpu.row_split_chunks:run_chunked_dense_level:285 -   K=4 chunk 72/130 filtering: 64 candidates → 0 frequent (0.0% pass rate, min_count=769)
2026-09-02 07:01:07.644 | DEBUG    | et_miner.gpu.row_split_chunks:run_chunked_dense_level:267 -     K=4 chunk 73/130: candidates [6,360,439, 6,360,637)
2026-09-02 07:01:07.703 | INFO     | et_miner.gpu.row_split_chunks:run_chunked_dense_level:285 -   K=4 chunk 73/130 filtering: 198 candidates → 0 frequent (0.0% pass rate, min_count=769)
2026-09-02 07:01:07.703 | DEBUG    | et_miner.gpu.row_split_chunks:run_chunked_dense_level:267 -     K=4 chunk 74/130: candidates [6,360,637, 6,360,747) (legacy sub-chunk)
2026-09-02 07:01:07.706 | INFO     | et_miner.gpu.row_split_chunks:run_chunked_dense_level:285 -   K=4 chunk 74/130 filtering: 110 candidates → 0 frequent (0.0% pass rate, min_count=769)
2026-09-02 07:01:07.706 | DEBUG    | et_miner.gpu.row_split_chunks:run_chunked_dense_level:267 -     K=4 chunk 75/130: candidates [6,360,747, 6,360,996)
2026-09-02 07:01:07.760 | INFO     | et_miner.gpu.row_split_chunks:run_chunked_dense_level:285 -   K=4 chunk 75/130 filtering: 249 candidates → 0 frequent (0.0% pass rate, min_count=769)
2026-09-02 07:01:07.761 | DEBUG    | et_miner.gpu.row_split_chunks:run_chunked_dense_level:267 -     K=4 chunk 76/130: candidates [6,360,996, 6,361,060) (legacy sub-chunk)
2026-09-02 07:01:07.764 | INFO     | et_miner.gpu.row_split_chunks:run_chunked_dense_level:285 -   K=4 chunk 76/130 filtering: 64 candidates → 0 frequent (0.0% pass rate, min_count=769)
2026-09-02 07:01:07.764 | DEBUG    | et_miner.gpu.row_split_chunks:run_chunked_dense_level:267 -     K=4 chunk 77/130: candidates [6,361,060, 6,361,324)
2026-09-02 07:01:07.826 | INFO     | et_miner.gpu.row_split_chunks:run_chunked_dense_level:285 -   K=4 chunk 77/130 filtering: 264 candidates → 0 frequent (0.0% pass rate, min_count=769)
2026-09-02 07:01:07.826 | DEBUG    | et_miner.gpu.row_split_chunks:run_chunked_dense_level:267 -     K=4 chunk 78/130: candidates [6,361,324, 6,361,370) (legacy sub-chunk)
2026-09-02 07:01:07.830 | INFO     | et_miner.gpu.row_split_chunks:run_chunked_dense_level:285 -   K=4 chunk 78/130 filtering: 46 candidates → 0 frequent (0.0% pass rate, min_count=769)
2026-09-02 07:01:07.830 | DEBUG    | et_miner.gpu.row_split_chunks:run_chunked_dense_level:267 -     K=4 chunk 79/130: candidates [6,361,370, 6,361,541)
2026-09-02 07:01:07.884 | INFO     | et_miner.gpu.row_split_chunks:run_chunked_dense_level:285 -   K=4 chunk 79/130 filtering: 171 candidates → 0 frequent (0.0% pass rate, min_count=769)
2026-09-02 07:01:07.885 | DEBUG    | et_miner.gpu.row_split_chunks:run_chunked_dense_level:267 -     K=4 chunk 80/130: candidates [6,361,541, 6,361,650) (legacy sub-chunk)
2026-09-02 07:01:07.888 | INFO     | et_miner.gpu.row_split_chunks:run_chunked_dense_level:285 -   K=4 chunk 80/130 filtering: 109 candidates → 0 frequent (0.0% pass rate, min_count=769)
2026-09-02 07:01:07.888 | DEBUG    | et_miner.gpu.row_split_chunks:run_chunked_dense_level:267 -     K=4 chunk 81/130: candidates [6,361,650, 6,361,887)
2026-09-02 07:01:07.941 | INFO     | et_miner.gpu.row_split_chunks:run_chunked_dense_level:285 -   K=4 chunk 81/130 filtering: 237 candidates → 0 frequent (0.0% pass rate, min_count=769)
2026-09-02 07:01:07.941 | DEBUG    | et_miner.gpu.row_split_chunks:run_chunked_dense_level:267 -     K=4 chunk 82/130: candidates [6,361,887, 6,361,949) (legacy sub-chunk)
2026-09-02 07:01:07.944 | INFO     | et_miner.gpu.row_split_chunks:run_chunked_dense_level:285 -   K=4 chunk 82/130 filtering: 62 candidates → 0 frequent (0.0% pass rate, min_count=769)
2026-09-02 07:01:07.945 | DEBUG    | et_miner.gpu.row_split_chunks:run_chunked_dense_level:267 -     K=4 chunk 83/130: candidates [6,361,949, 6,362,054)
2026-09-02 07:01:08.003 | INFO     | et_miner.gpu.row_split_chunks:run_chunked_dense_level:285 -   K=4 chunk 83/130 filtering: 105 candidates → 0 frequent (0.0% pass rate, min_count=769)
2026-09-02 07:01:08.003 | DEBUG    | et_miner.gpu.row_split_chunks:run_chunked_dense_level:267 -     K=4 chunk 84/130: candidates [6,362,054, 6,362,180) (legacy sub-chunk)
2026-09-02 07:01:08.006 | INFO     | et_miner.gpu.row_split_chunks:run_chunked_dense_level:285 -   K=4 chunk 84/130 filtering: 126 candidates → 0 frequent (0.0% pass rate, min_count=769)
2026-09-02 07:01:08.006 | DEBUG    | et_miner.gpu.row_split_chunks:run_chunked_dense_level:267 -     K=4 chunk 85/130: candidates [6,362,180, 6,362,349)
2026-09-02 07:01:08.060 | INFO     | et_miner.gpu.row_split_chunks:run_chunked_dense_level:285 -   K=4 chunk 85/130 filtering: 169 candidates → 0 frequent (0.0% pass rate, min_count=769)
2026-09-02 07:01:08.061 | DEBUG    | et_miner.gpu.row_split_chunks:run_chunked_dense_level:267 -     K=4 chunk 86/130: candidates [6,362,349, 6,362,420) (legacy sub-chunk)
2026-09-02 07:01:08.064 | INFO     | et_miner.gpu.row_split_chunks:run_chunked_dense_level:285 -   K=4 chunk 86/130 filtering: 71 candidates → 0 frequent (0.0% pass rate, min_count=769)
2026-09-02 07:01:08.064 | DEBUG    | et_miner.gpu.row_split_chunks:run_chunked_dense_level:267 -     K=4 chunk 87/130: candidates [6,362,420, 6,362,511)
2026-09-02 07:01:08.122 | INFO     | et_miner.gpu.row_split_chunks:run_chunked_dense_level:285 -   K=4 chunk 87/130 filtering: 91 candidates → 0 frequent (0.0% pass rate, min_count=769)
2026-09-02 07:01:08.122 | DEBUG    | et_miner.gpu.row_split_chunks:run_chunked_dense_level:267 -     K=4 chunk 88/130: candidates [6,362,511, 6,362,622) (legacy sub-chunk)
2026-09-02 07:01:08.125 | INFO     | et_miner.gpu.row_split_chunks:run_chunked_dense_level:285 -   K=4 chunk 88/130 filtering: 111 candidates → 0 frequent (0.0% pass rate, min_count=769)
2026-09-02 07:01:08.125 | DEBUG    | et_miner.gpu.row_split_chunks:run_chunked_dense_level:267 -     K=4 chunk 89/130: candidates [6,362,622, 6,362,700)
2026-09-02 07:01:08.182 | INFO     | et_miner.gpu.row_split_chunks:run_chunked_dense_level:285 -   K=4 chunk 89/130 filtering: 78 candidates → 0 frequent (0.0% pass rate, min_count=769)
2026-09-02 07:01:08.182 | DEBUG    | et_miner.gpu.row_split_chunks:run_chunked_dense_level:267 -     K=4 chunk 90/130: candidates [6,362,700, 6,362,788) (legacy sub-chunk)
2026-09-02 07:01:08.186 | INFO     | et_miner.gpu.row_split_chunks:run_chunked_dense_level:285 -   K=4 chunk 90/130 filtering: 88 candidates → 0 frequent (0.0% pass rate, min_count=769)
2026-09-02 07:01:08.186 | DEBUG    | et_miner.gpu.row_split_chunks:run_chunked_dense_level:267 -     K=4 chunk 91/130: candidates [6,362,788, 6,362,879)
2026-09-02 07:01:08.243 | INFO     | et_miner.gpu.row_split_chunks:run_chunked_dense_level:285 -   K=4 chunk 91/130 filtering: 91 candidates → 0 frequent (0.0% pass rate, min_count=769)
2026-09-02 07:01:08.243 | DEBUG    | et_miner.gpu.row_split_chunks:run_chunked_dense_level:267 -     K=4 chunk 92/130: candidates [6,362,879, 6,362,953) (legacy sub-chunk)
2026-09-02 07:01:08.247 | INFO     | et_miner.gpu.row_split_chunks:run_chunked_dense_level:285 -   K=4 chunk 92/130 filtering: 74 candidates → 0 frequent (0.0% pass rate, min_count=769)
2026-09-02 07:01:08.247 | DEBUG    | et_miner.gpu.row_split_chunks:run_chunked_dense_level:267 -     K=4 chunk 93/130: candidates [6,362,953, 6,363,044)
2026-09-02 07:01:08.304 | INFO     | et_miner.gpu.row_split_chunks:run_chunked_dense_level:285 -   K=4 chunk 93/130 filtering: 91 candidates → 0 frequent (0.0% pass rate, min_count=769)
2026-09-02 07:01:08.304 | DEBUG    | et_miner.gpu.row_split_chunks:run_chunked_dense_level:267 -     K=4 chunk 94/130: candidates [6,363,044, 6,363,121) (legacy sub-chunk)
2026-09-02 07:01:08.308 | INFO     | et_miner.gpu.row_split_chunks:run_chunked_dense_level:285 -   K=4 chunk 94/130 filtering: 77 candidates → 0 frequent (0.0% pass rate, min_count=769)
2026-09-02 07:01:08.308 | DEBUG    | et_miner.gpu.row_split_chunks:run_chunked_dense_level:267 -     K=4 chunk 95/130: candidates [6,363,121, 6,363,212)
2026-09-02 07:01:08.365 | INFO     | et_miner.gpu.row_split_chunks:run_chunked_dense_level:285 -   K=4 chunk 95/130 filtering: 91 candidates → 0 frequent (0.0% pass rate, min_count=769)
2026-09-02 07:01:08.365 | DEBUG    | et_miner.gpu.row_split_chunks:run_chunked_dense_level:267 -     K=4 chunk 96/130: candidates [6,363,212, 6,363,272) (legacy sub-chunk)
2026-09-02 07:01:08.368 | INFO     | et_miner.gpu.row_split_chunks:run_chunked_dense_level:285 -   K=4 chunk 96/130 filtering: 60 candidates → 0 frequent (0.0% pass rate, min_count=769)
2026-09-02 07:01:08.368 | DEBUG    | et_miner.gpu.row_split_chunks:run_chunked_dense_level:267 -     K=4 chunk 97/130: candidates [6,363,272, 6,363,350)
2026-09-02 07:01:08.425 | INFO     | et_miner.gpu.row_split_chunks:run_chunked_dense_level:285 -   K=4 chunk 97/130 filtering: 78 candidates → 0 frequent (0.0% pass rate, min_count=769)
2026-09-02 07:01:08.425 | DEBUG    | et_miner.gpu.row_split_chunks:run_chunked_dense_level:267 -     K=4 chunk 98/130: candidates [6,363,350, 6,363,410) (legacy sub-chunk)
2026-09-02 07:01:08.428 | INFO     | et_miner.gpu.row_split_chunks:run_chunked_dense_level:285 -   K=4 chunk 98/130 filtering: 60 candidates → 0 frequent (0.0% pass rate, min_count=769)
2026-09-02 07:01:08.429 | DEBUG    | et_miner.gpu.row_split_chunks:run_chunked_dense_level:267 -     K=4 chunk 99/130: candidates [6,363,410, 6,363,476)
2026-09-02 07:01:08.485 | INFO     | et_miner.gpu.row_split_chunks:run_chunked_dense_level:285 -   K=4 chunk 99/130 filtering: 66 candidates → 0 frequent (0.0% pass rate, min_count=769)
2026-09-02 07:01:08.486 | DEBUG    | et_miner.gpu.row_split_chunks:run_chunked_dense_level:267 -     K=4 chunk 100/130: candidates [6,363,476, 6,363,536) (legacy sub-chunk)
2026-09-02 07:01:08.489 | INFO     | et_miner.gpu.row_split_chunks:run_chunked_dense_level:285 -   K=4 chunk 100/130 filtering: 60 candidates → 0 frequent (0.0% pass rate, min_count=769)
2026-09-02 07:01:08.489 | DEBUG    | et_miner.gpu.row_split_chunks:run_chunked_dense_level:267 -     K=4 chunk 101/130: candidates [6,363,536, 6,363,614)
2026-09-02 07:01:08.546 | INFO     | et_miner.gpu.row_split_chunks:run_chunked_dense_level:285 -   K=4 chunk 101/130 filtering: 78 candidates → 0 frequent (0.0% pass rate, min_count=769)
2026-09-02 07:01:08.546 | DEBUG    | et_miner.gpu.row_split_chunks:run_chunked_dense_level:267 -     K=4 chunk 102/130: candidates [6,363,614, 6,368,759) (legacy sub-chunk)
2026-09-02 07:01:08.568 | INFO     | et_miner.gpu.row_split_chunks:run_chunked_dense_level:285 -   K=4 chunk 102/130 filtering: 5,145 candidates → 0 frequent (0.0% pass rate, min_count=769)
2026-09-02 07:01:08.568 | DEBUG    | et_miner.gpu.row_split_chunks:run_chunked_dense_level:267 -     K=4 chunk 103/130: candidates [6,368,759, 7,074,377)
2026-09-02 07:01:08.944 | INFO     | et_miner.gpu.row_split_chunks:run_chunked_dense_level:285 -   K=4 chunk 103/130 filtering: 705,618 candidates → 640 frequent (0.1% pass rate, min_count=769)
2026-09-02 07:01:08.944 | DEBUG    | et_miner.gpu.row_split_chunks:run_chunked_dense_level:267 -     K=4 chunk 104/130: candidates [7,074,377, 7,074,475) (legacy sub-chunk)
2026-09-02 07:01:08.948 | INFO     | et_miner.gpu.row_split_chunks:run_chunked_dense_level:285 -   K=4 chunk 104/130 filtering: 98 candidates → 0 frequent (0.0% pass rate, min_count=769)
2026-09-02 07:01:08.948 | DEBUG    | et_miner.gpu.row_split_chunks:run_chunked_dense_level:267 -     K=4 chunk 105/130: candidates [7,074,475, 7,563,209)
2026-09-02 07:01:09.213 | INFO     | et_miner.gpu.row_split_chunks:run_chunked_dense_level:285 -   K=4 chunk 105/130 filtering: 488,734 candidates → 309 frequent (0.1% pass rate, min_count=769)
2026-09-02 07:01:09.213 | DEBUG    | et_miner.gpu.row_split_chunks:run_chunked_dense_level:267 -     K=4 chunk 106/130: candidates [7,563,209, 7,563,367) (legacy sub-chunk)
2026-09-02 07:01:09.217 | INFO     | et_miner.gpu.row_split_chunks:run_chunked_dense_level:285 -   K=4 chunk 106/130 filtering: 158 candidates → 0 frequent (0.0% pass rate, min_count=769)
2026-09-02 07:01:09.217 | DEBUG    | et_miner.gpu.row_split_chunks:run_chunked_dense_level:267 -     K=4 chunk 107/130: candidates [7,563,367, 7,894,931)
2026-09-02 07:01:09.445 | INFO     | et_miner.gpu.row_split_chunks:run_chunked_dense_level:285 -   K=4 chunk 107/130 filtering: 331,564 candidates → 153 frequent (0.0% pass rate, min_count=769)
2026-09-02 07:01:09.445 | DEBUG    | et_miner.gpu.row_split_chunks:run_chunked_dense_level:267 -     K=4 chunk 108/130: candidates [7,894,931, 7,895,034) (legacy sub-chunk)
2026-09-02 07:01:09.449 | INFO     | et_miner.gpu.row_split_chunks:run_chunked_dense_level:285 -   K=4 chunk 108/130 filtering: 103 candidates → 0 frequent (0.0% pass rate, min_count=769)
2026-09-02 07:01:09.449 | DEBUG    | et_miner.gpu.row_split_chunks:run_chunked_dense_level:267 -     K=4 chunk 109/130: candidates [7,895,034, 8,119,163)
2026-09-02 07:01:09.600 | INFO     | et_miner.gpu.row_split_chunks:run_chunked_dense_level:285 -   K=4 chunk 109/130 filtering: 224,129 candidates → 65 frequent (0.0% pass rate, min_count=769)
2026-09-02 07:01:09.600 | DEBUG    | et_miner.gpu.row_split_chunks:run_chunked_dense_level:267 -     K=4 chunk 110/130: candidates [8,119,163, 8,119,224) (legacy sub-chunk)
2026-09-02 07:01:09.604 | INFO     | et_miner.gpu.row_split_chunks:run_chunked_dense_level:285 -   K=4 chunk 110/130 filtering: 61 candidates → 0 frequent (0.0% pass rate, min_count=769)
2026-09-02 07:01:09.604 | DEBUG    | et_miner.gpu.row_split_chunks:run_chunked_dense_level:267 -     K=4 chunk 111/130: candidates [8,119,224, 8,218,069)
2026-09-02 07:01:09.715 | INFO     | et_miner.gpu.row_split_chunks:run_chunked_dense_level:285 -   K=4 chunk 111/130 filtering: 98,845 candidates → 5 frequent (0.0% pass rate, min_count=769)
2026-09-02 07:01:09.715 | DEBUG    | et_miner.gpu.row_split_chunks:run_chunked_dense_level:267 -     K=4 chunk 112/130: candidates [8,218,069, 8,218,177) (legacy sub-chunk)
2026-09-02 07:01:09.718 | INFO     | et_miner.gpu.row_split_chunks:run_chunked_dense_level:285 -   K=4 chunk 112/130 filtering: 108 candidates → 0 frequent (0.0% pass rate, min_count=769)
2026-09-02 07:01:09.718 | DEBUG    | et_miner.gpu.row_split_chunks:run_chunked_dense_level:267 -     K=4 chunk 113/130: candidates [8,218,177, 8,268,254)
2026-09-02 07:01:09.829 | INFO     | et_miner.gpu.row_split_chunks:run_chunked_dense_level:285 -   K=4 chunk 113/130 filtering: 50,077 candidates → 0 frequent (0.0% pass rate, min_count=769)
2026-09-02 07:01:09.829 | DEBUG    | et_miner.gpu.row_split_chunks:run_chunked_dense_level:267 -     K=4 chunk 114/130: candidates [8,268,254, 8,268,347) (legacy sub-chunk)
2026-09-02 07:01:09.832 | INFO     | et_miner.gpu.row_split_chunks:run_chunked_dense_level:285 -   K=4 chunk 114/130 filtering: 93 candidates → 0 frequent (0.0% pass rate, min_count=769)
2026-09-02 07:01:09.832 | DEBUG    | et_miner.gpu.row_split_chunks:run_chunked_dense_level:267 -     K=4 chunk 115/130: candidates [8,268,347, 8,299,893)
2026-09-02 07:01:09.937 | INFO     | et_miner.gpu.row_split_chunks:run_chunked_dense_level:285 -   K=4 chunk 115/130 filtering: 31,546 candidates → 0 frequent (0.0% pass rate, min_count=769)
2026-09-02 07:01:09.938 | DEBUG    | et_miner.gpu.row_split_chunks:run_chunked_dense_level:267 -     K=4 chunk 116/130: candidates [8,299,893, 8,299,966) (legacy sub-chunk)
2026-09-02 07:01:09.941 | INFO     | et_miner.gpu.row_split_chunks:run_chunked_dense_level:285 -   K=4 chunk 116/130 filtering: 73 candidates → 0 frequent (0.0% pass rate, min_count=769)
2026-09-02 07:01:09.941 | DEBUG    | et_miner.gpu.row_split_chunks:run_chunked_dense_level:267 -     K=4 chunk 117/130: candidates [8,299,966, 8,315,714)
2026-09-02 07:01:10.046 | INFO     | et_miner.gpu.row_split_chunks:run_chunked_dense_level:285 -   K=4 chunk 117/130 filtering: 15,748 candidates → 0 frequent (0.0% pass rate, min_count=769)
2026-09-02 07:01:10.046 | DEBUG    | et_miner.gpu.row_split_chunks:run_chunked_dense_level:267 -     K=4 chunk 118/130: candidates [8,315,714, 8,315,739) (legacy sub-chunk)
2026-09-02 07:01:10.049 | INFO     | et_miner.gpu.row_split_chunks:run_chunked_dense_level:285 -   K=4 chunk 118/130 filtering: 25 candidates → 0 frequent (0.0% pass rate, min_count=769)
2026-09-02 07:01:10.049 | DEBUG    | et_miner.gpu.row_split_chunks:run_chunked_dense_level:267 -     K=4 chunk 119/130: candidates [8,315,739, 8,321,455)
2026-09-02 07:01:10.132 | INFO     | et_miner.gpu.row_split_chunks:run_chunked_dense_level:285 -   K=4 chunk 119/130 filtering: 5,716 candidates → 0 frequent (0.0% pass rate, min_count=769)
2026-09-02 07:01:10.133 | DEBUG    | et_miner.gpu.row_split_chunks:run_chunked_dense_level:267 -     K=4 chunk 120/130: candidates [8,321,455, 8,321,597) (legacy sub-chunk)
2026-09-02 07:01:10.136 | INFO     | et_miner.gpu.row_split_chunks:run_chunked_dense_level:285 -   K=4 chunk 120/130 filtering: 142 candidates → 0 frequent (0.0% pass rate, min_count=769)
2026-09-02 07:01:10.136 | DEBUG    | et_miner.gpu.row_split_chunks:run_chunked_dense_level:267 -     K=4 chunk 121/130: candidates [8,321,597, 8,322,457)
2026-09-02 07:01:10.199 | INFO     | et_miner.gpu.row_split_chunks:run_chunked_dense_level:285 -   K=4 chunk 121/130 filtering: 860 candidates → 0 frequent (0.0% pass rate, min_count=769)
2026-09-02 07:01:10.199 | DEBUG    | et_miner.gpu.row_split_chunks:run_chunked_dense_level:267 -     K=4 chunk 122/130: candidates [8,322,457, 8,322,598) (legacy sub-chunk)
2026-09-02 07:01:10.202 | INFO     | et_miner.gpu.row_split_chunks:run_chunked_dense_level:285 -   K=4 chunk 122/130 filtering: 141 candidates → 0 frequent (0.0% pass rate, min_count=769)
2026-09-02 07:01:10.202 | DEBUG    | et_miner.gpu.row_split_chunks:run_chunked_dense_level:267 -     K=4 chunk 123/130: candidates [8,322,598, 8,323,281)
2026-09-02 07:01:10.265 | INFO     | et_miner.gpu.row_split_chunks:run_chunked_dense_level:285 -   K=4 chunk 123/130 filtering: 683 candidates → 0 frequent (0.0% pass rate, min_count=769)
2026-09-02 07:01:10.265 | DEBUG    | et_miner.gpu.row_split_chunks:run_chunked_dense_level:267 -     K=4 chunk 124/130: candidates [8,323,281, 8,323,358) (legacy sub-chunk)
2026-09-02 07:01:10.268 | INFO     | et_miner.gpu.row_split_chunks:run_chunked_dense_level:285 -   K=4 chunk 124/130 filtering: 77 candidates → 0 frequent (0.0% pass rate, min_count=769)
2026-09-02 07:01:10.268 | DEBUG    | et_miner.gpu.row_split_chunks:run_chunked_dense_level:267 -     K=4 chunk 125/130: candidates [8,323,358, 8,323,804)
2026-09-02 07:01:10.331 | INFO     | et_miner.gpu.row_split_chunks:run_chunked_dense_level:285 -   K=4 chunk 125/130 filtering: 446 candidates → 0 frequent (0.0% pass rate, min_count=769)
2026-09-02 07:01:10.331 | DEBUG    | et_miner.gpu.row_split_chunks:run_chunked_dense_level:267 -     K=4 chunk 126/130: candidates [8,323,804, 8,323,954) (legacy sub-chunk)
2026-09-02 07:01:10.335 | INFO     | et_miner.gpu.row_split_chunks:run_chunked_dense_level:285 -   K=4 chunk 126/130 filtering: 150 candidates → 0 frequent (0.0% pass rate, min_count=769)
2026-09-02 07:01:10.335 | DEBUG    | et_miner.gpu.row_split_chunks:run_chunked_dense_level:267 -     K=4 chunk 127/130: candidates [8,323,954, 8,324,227)
2026-09-02 07:01:10.399 | INFO     | et_miner.gpu.row_split_chunks:run_chunked_dense_level:285 -   K=4 chunk 127/130 filtering: 273 candidates → 0 frequent (0.0% pass rate, min_count=769)
2026-09-02 07:01:10.399 | DEBUG    | et_miner.gpu.row_split_chunks:run_chunked_dense_level:267 -     K=4 chunk 128/130: candidates [8,324,227, 8,324,373) (legacy sub-chunk)
2026-09-02 07:01:10.402 | INFO     | et_miner.gpu.row_split_chunks:run_chunked_dense_level:285 -   K=4 chunk 128/130 filtering: 146 candidates → 0 frequent (0.0% pass rate, min_count=769)
2026-09-02 07:01:10.403 | DEBUG    | et_miner.gpu.row_split_chunks:run_chunked_dense_level:267 -     K=4 chunk 129/130: candidates [8,324,373, 8,324,439)
2026-09-02 07:01:10.465 | INFO     | et_miner.gpu.row_split_chunks:run_chunked_dense_level:285 -   K=4 chunk 129/130 filtering: 66 candidates → 0 frequent (0.0% pass rate, min_count=769)
2026-09-02 07:01:10.465 | DEBUG    | et_miner.gpu.row_split_chunks:run_chunked_dense_level:267 -     K=4 chunk 130/130: candidates [8,324,439, 8,324,655) (legacy sub-chunk)
2026-09-02 07:01:10.469 | INFO     | et_miner.gpu.row_split_chunks:run_chunked_dense_level:285 -   K=4 chunk 130/130 filtering: 216 candidates → 0 frequent (0.0% pass rate, min_count=769)
2026-09-02 07:01:10.472 | INFO     | et_miner.gpu.row_split:_apriori_row_split_multi_gpu:599 -   K=4: 25,447 frequent in 8.2s
2026-09-02 07:01:10.474 | DEBUG    | et_miner.gpu.row_split:_apriori_row_split_multi_gpu:631 -     Pruning: zeroed 11 dead bitvecs at K=4 (50 MB logical × 2 GPUs)
2026-09-02 07:01:10.477 | DEBUG    | et_miner.gpu.row_split:_apriori_row_split_multi_gpu:535 -   K=5: 1,646,383 candidates, 86 chunk(s), group data 0.0 GB, budget 3,149,198,840 cands/chunk
2026-09-02 07:01:10.478 | DEBUG    | et_miner.gpu.row_split_chunks:run_chunked_dense_level:267 -     K=5 chunk 1/86: candidates [0, 35,279)
2026-09-02 07:01:10.593 | INFO     | et_miner.gpu.row_split_chunks:run_chunked_dense_level:285 -   K=5 chunk 1/86 filtering: 35,279 candidates → 134 frequent (0.4% pass rate, min_count=769)
2026-09-02 07:01:10.593 | DEBUG    | et_miner.gpu.row_split_chunks:run_chunked_dense_level:267 -     K=5 chunk 2/86: candidates [35,279, 40,554) (legacy sub-chunk)
2026-09-02 07:01:10.624 | INFO     | et_miner.gpu.row_split_chunks:run_chunked_dense_level:285 -   K=5 chunk 2/86 filtering: 5,275 candidates → 0 frequent (0.0% pass rate, min_count=769)
2026-09-02 07:01:10.624 | DEBUG    | et_miner.gpu.row_split_chunks:run_chunked_dense_level:267 -     K=5 chunk 3/86: candidates [40,554, 1,089,225)
2026-09-02 07:01:11.129 | INFO     | et_miner.gpu.row_split_chunks:run_chunked_dense_level:285 -   K=5 chunk 3/86 filtering: 1,048,671 candidates → 1,475 frequent (0.1% pass rate, min_count=769)
2026-09-02 07:01:11.129 | DEBUG    | et_miner.gpu.row_split_chunks:run_chunked_dense_level:267 -     K=5 chunk 4/86: candidates [1,089,225, 1,089,366) (legacy sub-chunk)
2026-09-02 07:01:11.133 | INFO     | et_miner.gpu.row_split_chunks:run_chunked_dense_level:285 -   K=5 chunk 4/86 filtering: 141 candidates → 0 frequent (0.0% pass rate, min_count=769)
2026-09-02 07:01:11.134 | DEBUG    | et_miner.gpu.row_split_chunks:run_chunked_dense_level:267 -     K=5 chunk 5/86: candidates [1,089,366, 1,091,969)
2026-09-02 07:01:11.211 | INFO     | et_miner.gpu.row_split_chunks:run_chunked_dense_level:285 -   K=5 chunk 5/86 filtering: 2,603 candidates → 4 frequent (0.2% pass rate, min_count=769)
2026-09-02 07:01:11.211 | DEBUG    | et_miner.gpu.row_split_chunks:run_chunked_dense_level:267 -     K=5 chunk 6/86: candidates [1,091,969, 1,092,020) (legacy sub-chunk)
2026-09-02 07:01:11.216 | INFO     | et_miner.gpu.row_split_chunks:run_chunked_dense_level:285 -   K=5 chunk 6/86 filtering: 51 candidates → 0 frequent (0.0% pass rate, min_count=769)
2026-09-02 07:01:11.216 | DEBUG    | et_miner.gpu.row_split_chunks:run_chunked_dense_level:267 -     K=5 chunk 7/86: candidates [1,092,020, 1,093,635)
2026-09-02 07:01:11.294 | INFO     | et_miner.gpu.row_split_chunks:run_chunked_dense_level:285 -   K=5 chunk 7/86 filtering: 1,615 candidates → 1 frequent (0.1% pass rate, min_count=769)
2026-09-02 07:01:11.294 | DEBUG    | et_miner.gpu.row_split_chunks:run_chunked_dense_level:267 -     K=5 chunk 8/86: candidates [1,093,635, 1,093,711) (legacy sub-chunk)
2026-09-02 07:01:11.298 | INFO     | et_miner.gpu.row_split_chunks:run_chunked_dense_level:285 -   K=5 chunk 8/86 filtering: 76 candidates → 0 frequent (0.0% pass rate, min_count=769)
2026-09-02 07:01:11.298 | DEBUG    | et_miner.gpu.row_split_chunks:run_chunked_dense_level:267 -     K=5 chunk 9/86: candidates [1,093,711, 1,094,327)
2026-09-02 07:01:11.362 | INFO     | et_miner.gpu.row_split_chunks:run_chunked_dense_level:285 -   K=5 chunk 9/86 filtering: 616 candidates → 0 frequent (0.0% pass rate, min_count=769)
2026-09-02 07:01:11.362 | DEBUG    | et_miner.gpu.row_split_chunks:run_chunked_dense_level:267 -     K=5 chunk 10/86: candidates [1,094,327, 1,094,376) (legacy sub-chunk)
2026-09-02 07:01:11.366 | INFO     | et_miner.gpu.row_split_chunks:run_chunked_dense_level:285 -   K=5 chunk 10/86 filtering: 49 candidates → 0 frequent (0.0% pass rate, min_count=769)
2026-09-02 07:01:11.366 | DEBUG    | et_miner.gpu.row_split_chunks:run_chunked_dense_level:267 -     K=5 chunk 11/86: candidates [1,094,376, 1,094,947)
2026-09-02 07:01:11.430 | INFO     | et_miner.gpu.row_split_chunks:run_chunked_dense_level:285 -   K=5 chunk 11/86 filtering: 571 candidates → 0 frequent (0.0% pass rate, min_count=769)
2026-09-02 07:01:11.430 | DEBUG    | et_miner.gpu.row_split_chunks:run_chunked_dense_level:267 -     K=5 chunk 12/86: candidates [1,094,947, 1,094,987) (legacy sub-chunk)
2026-09-02 07:01:11.434 | INFO     | et_miner.gpu.row_split_chunks:run_chunked_dense_level:285 -   K=5 chunk 12/86 filtering: 40 candidates → 0 frequent (0.0% pass rate, min_count=769)
2026-09-02 07:01:11.434 | DEBUG    | et_miner.gpu.row_split_chunks:run_chunked_dense_level:267 -     K=5 chunk 13/86: candidates [1,094,987, 1,095,280)
2026-09-02 07:01:11.496 | INFO     | et_miner.gpu.row_split_chunks:run_chunked_dense_level:285 -   K=5 chunk 13/86 filtering: 293 candidates → 0 frequent (0.0% pass rate, min_count=769)
2026-09-02 07:01:11.497 | DEBUG    | et_miner.gpu.row_split_chunks:run_chunked_dense_level:267 -     K=5 chunk 14/86: candidates [1,095,280, 1,095,345) (legacy sub-chunk)
2026-09-02 07:01:11.500 | INFO     | et_miner.gpu.row_split_chunks:run_chunked_dense_level:285 -   K=5 chunk 14/86 filtering: 65 candidates → 0 frequent (0.0% pass rate, min_count=769)
2026-09-02 07:01:11.500 | DEBUG    | et_miner.gpu.row_split_chunks:run_chunked_dense_level:267 -     K=5 chunk 15/86: candidates [1,095,345, 1,095,609)
2026-09-02 07:01:11.563 | INFO     | et_miner.gpu.row_split_chunks:run_chunked_dense_level:285 -   K=5 chunk 15/86 filtering: 264 candidates → 0 frequent (0.0% pass rate, min_count=769)
2026-09-02 07:01:11.563 | DEBUG    | et_miner.gpu.row_split_chunks:run_chunked_dense_level:267 -     K=5 chunk 16/86: candidates [1,095,609, 1,095,663) (legacy sub-chunk)
2026-09-02 07:01:11.567 | INFO     | et_miner.gpu.row_split_chunks:run_chunked_dense_level:285 -   K=5 chunk 16/86 filtering: 54 candidates → 0 frequent (0.0% pass rate, min_count=769)
2026-09-02 07:01:11.567 | DEBUG    | et_miner.gpu.row_split_chunks:run_chunked_dense_level:267 -     K=5 chunk 17/86: candidates [1,095,663, 1,095,834)
2026-09-02 07:01:11.621 | INFO     | et_miner.gpu.row_split_chunks:run_chunked_dense_level:285 -   K=5 chunk 17/86 filtering: 171 candidates → 0 frequent (0.0% pass rate, min_count=769)
2026-09-02 07:01:11.621 | DEBUG    | et_miner.gpu.row_split_chunks:run_chunked_dense_level:267 -     K=5 chunk 18/86: candidates [1,095,834, 1,097,303) (legacy sub-chunk)
2026-09-02 07:01:11.631 | INFO     | et_miner.gpu.row_split_chunks:run_chunked_dense_level:285 -   K=5 chunk 18/86 filtering: 1,469 candidates → 0 frequent (0.0% pass rate, min_count=769)
2026-09-02 07:01:11.631 | DEBUG    | et_miner.gpu.row_split_chunks:run_chunked_dense_level:267 -     K=5 chunk 19/86: candidates [1,097,303, 1,235,850)
2026-09-02 07:01:11.751 | INFO     | et_miner.gpu.row_split_chunks:run_chunked_dense_level:285 -   K=5 chunk 19/86 filtering: 138,547 candidates → 161 frequent (0.1% pass rate, min_count=769)
2026-09-02 07:01:11.751 | DEBUG    | et_miner.gpu.row_split_chunks:run_chunked_dense_level:267 -     K=5 chunk 20/86: candidates [1,235,850, 1,235,887) (legacy sub-chunk)
2026-09-02 07:01:11.755 | INFO     | et_miner.gpu.row_split_chunks:run_chunked_dense_level:285 -   K=5 chunk 20/86 filtering: 37 candidates → 0 frequent (0.0% pass rate, min_count=769)
2026-09-02 07:01:11.755 | DEBUG    | et_miner.gpu.row_split_chunks:run_chunked_dense_level:267 -     K=5 chunk 21/86: candidates [1,235,887, 1,322,641)
2026-09-02 07:01:11.874 | INFO     | et_miner.gpu.row_split_chunks:run_chunked_dense_level:285 -   K=5 chunk 21/86 filtering: 86,754 candidates → 68 frequent (0.1% pass rate, min_count=769)
2026-09-02 07:01:11.874 | DEBUG    | et_miner.gpu.row_split_chunks:run_chunked_dense_level:267 -     K=5 chunk 22/86: candidates [1,322,641, 1,322,675) (legacy sub-chunk)
2026-09-02 07:01:11.878 | INFO     | et_miner.gpu.row_split_chunks:run_chunked_dense_level:285 -   K=5 chunk 22/86 filtering: 34 candidates → 0 frequent (0.0% pass rate, min_count=769)
2026-09-02 07:01:11.878 | DEBUG    | et_miner.gpu.row_split_chunks:run_chunked_dense_level:267 -     K=5 chunk 23/86: candidates [1,322,675, 1,379,999)
2026-09-02 07:01:11.991 | INFO     | et_miner.gpu.row_split_chunks:run_chunked_dense_level:285 -   K=5 chunk 23/86 filtering: 57,324 candidates → 23 frequent (0.0% pass rate, min_count=769)
2026-09-02 07:01:11.991 | DEBUG    | et_miner.gpu.row_split_chunks:run_chunked_dense_level:267 -     K=5 chunk 24/86: candidates [1,379,999, 1,380,120) (legacy sub-chunk)
2026-09-02 07:01:11.995 | INFO     | et_miner.gpu.row_split_chunks:run_chunked_dense_level:285 -   K=5 chunk 24/86 filtering: 121 candidates → 0 frequent (0.0% pass rate, min_count=769)
2026-09-02 07:01:11.995 | DEBUG    | et_miner.gpu.row_split_chunks:run_chunked_dense_level:267 -     K=5 chunk 25/86: candidates [1,380,120, 1,419,293)
2026-09-02 07:01:12.104 | INFO     | et_miner.gpu.row_split_chunks:run_chunked_dense_level:285 -   K=5 chunk 25/86 filtering: 39,173 candidates → 6 frequent (0.0% pass rate, min_count=769)
2026-09-02 07:01:12.104 | DEBUG    | et_miner.gpu.row_split_chunks:run_chunked_dense_level:267 -     K=5 chunk 26/86: candidates [1,419,293, 1,419,412) (legacy sub-chunk)
2026-09-02 07:01:12.108 | INFO     | et_miner.gpu.row_split_chunks:run_chunked_dense_level:285 -   K=5 chunk 26/86 filtering: 119 candidates → 0 frequent (0.0% pass rate, min_count=769)
2026-09-02 07:01:12.108 | DEBUG    | et_miner.gpu.row_split_chunks:run_chunked_dense_level:267 -     K=5 chunk 27/86: candidates [1,419,412, 1,435,134)
2026-09-02 07:01:12.197 | INFO     | et_miner.gpu.row_split_chunks:run_chunked_dense_level:285 -   K=5 chunk 27/86 filtering: 15,722 candidates → 0 frequent (0.0% pass rate, min_count=769)
2026-09-02 07:01:12.198 | DEBUG    | et_miner.gpu.row_split_chunks:run_chunked_dense_level:267 -     K=5 chunk 28/86: candidates [1,435,134, 1,435,214) (legacy sub-chunk)
2026-09-02 07:01:12.202 | INFO     | et_miner.gpu.row_split_chunks:run_chunked_dense_level:285 -   K=5 chunk 28/86 filtering: 80 candidates → 0 frequent (0.0% pass rate, min_count=769)
2026-09-02 07:01:12.202 | DEBUG    | et_miner.gpu.row_split_chunks:run_chunked_dense_level:267 -     K=5 chunk 29/86: candidates [1,435,214, 1,441,625)
2026-09-02 07:01:12.294 | INFO     | et_miner.gpu.row_split_chunks:run_chunked_dense_level:285 -   K=5 chunk 29/86 filtering: 6,411 candidates → 0 frequent (0.0% pass rate, min_count=769)
2026-09-02 07:01:12.295 | DEBUG    | et_miner.gpu.row_split_chunks:run_chunked_dense_level:267 -     K=5 chunk 30/86: candidates [1,441,625, 1,441,760) (legacy sub-chunk)
2026-09-02 07:01:12.299 | INFO     | et_miner.gpu.row_split_chunks:run_chunked_dense_level:285 -   K=5 chunk 30/86 filtering: 135 candidates → 0 frequent (0.0% pass rate, min_count=769)
2026-09-02 07:01:12.299 | DEBUG    | et_miner.gpu.row_split_chunks:run_chunked_dense_level:267 -     K=5 chunk 31/86: candidates [1,441,760, 1,445,154)
2026-09-02 07:01:12.376 | INFO     | et_miner.gpu.row_split_chunks:run_chunked_dense_level:285 -   K=5 chunk 31/86 filtering: 3,394 candidates → 0 frequent (0.0% pass rate, min_count=769)
2026-09-02 07:01:12.376 | DEBUG    | et_miner.gpu.row_split_chunks:run_chunked_dense_level:267 -     K=5 chunk 32/86: candidates [1,445,154, 1,445,255) (legacy sub-chunk)
2026-09-02 07:01:12.380 | INFO     | et_miner.gpu.row_split_chunks:run_chunked_dense_level:285 -   K=5 chunk 32/86 filtering: 101 candidates → 0 frequent (0.0% pass rate, min_count=769)
2026-09-02 07:01:12.380 | DEBUG    | et_miner.gpu.row_split_chunks:run_chunked_dense_level:267 -     K=5 chunk 33/86: candidates [1,445,255, 1,446,313)
2026-09-02 07:01:12.458 | INFO     | et_miner.gpu.row_split_chunks:run_chunked_dense_level:285 -   K=5 chunk 33/86 filtering: 1,058 candidates → 0 frequent (0.0% pass rate, min_count=769)
2026-09-02 07:01:12.459 | DEBUG    | et_miner.gpu.row_split_chunks:run_chunked_dense_level:267 -     K=5 chunk 34/86: candidates [1,446,313, 1,446,420) (legacy sub-chunk)
2026-09-02 07:01:12.463 | INFO     | et_miner.gpu.row_split_chunks:run_chunked_dense_level:285 -   K=5 chunk 34/86 filtering: 107 candidates → 0 frequent (0.0% pass rate, min_count=769)
2026-09-02 07:01:12.463 | DEBUG    | et_miner.gpu.row_split_chunks:run_chunked_dense_level:267 -     K=5 chunk 35/86: candidates [1,446,420, 1,446,655)
2026-09-02 07:01:12.519 | INFO     | et_miner.gpu.row_split_chunks:run_chunked_dense_level:285 -   K=5 chunk 35/86 filtering: 235 candidates → 0 frequent (0.0% pass rate, min_count=769)
2026-09-02 07:01:12.519 | DEBUG    | et_miner.gpu.row_split_chunks:run_chunked_dense_level:267 -     K=5 chunk 36/86: candidates [1,446,655, 1,446,816) (legacy sub-chunk)
2026-09-02 07:01:12.523 | INFO     | et_miner.gpu.row_split_chunks:run_chunked_dense_level:285 -   K=5 chunk 36/86 filtering: 161 candidates → 0 frequent (0.0% pass rate, min_count=769)
2026-09-02 07:01:12.523 | DEBUG    | et_miner.gpu.row_split_chunks:run_chunked_dense_level:267 -     K=5 chunk 37/86: candidates [1,446,816, 1,448,054)
2026-09-02 07:01:12.593 | INFO     | et_miner.gpu.row_split_chunks:run_chunked_dense_level:285 -   K=5 chunk 37/86 filtering: 1,238 candidates → 0 frequent (0.0% pass rate, min_count=769)
2026-09-02 07:01:12.593 | DEBUG    | et_miner.gpu.row_split_chunks:run_chunked_dense_level:267 -     K=5 chunk 38/86: candidates [1,448,054, 1,448,152) (legacy sub-chunk)
2026-09-02 07:01:12.597 | INFO     | et_miner.gpu.row_split_chunks:run_chunked_dense_level:285 -   K=5 chunk 38/86 filtering: 98 candidates → 0 frequent (0.0% pass rate, min_count=769)
2026-09-02 07:01:12.597 | DEBUG    | et_miner.gpu.row_split_chunks:run_chunked_dense_level:267 -     K=5 chunk 39/86: candidates [1,448,152, 1,449,036)
2026-09-02 07:01:12.658 | INFO     | et_miner.gpu.row_split_chunks:run_chunked_dense_level:285 -   K=5 chunk 39/86 filtering: 884 candidates → 0 frequent (0.0% pass rate, min_count=769)
2026-09-02 07:01:12.658 | DEBUG    | et_miner.gpu.row_split_chunks:run_chunked_dense_level:267 -     K=5 chunk 40/86: candidates [1,449,036, 1,449,118) (legacy sub-chunk)
2026-09-02 07:01:12.662 | INFO     | et_miner.gpu.row_split_chunks:run_chunked_dense_level:285 -   K=5 chunk 40/86 filtering: 82 candidates → 0 frequent (0.0% pass rate, min_count=769)
2026-09-02 07:01:12.662 | DEBUG    | et_miner.gpu.row_split_chunks:run_chunked_dense_level:267 -     K=5 chunk 41/86: candidates [1,449,118, 1,449,289)
2026-09-02 07:01:12.716 | INFO     | et_miner.gpu.row_split_chunks:run_chunked_dense_level:285 -   K=5 chunk 41/86 filtering: 171 candidates → 0 frequent (0.0% pass rate, min_count=769)
2026-09-02 07:01:12.716 | DEBUG    | et_miner.gpu.row_split_chunks:run_chunked_dense_level:267 -     K=5 chunk 42/86: candidates [1,449,289, 1,449,377) (legacy sub-chunk)
2026-09-02 07:01:12.720 | INFO     | et_miner.gpu.row_split_chunks:run_chunked_dense_level:285 -   K=5 chunk 42/86 filtering: 88 candidates → 0 frequent (0.0% pass rate, min_count=769)
2026-09-02 07:01:12.720 | DEBUG    | et_miner.gpu.row_split_chunks:run_chunked_dense_level:267 -     K=5 chunk 43/86: candidates [1,449,377, 1,449,546)
2026-09-02 07:01:12.774 | INFO     | et_miner.gpu.row_split_chunks:run_chunked_dense_level:285 -   K=5 chunk 43/86 filtering: 169 candidates → 0 frequent (0.0% pass rate, min_count=769)
2026-09-02 07:01:12.775 | DEBUG    | et_miner.gpu.row_split_chunks:run_chunked_dense_level:267 -     K=5 chunk 44/86: candidates [1,449,546, 1,449,626) (legacy sub-chunk)
2026-09-02 07:01:12.779 | INFO     | et_miner.gpu.row_split_chunks:run_chunked_dense_level:285 -   K=5 chunk 44/86 filtering: 80 candidates → 0 frequent (0.0% pass rate, min_count=769)
2026-09-02 07:01:12.779 | DEBUG    | et_miner.gpu.row_split_chunks:run_chunked_dense_level:267 -     K=5 chunk 45/86: candidates [1,449,626, 1,449,692)
2026-09-02 07:01:12.835 | INFO     | et_miner.gpu.row_split_chunks:run_chunked_dense_level:285 -   K=5 chunk 45/86 filtering: 66 candidates → 0 frequent (0.0% pass rate, min_count=769)
2026-09-02 07:01:12.836 | DEBUG    | et_miner.gpu.row_split_chunks:run_chunked_dense_level:267 -     K=5 chunk 46/86: candidates [1,449,692, 1,449,751) (legacy sub-chunk)
2026-09-02 07:01:12.840 | INFO     | et_miner.gpu.row_split_chunks:run_chunked_dense_level:285 -   K=5 chunk 46/86 filtering: 59 candidates → 0 frequent (0.0% pass rate, min_count=769)
2026-09-02 07:01:12.840 | DEBUG    | et_miner.gpu.row_split_chunks:run_chunked_dense_level:267 -     K=5 chunk 47/86: candidates [1,449,751, 1,449,817)
2026-09-02 07:01:12.896 | INFO     | et_miner.gpu.row_split_chunks:run_chunked_dense_level:285 -   K=5 chunk 47/86 filtering: 66 candidates → 0 frequent (0.0% pass rate, min_count=769)
2026-09-02 07:01:12.896 | DEBUG    | et_miner.gpu.row_split_chunks:run_chunked_dense_level:267 -     K=5 chunk 48/86: candidates [1,449,817, 1,450,439) (legacy sub-chunk)
2026-09-02 07:01:12.902 | INFO     | et_miner.gpu.row_split_chunks:run_chunked_dense_level:285 -   K=5 chunk 48/86 filtering: 622 candidates → 0 frequent (0.0% pass rate, min_count=769)
2026-09-02 07:01:12.902 | DEBUG    | et_miner.gpu.row_split_chunks:run_chunked_dense_level:267 -     K=5 chunk 49/86: candidates [1,450,439, 1,522,785)
2026-09-02 07:01:13.010 | INFO     | et_miner.gpu.row_split_chunks:run_chunked_dense_level:285 -   K=5 chunk 49/86 filtering: 72,346 candidates → 85 frequent (0.1% pass rate, min_count=769)
2026-09-02 07:01:13.010 | DEBUG    | et_miner.gpu.row_split_chunks:run_chunked_dense_level:267 -     K=5 chunk 50/86: candidates [1,522,785, 1,522,945) (legacy sub-chunk)
2026-09-02 07:01:13.014 | INFO     | et_miner.gpu.row_split_chunks:run_chunked_dense_level:285 -   K=5 chunk 50/86 filtering: 160 candidates → 0 frequent (0.0% pass rate, min_count=769)
2026-09-02 07:01:13.014 | DEBUG    | et_miner.gpu.row_split_chunks:run_chunked_dense_level:267 -     K=5 chunk 51/86: candidates [1,522,945, 1,569,743)
2026-09-02 07:01:13.125 | INFO     | et_miner.gpu.row_split_chunks:run_chunked_dense_level:285 -   K=5 chunk 51/86 filtering: 46,798 candidates → 31 frequent (0.1% pass rate, min_count=769)
2026-09-02 07:01:13.125 | DEBUG    | et_miner.gpu.row_split_chunks:run_chunked_dense_level:267 -     K=5 chunk 52/86: candidates [1,569,743, 1,569,898) (legacy sub-chunk)
2026-09-02 07:01:13.129 | INFO     | et_miner.gpu.row_split_chunks:run_chunked_dense_level:285 -   K=5 chunk 52/86 filtering: 155 candidates → 0 frequent (0.0% pass rate, min_count=769)
2026-09-02 07:01:13.129 | DEBUG    | et_miner.gpu.row_split_chunks:run_chunked_dense_level:267 -     K=5 chunk 53/86: candidates [1,569,898, 1,600,554)
2026-09-02 07:01:13.235 | INFO     | et_miner.gpu.row_split_chunks:run_chunked_dense_level:285 -   K=5 chunk 53/86 filtering: 30,656 candidates → 10 frequent (0.0% pass rate, min_count=769)
2026-09-02 07:01:13.235 | DEBUG    | et_miner.gpu.row_split_chunks:run_chunked_dense_level:267 -     K=5 chunk 54/86: candidates [1,600,554, 1,600,670) (legacy sub-chunk)
2026-09-02 07:01:13.239 | INFO     | et_miner.gpu.row_split_chunks:run_chunked_dense_level:285 -   K=5 chunk 54/86 filtering: 116 candidates → 0 frequent (0.0% pass rate, min_count=769)
2026-09-02 07:01:13.239 | DEBUG    | et_miner.gpu.row_split_chunks:run_chunked_dense_level:267 -     K=5 chunk 55/86: candidates [1,600,670, 1,620,124)
2026-09-02 07:01:13.333 | INFO     | et_miner.gpu.row_split_chunks:run_chunked_dense_level:285 -   K=5 chunk 55/86 filtering: 19,454 candidates → 1 frequent (0.0% pass rate, min_count=769)
2026-09-02 07:01:13.333 | DEBUG    | et_miner.gpu.row_split_chunks:run_chunked_dense_level:267 -     K=5 chunk 56/86: candidates [1,620,124, 1,620,226) (legacy sub-chunk)
2026-09-02 07:01:13.337 | INFO     | et_miner.gpu.row_split_chunks:run_chunked_dense_level:285 -   K=5 chunk 56/86 filtering: 102 candidates → 0 frequent (0.0% pass rate, min_count=769)
2026-09-02 07:01:13.338 | DEBUG    | et_miner.gpu.row_split_chunks:run_chunked_dense_level:267 -     K=5 chunk 57/86: candidates [1,620,226, 1,627,762)
2026-09-02 07:01:13.428 | INFO     | et_miner.gpu.row_split_chunks:run_chunked_dense_level:285 -   K=5 chunk 57/86 filtering: 7,536 candidates → 0 frequent (0.0% pass rate, min_count=769)
2026-09-02 07:01:13.428 | DEBUG    | et_miner.gpu.row_split_chunks:run_chunked_dense_level:267 -     K=5 chunk 58/86: candidates [1,627,762, 1,627,844) (legacy sub-chunk)
2026-09-02 07:01:13.432 | INFO     | et_miner.gpu.row_split_chunks:run_chunked_dense_level:285 -   K=5 chunk 58/86 filtering: 82 candidates → 0 frequent (0.0% pass rate, min_count=769)
2026-09-02 07:01:13.432 | DEBUG    | et_miner.gpu.row_split_chunks:run_chunked_dense_level:267 -     K=5 chunk 59/86: candidates [1,627,844, 1,630,659)
2026-09-02 07:01:13.516 | INFO     | et_miner.gpu.row_split_chunks:run_chunked_dense_level:285 -   K=5 chunk 59/86 filtering: 2,815 candidates → 0 frequent (0.0% pass rate, min_count=769)
2026-09-02 07:01:13.516 | DEBUG    | et_miner.gpu.row_split_chunks:run_chunked_dense_level:267 -     K=5 chunk 60/86: candidates [1,630,659, 1,630,781) (legacy sub-chunk)
2026-09-02 07:01:13.520 | INFO     | et_miner.gpu.row_split_chunks:run_chunked_dense_level:285 -   K=5 chunk 60/86 filtering: 122 candidates → 0 frequent (0.0% pass rate, min_count=769)
2026-09-02 07:01:13.520 | DEBUG    | et_miner.gpu.row_split_chunks:run_chunked_dense_level:267 -     K=5 chunk 61/86: candidates [1,630,781, 1,632,038)
2026-09-02 07:01:13.599 | INFO     | et_miner.gpu.row_split_chunks:run_chunked_dense_level:285 -   K=5 chunk 61/86 filtering: 1,257 candidates → 0 frequent (0.0% pass rate, min_count=769)
2026-09-02 07:01:13.599 | DEBUG    | et_miner.gpu.row_split_chunks:run_chunked_dense_level:267 -     K=5 chunk 62/86: candidates [1,632,038, 1,632,121) (legacy sub-chunk)
2026-09-02 07:01:13.603 | INFO     | et_miner.gpu.row_split_chunks:run_chunked_dense_level:285 -   K=5 chunk 62/86 filtering: 83 candidates → 0 frequent (0.0% pass rate, min_count=769)
2026-09-02 07:01:13.603 | DEBUG    | et_miner.gpu.row_split_chunks:run_chunked_dense_level:267 -     K=5 chunk 63/86: candidates [1,632,121, 1,632,533)
2026-09-02 07:01:13.671 | INFO     | et_miner.gpu.row_split_chunks:run_chunked_dense_level:285 -   K=5 chunk 63/86 filtering: 412 candidates → 0 frequent (0.0% pass rate, min_count=769)
2026-09-02 07:01:13.671 | DEBUG    | et_miner.gpu.row_split_chunks:run_chunked_dense_level:267 -     K=5 chunk 64/86: candidates [1,632,533, 1,632,778) (legacy sub-chunk)
2026-09-02 07:01:13.675 | INFO     | et_miner.gpu.row_split_chunks:run_chunked_dense_level:285 -   K=5 chunk 64/86 filtering: 245 candidates → 0 frequent (0.0% pass rate, min_count=769)
2026-09-02 07:01:13.675 | DEBUG    | et_miner.gpu.row_split_chunks:run_chunked_dense_level:267 -     K=5 chunk 65/86: candidates [1,632,778, 1,637,279)
2026-09-02 07:01:13.758 | INFO     | et_miner.gpu.row_split_chunks:run_chunked_dense_level:285 -   K=5 chunk 65/86 filtering: 4,501 candidates → 1 frequent (0.0% pass rate, min_count=769)
2026-09-02 07:01:13.758 | DEBUG    | et_miner.gpu.row_split_chunks:run_chunked_dense_level:267 -     K=5 chunk 66/86: candidates [1,637,279, 1,637,308) (legacy sub-chunk)
2026-09-02 07:01:13.762 | INFO     | et_miner.gpu.row_split_chunks:run_chunked_dense_level:285 -   K=5 chunk 66/86 filtering: 29 candidates → 0 frequent (0.0% pass rate, min_count=769)
2026-09-02 07:01:13.763 | DEBUG    | et_miner.gpu.row_split_chunks:run_chunked_dense_level:267 -     K=5 chunk 67/86: candidates [1,637,308, 1,639,837)
2026-09-02 07:01:13.846 | INFO     | et_miner.gpu.row_split_chunks:run_chunked_dense_level:285 -   K=5 chunk 67/86 filtering: 2,529 candidates → 0 frequent (0.0% pass rate, min_count=769)
2026-09-02 07:01:13.846 | DEBUG    | et_miner.gpu.row_split_chunks:run_chunked_dense_level:267 -     K=5 chunk 68/86: candidates [1,639,837, 1,639,857) (legacy sub-chunk)
2026-09-02 07:01:13.850 | INFO     | et_miner.gpu.row_split_chunks:run_chunked_dense_level:285 -   K=5 chunk 68/86 filtering: 20 candidates → 0 frequent (0.0% pass rate, min_count=769)
2026-09-02 07:01:13.850 | DEBUG    | et_miner.gpu.row_split_chunks:run_chunked_dense_level:267 -     K=5 chunk 69/86: candidates [1,639,857, 1,641,118)
2026-09-02 07:01:13.933 | INFO     | et_miner.gpu.row_split_chunks:run_chunked_dense_level:285 -   K=5 chunk 69/86 filtering: 1,261 candidates → 0 frequent (0.0% pass rate, min_count=769)
2026-09-02 07:01:13.933 | DEBUG    | et_miner.gpu.row_split_chunks:run_chunked_dense_level:267 -     K=5 chunk 70/86: candidates [1,641,118, 1,641,133) (legacy sub-chunk)
2026-09-02 07:01:13.937 | INFO     | et_miner.gpu.row_split_chunks:run_chunked_dense_level:285 -   K=5 chunk 70/86 filtering: 15 candidates → 0 frequent (0.0% pass rate, min_count=769)
2026-09-02 07:01:13.937 | DEBUG    | et_miner.gpu.row_split_chunks:run_chunked_dense_level:267 -     K=5 chunk 71/86: candidates [1,641,133, 1,641,513)
2026-09-02 07:01:13.997 | INFO     | et_miner.gpu.row_split_chunks:run_chunked_dense_level:285 -   K=5 chunk 71/86 filtering: 380 candidates → 0 frequent (0.0% pass rate, min_count=769)
2026-09-02 07:01:13.997 | DEBUG    | et_miner.gpu.row_split_chunks:run_chunked_dense_level:267 -     K=5 chunk 72/86: candidates [1,641,513, 1,641,534) (legacy sub-chunk)
2026-09-02 07:01:14.001 | INFO     | et_miner.gpu.row_split_chunks:run_chunked_dense_level:285 -   K=5 chunk 72/86 filtering: 21 candidates → 0 frequent (0.0% pass rate, min_count=769)
2026-09-02 07:01:14.001 | DEBUG    | et_miner.gpu.row_split_chunks:run_chunked_dense_level:267 -     K=5 chunk 73/86: candidates [1,641,534, 1,641,639)
2026-09-02 07:01:14.061 | INFO     | et_miner.gpu.row_split_chunks:run_chunked_dense_level:285 -   K=5 chunk 73/86 filtering: 105 candidates → 0 frequent (0.0% pass rate, min_count=769)
2026-09-02 07:01:14.061 | DEBUG    | et_miner.gpu.row_split_chunks:run_chunked_dense_level:267 -     K=5 chunk 74/86: candidates [1,641,639, 1,641,710) (legacy sub-chunk)
2026-09-02 07:01:14.065 | INFO     | et_miner.gpu.row_split_chunks:run_chunked_dense_level:285 -   K=5 chunk 74/86 filtering: 71 candidates → 0 frequent (0.0% pass rate, min_count=769)
2026-09-02 07:01:14.065 | DEBUG    | et_miner.gpu.row_split_chunks:run_chunked_dense_level:267 -     K=5 chunk 75/86: candidates [1,641,710, 1,643,527)
2026-09-02 07:01:14.139 | INFO     | et_miner.gpu.row_split_chunks:run_chunked_dense_level:285 -   K=5 chunk 75/86 filtering: 1,817 candidates → 0 frequent (0.0% pass rate, min_count=769)
2026-09-02 07:01:14.140 | DEBUG    | et_miner.gpu.row_split_chunks:run_chunked_dense_level:267 -     K=5 chunk 76/86: candidates [1,643,527, 1,643,563) (legacy sub-chunk)
2026-09-02 07:01:14.144 | INFO     | et_miner.gpu.row_split_chunks:run_chunked_dense_level:285 -   K=5 chunk 76/86 filtering: 36 candidates → 0 frequent (0.0% pass rate, min_count=769)
2026-09-02 07:01:14.144 | DEBUG    | et_miner.gpu.row_split_chunks:run_chunked_dense_level:267 -     K=5 chunk 77/86: candidates [1,643,563, 1,644,434)
2026-09-02 07:01:14.220 | INFO     | et_miner.gpu.row_split_chunks:run_chunked_dense_level:285 -   K=5 chunk 77/86 filtering: 871 candidates → 0 frequent (0.0% pass rate, min_count=769)
2026-09-02 07:01:14.220 | DEBUG    | et_miner.gpu.row_split_chunks:run_chunked_dense_level:267 -     K=5 chunk 78/86: candidates [1,644,434, 1,644,480) (legacy sub-chunk)
2026-09-02 07:01:14.224 | INFO     | et_miner.gpu.row_split_chunks:run_chunked_dense_level:285 -   K=5 chunk 78/86 filtering: 46 candidates → 0 frequent (0.0% pass rate, min_count=769)
2026-09-02 07:01:14.224 | DEBUG    | et_miner.gpu.row_split_chunks:run_chunked_dense_level:267 -     K=5 chunk 79/86: candidates [1,644,480, 1,644,769)
2026-09-02 07:01:14.285 | INFO     | et_miner.gpu.row_split_chunks:run_chunked_dense_level:285 -   K=5 chunk 79/86 filtering: 289 candidates → 0 frequent (0.0% pass rate, min_count=769)
2026-09-02 07:01:14.285 | DEBUG    | et_miner.gpu.row_split_chunks:run_chunked_dense_level:267 -     K=5 chunk 80/86: candidates [1,644,769, 1,644,890) (legacy sub-chunk)
2026-09-02 07:01:14.289 | INFO     | et_miner.gpu.row_split_chunks:run_chunked_dense_level:285 -   K=5 chunk 80/86 filtering: 121 candidates → 0 frequent (0.0% pass rate, min_count=769)
2026-09-02 07:01:14.289 | DEBUG    | et_miner.gpu.row_split_chunks:run_chunked_dense_level:267 -     K=5 chunk 81/86: candidates [1,644,890, 1,645,689)
2026-09-02 07:01:14.364 | INFO     | et_miner.gpu.row_split_chunks:run_chunked_dense_level:285 -   K=5 chunk 81/86 filtering: 799 candidates → 0 frequent (0.0% pass rate, min_count=769)
2026-09-02 07:01:14.364 | DEBUG    | et_miner.gpu.row_split_chunks:run_chunked_dense_level:267 -     K=5 chunk 82/86: candidates [1,645,689, 1,645,717) (legacy sub-chunk)
2026-09-02 07:01:14.369 | INFO     | et_miner.gpu.row_split_chunks:run_chunked_dense_level:285 -   K=5 chunk 82/86 filtering: 28 candidates → 0 frequent (0.0% pass rate, min_count=769)
2026-09-02 07:01:14.369 | DEBUG    | et_miner.gpu.row_split_chunks:run_chunked_dense_level:267 -     K=5 chunk 83/86: candidates [1,645,717, 1,645,948)
2026-09-02 07:01:14.427 | INFO     | et_miner.gpu.row_split_chunks:run_chunked_dense_level:285 -   K=5 chunk 83/86 filtering: 231 candidates → 0 frequent (0.0% pass rate, min_count=769)
2026-09-02 07:01:14.427 | DEBUG    | et_miner.gpu.row_split_chunks:run_chunked_dense_level:267 -     K=5 chunk 84/86: candidates [1,645,948, 1,646,053) (legacy sub-chunk)
2026-09-02 07:01:14.431 | INFO     | et_miner.gpu.row_split_chunks:run_chunked_dense_level:285 -   K=5 chunk 84/86 filtering: 105 candidates → 0 frequent (0.0% pass rate, min_count=769)
2026-09-02 07:01:14.431 | DEBUG    | et_miner.gpu.row_split_chunks:run_chunked_dense_level:267 -     K=5 chunk 85/86: candidates [1,646,053, 1,646,267)
2026-09-02 07:01:14.491 | INFO     | et_miner.gpu.row_split_chunks:run_chunked_dense_level:285 -   K=5 chunk 85/86 filtering: 214 candidates → 0 frequent (0.0% pass rate, min_count=769)
2026-09-02 07:01:14.491 | DEBUG    | et_miner.gpu.row_split_chunks:run_chunked_dense_level:267 -     K=5 chunk 86/86: candidates [1,646,267, 1,646,383) (legacy sub-chunk)
2026-09-02 07:01:14.495 | INFO     | et_miner.gpu.row_split_chunks:run_chunked_dense_level:285 -   K=5 chunk 86/86 filtering: 116 candidates → 0 frequent (0.0% pass rate, min_count=769)
2026-09-02 07:01:14.496 | INFO     | et_miner.gpu.row_split:_apriori_row_split_multi_gpu:599 -   K=5: 2,000 frequent in 4.0s
2026-09-02 07:01:14.497 | DEBUG    | et_miner.gpu.row_split:_apriori_row_split_multi_gpu:631 -     Pruning: zeroed 894 dead bitvecs at K=5 (4097 MB logical × 2 GPUs)
2026-09-02 07:01:14.503 | DEBUG    | et_miner.gpu.row_split:_apriori_row_split_multi_gpu:535 -   K=6: 33,730 candidates, 28 chunk(s), group data 0.0 GB, budget 3,149,220,960 cands/chunk
2026-09-02 07:01:14.505 | DEBUG    | et_miner.gpu.row_split_chunks:run_chunked_dense_level:267 -     K=6 chunk 1/28: candidates [0, 91)
2026-09-02 07:01:14.559 | INFO     | et_miner.gpu.row_split_chunks:run_chunked_dense_level:285 -   K=6 chunk 1/28 filtering: 91 candidates → 0 frequent (0.0% pass rate, min_count=769)
2026-09-02 07:01:14.559 | DEBUG    | et_miner.gpu.row_split_chunks:run_chunked_dense_level:267 -     K=6 chunk 2/28: candidates [91, 340) (legacy sub-chunk)
2026-09-02 07:01:14.564 | INFO     | et_miner.gpu.row_split_chunks:run_chunked_dense_level:285 -   K=6 chunk 2/28 filtering: 249 candidates → 0 frequent (0.0% pass rate, min_count=769)
2026-09-02 07:01:14.564 | DEBUG    | et_miner.gpu.row_split_chunks:run_chunked_dense_level:267 -     K=6 chunk 3/28: candidates [340, 14,525)
2026-09-02 07:01:14.658 | INFO     | et_miner.gpu.row_split_chunks:run_chunked_dense_level:285 -   K=6 chunk 3/28 filtering: 14,185 candidates → 17 frequent (0.1% pass rate, min_count=769)
2026-09-02 07:01:14.658 | DEBUG    | et_miner.gpu.row_split_chunks:run_chunked_dense_level:267 -     K=6 chunk 4/28: candidates [14,525, 14,625) (legacy sub-chunk)
2026-09-02 07:01:14.662 | INFO     | et_miner.gpu.row_split_chunks:run_chunked_dense_level:285 -   K=6 chunk 4/28 filtering: 100 candidates → 0 frequent (0.0% pass rate, min_count=769)
2026-09-02 07:01:14.662 | DEBUG    | et_miner.gpu.row_split_chunks:run_chunked_dense_level:267 -     K=6 chunk 5/28: candidates [14,625, 22,834)
2026-09-02 07:01:14.759 | INFO     | et_miner.gpu.row_split_chunks:run_chunked_dense_level:285 -   K=6 chunk 5/28 filtering: 8,209 candidates → 5 frequent (0.1% pass rate, min_count=769)
2026-09-02 07:01:14.759 | DEBUG    | et_miner.gpu.row_split_chunks:run_chunked_dense_level:267 -     K=6 chunk 6/28: candidates [22,834, 22,972) (legacy sub-chunk)
2026-09-02 07:01:14.766 | INFO     | et_miner.gpu.row_split_chunks:run_chunked_dense_level:285 -   K=6 chunk 6/28 filtering: 138 candidates → 0 frequent (0.0% pass rate, min_count=769)
2026-09-02 07:01:14.766 | DEBUG    | et_miner.gpu.row_split_chunks:run_chunked_dense_level:267 -     K=6 chunk 7/28: candidates [22,972, 27,883)
2026-09-02 07:01:14.866 | INFO     | et_miner.gpu.row_split_chunks:run_chunked_dense_level:285 -   K=6 chunk 7/28 filtering: 4,911 candidates → 0 frequent (0.0% pass rate, min_count=769)
2026-09-02 07:01:14.866 | DEBUG    | et_miner.gpu.row_split_chunks:run_chunked_dense_level:267 -     K=6 chunk 8/28: candidates [27,883, 28,003) (legacy sub-chunk)
2026-09-02 07:01:14.871 | INFO     | et_miner.gpu.row_split_chunks:run_chunked_dense_level:285 -   K=6 chunk 8/28 filtering: 120 candidates → 0 frequent (0.0% pass rate, min_count=769)
2026-09-02 07:01:14.871 | DEBUG    | et_miner.gpu.row_split_chunks:run_chunked_dense_level:267 -     K=6 chunk 9/28: candidates [28,003, 30,608)
2026-09-02 07:01:14.952 | INFO     | et_miner.gpu.row_split_chunks:run_chunked_dense_level:285 -   K=6 chunk 9/28 filtering: 2,605 candidates → 0 frequent (0.0% pass rate, min_count=769)
2026-09-02 07:01:14.952 | DEBUG    | et_miner.gpu.row_split_chunks:run_chunked_dense_level:267 -     K=6 chunk 10/28: candidates [30,608, 30,710) (legacy sub-chunk)
2026-09-02 07:01:14.956 | INFO     | et_miner.gpu.row_split_chunks:run_chunked_dense_level:285 -   K=6 chunk 10/28 filtering: 102 candidates → 0 frequent (0.0% pass rate, min_count=769)
2026-09-02 07:01:14.957 | DEBUG    | et_miner.gpu.row_split_chunks:run_chunked_dense_level:267 -     K=6 chunk 11/28: candidates [30,710, 31,458)
2026-09-02 07:01:15.028 | INFO     | et_miner.gpu.row_split_chunks:run_chunked_dense_level:285 -   K=6 chunk 11/28 filtering: 748 candidates → 0 frequent (0.0% pass rate, min_count=769)
2026-09-02 07:01:15.028 | DEBUG    | et_miner.gpu.row_split_chunks:run_chunked_dense_level:267 -     K=6 chunk 12/28: candidates [31,458, 31,478) (legacy sub-chunk)
2026-09-02 07:01:15.032 | INFO     | et_miner.gpu.row_split_chunks:run_chunked_dense_level:285 -   K=6 chunk 12/28 filtering: 20 candidates → 0 frequent (0.0% pass rate, min_count=769)
2026-09-02 07:01:15.032 | DEBUG    | et_miner.gpu.row_split_chunks:run_chunked_dense_level:267 -     K=6 chunk 13/28: candidates [31,478, 31,719)
2026-09-02 07:01:15.090 | INFO     | et_miner.gpu.row_split_chunks:run_chunked_dense_level:285 -   K=6 chunk 13/28 filtering: 241 candidates → 0 frequent (0.0% pass rate, min_count=769)
2026-09-02 07:01:15.090 | DEBUG    | et_miner.gpu.row_split_chunks:run_chunked_dense_level:267 -     K=6 chunk 14/28: candidates [31,719, 31,747) (legacy sub-chunk)
2026-09-02 07:01:15.095 | INFO     | et_miner.gpu.row_split_chunks:run_chunked_dense_level:285 -   K=6 chunk 14/28 filtering: 28 candidates → 0 frequent (0.0% pass rate, min_count=769)
2026-09-02 07:01:15.095 | DEBUG    | et_miner.gpu.row_split_chunks:run_chunked_dense_level:267 -     K=6 chunk 15/28: candidates [31,747, 31,852)
2026-09-02 07:01:15.151 | INFO     | et_miner.gpu.row_split_chunks:run_chunked_dense_level:285 -   K=6 chunk 15/28 filtering: 105 candidates → 0 frequent (0.0% pass rate, min_count=769)
2026-09-02 07:01:15.152 | DEBUG    | et_miner.gpu.row_split_chunks:run_chunked_dense_level:267 -     K=6 chunk 16/28: candidates [31,852, 31,878) (legacy sub-chunk)
2026-09-02 07:01:15.156 | INFO     | et_miner.gpu.row_split_chunks:run_chunked_dense_level:285 -   K=6 chunk 16/28 filtering: 26 candidates → 0 frequent (0.0% pass rate, min_count=769)
2026-09-02 07:01:15.156 | DEBUG    | et_miner.gpu.row_split_chunks:run_chunked_dense_level:267 -     K=6 chunk 17/28: candidates [31,878, 32,390)
2026-09-02 07:01:15.216 | INFO     | et_miner.gpu.row_split_chunks:run_chunked_dense_level:285 -   K=6 chunk 17/28 filtering: 512 candidates → 0 frequent (0.0% pass rate, min_count=769)
2026-09-02 07:01:15.216 | DEBUG    | et_miner.gpu.row_split_chunks:run_chunked_dense_level:267 -     K=6 chunk 18/28: candidates [32,390, 32,455) (legacy sub-chunk)
2026-09-02 07:01:15.221 | INFO     | et_miner.gpu.row_split_chunks:run_chunked_dense_level:285 -   K=6 chunk 18/28 filtering: 65 candidates → 0 frequent (0.0% pass rate, min_count=769)
2026-09-02 07:01:15.221 | DEBUG    | et_miner.gpu.row_split_chunks:run_chunked_dense_level:267 -     K=6 chunk 19/28: candidates [32,455, 32,711)
2026-09-02 07:01:15.284 | INFO     | et_miner.gpu.row_split_chunks:run_chunked_dense_level:285 -   K=6 chunk 19/28 filtering: 256 candidates → 0 frequent (0.0% pass rate, min_count=769)
2026-09-02 07:01:15.284 | DEBUG    | et_miner.gpu.row_split_chunks:run_chunked_dense_level:267 -     K=6 chunk 20/28: candidates [32,711, 32,768) (legacy sub-chunk)
2026-09-02 07:01:15.289 | INFO     | et_miner.gpu.row_split_chunks:run_chunked_dense_level:285 -   K=6 chunk 20/28 filtering: 57 candidates → 0 frequent (0.0% pass rate, min_count=769)
2026-09-02 07:01:15.289 | DEBUG    | et_miner.gpu.row_split_chunks:run_chunked_dense_level:267 -     K=6 chunk 21/28: candidates [32,768, 32,846)
2026-09-02 07:01:15.344 | INFO     | et_miner.gpu.row_split_chunks:run_chunked_dense_level:285 -   K=6 chunk 21/28 filtering: 78 candidates → 0 frequent (0.0% pass rate, min_count=769)
2026-09-02 07:01:15.344 | DEBUG    | et_miner.gpu.row_split_chunks:run_chunked_dense_level:267 -     K=6 chunk 22/28: candidates [32,846, 32,902) (legacy sub-chunk)
2026-09-02 07:01:15.348 | INFO     | et_miner.gpu.row_split_chunks:run_chunked_dense_level:285 -   K=6 chunk 22/28 filtering: 56 candidates → 0 frequent (0.0% pass rate, min_count=769)
2026-09-02 07:01:15.349 | DEBUG    | et_miner.gpu.row_split_chunks:run_chunked_dense_level:267 -     K=6 chunk 23/28: candidates [32,902, 33,073)
2026-09-02 07:01:15.411 | INFO     | et_miner.gpu.row_split_chunks:run_chunked_dense_level:285 -   K=6 chunk 23/28 filtering: 171 candidates → 0 frequent (0.0% pass rate, min_count=769)
2026-09-02 07:01:15.411 | DEBUG    | et_miner.gpu.row_split_chunks:run_chunked_dense_level:267 -     K=6 chunk 24/28: candidates [33,073, 33,286) (legacy sub-chunk)
2026-09-02 07:01:15.415 | INFO     | et_miner.gpu.row_split_chunks:run_chunked_dense_level:285 -   K=6 chunk 24/28 filtering: 213 candidates → 0 frequent (0.0% pass rate, min_count=769)
2026-09-02 07:01:15.415 | DEBUG    | et_miner.gpu.row_split_chunks:run_chunked_dense_level:267 -     K=6 chunk 25/28: candidates [33,286, 33,469)
2026-09-02 07:01:15.468 | INFO     | et_miner.gpu.row_split_chunks:run_chunked_dense_level:285 -   K=6 chunk 25/28 filtering: 183 candidates → 0 frequent (0.0% pass rate, min_count=769)
2026-09-02 07:01:15.468 | DEBUG    | et_miner.gpu.row_split_chunks:run_chunked_dense_level:267 -     K=6 chunk 26/28: candidates [33,469, 33,509) (legacy sub-chunk)
2026-09-02 07:01:15.473 | INFO     | et_miner.gpu.row_split_chunks:run_chunked_dense_level:285 -   K=6 chunk 26/28 filtering: 40 candidates → 0 frequent (0.0% pass rate, min_count=769)
2026-09-02 07:01:15.473 | DEBUG    | et_miner.gpu.row_split_chunks:run_chunked_dense_level:267 -     K=6 chunk 27/28: candidates [33,509, 33,587)
2026-09-02 07:01:15.528 | INFO     | et_miner.gpu.row_split_chunks:run_chunked_dense_level:285 -   K=6 chunk 27/28 filtering: 78 candidates → 0 frequent (0.0% pass rate, min_count=769)
2026-09-02 07:01:15.528 | DEBUG    | et_miner.gpu.row_split_chunks:run_chunked_dense_level:267 -     K=6 chunk 28/28: candidates [33,587, 33,730) (legacy sub-chunk)
2026-09-02 07:01:15.533 | INFO     | et_miner.gpu.row_split_chunks:run_chunked_dense_level:285 -   K=6 chunk 28/28 filtering: 143 candidates → 0 frequent (0.0% pass rate, min_count=769)
2026-09-02 07:01:15.533 | INFO     | et_miner.gpu.row_split:_apriori_row_split_multi_gpu:599 -   K=6: 22 frequent in 1.0s
2026-09-02 07:01:15.534 | DEBUG    | et_miner.gpu.row_split:_apriori_row_split_multi_gpu:631 -     Pruning: zeroed 87 dead bitvecs at K=6 (399 MB logical × 2 GPUs)
2026-09-02 07:01:15.535 | DEBUG    | et_miner.gpu.row_split:_apriori_row_split_multi_gpu:535 -   K=7: 29 candidates, 1 chunk(s), group data 0.0 GB, budget 3,149,223,200 cands/chunk
2026-09-02 07:01:15.541 | INFO     | et_miner.gpu.row_split_chunks:run_chunked_dense_level:285 -   K=7 chunk 1/1 filtering: 29 candidates → 0 frequent (0.0% pass rate, min_count=769)
2026-09-02 07:01:15.542 | INFO     | et_miner.gpu.row_split:_apriori_row_split_multi_gpu:599 -   K=7: 0 frequent in 0.0s
2026-09-02 07:01:15.819 | INFO     | __main__:main:523 -   171,278 itemsets, max K=6, mine=18.6s, total=20.0s
2026-09-02 07:01:15.820 | INFO     | __main__:main:473 - 
────────────────────────────────────────────────────────────
2026-09-02 07:01:15.820 | INFO     | __main__:main:474 - Null model run 3/5 (seed=7919168045412322066)
2026-09-02 07:01:15.820 | INFO     | __main__:main:475 - ────────────────────────────────────────────────────────────
2026-09-02 07:01:16.797 | INFO     | __main__:main:489 -   GPU shuffle+D2H: 1.0s
2026-09-02 07:01:16.867 | DEBUG    | et_miner.gpu.csr_bitvec:_build_shard:508 -   [GPU 0] Building bitvec: 38,445,473 rows, 158,211,114 nnz, ~4.8 GB (rows-balanced)
2026-09-02 07:01:16.870 | DEBUG    | et_miner.gpu.csr_bitvec:_build_shard:508 -   [GPU 1] Building bitvec: 38,445,472 rows, 158,209,979 nnz, ~4.8 GB (rows-balanced)
2026-09-02 07:01:17.242 | INFO     | __main__:main:497 -   Bitvec build: 0.4s
2026-09-02 07:01:17.242 | INFO     | et_miner.gpu.row_split:_apriori_row_split_multi_gpu:127 -   Row-split multi-GPU: 2 GPUs, min_count=769 (GPU-resident dense counting)
2026-09-02 07:01:17.242 | INFO     | et_miner.gpu.row_split:_apriori_row_split_multi_gpu:139 -   Pre-built bitvecs: 2 GPUs
2026-09-02 07:01:17.265 | INFO     | et_miner.gpu.row_split:_apriori_row_split_multi_gpu:170 -   NCCL: 2 communicators (ring all-reduce)
2026-09-02 07:01:17.284 | INFO     | et_miner.gpu.row_split:_apriori_row_split_multi_gpu:318 -   K=1: 1,002 frequent items in 0.0s
2026-09-02 07:01:17.310 | INFO     | et_miner.gpu.row_split:_apriori_row_split_multi_gpu:453 -   K=2: 501,501 total pairs, 1 chunk(s), dense output 0.00 GB/GPU per chunk
2026-09-02 07:01:17.802 | INFO     | et_miner.gpu.row_split_chunks:run_chunked_dense_level:285 -   K=2 chunk 1/1 filtering: 501,501 candidates → 63,750 frequent (12.7% pass rate, min_count=769)
2026-09-02 07:01:17.805 | INFO     | et_miner.gpu.row_split:_apriori_row_split_multi_gpu:599 -   K=2: 63,750 frequent in 0.5s
2026-09-02 07:01:17.825 | DEBUG    | et_miner.gpu.row_split:_apriori_row_split_multi_gpu:535 -   K=3: 9,756,091 candidates, 2 chunk(s), group data 0.0 GB, budget 3,149,177,792 cands/chunk
2026-09-02 07:01:17.826 | DEBUG    | et_miner.gpu.row_split_chunks:run_chunked_dense_level:267 -     K=3 chunk 1/2: candidates [0, 9,756,023)
2026-09-02 07:01:22.306 | INFO     | et_miner.gpu.row_split_chunks:run_chunked_dense_level:285 -   K=3 chunk 1/2 filtering: 9,756,023 candidates → 79,204 frequent (0.8% pass rate, min_count=769)
2026-09-02 07:01:22.306 | DEBUG    | et_miner.gpu.row_split_chunks:run_chunked_dense_level:267 -     K=3 chunk 2/2: candidates [9,756,023, 9,756,091) (legacy sub-chunk)
2026-09-02 07:01:22.309 | INFO     | et_miner.gpu.row_split_chunks:run_chunked_dense_level:285 -   K=3 chunk 2/2 filtering: 68 candidates → 0 frequent (0.0% pass rate, min_count=769)
2026-09-02 07:01:22.316 | INFO     | et_miner.gpu.row_split:_apriori_row_split_multi_gpu:599 -   K=3: 79,204 frequent in 4.5s
2026-09-02 07:01:22.323 | DEBUG    | et_miner.gpu.row_split:_apriori_row_split_multi_gpu:535 -   K=4: 8,330,547 candidates, 118 chunk(s), group data 0.0 GB, budget 3,149,157,866 cands/chunk
2026-09-02 07:01:22.325 | DEBUG    | et_miner.gpu.row_split_chunks:run_chunked_dense_level:267 -     K=4 chunk 1/118: candidates [0, 982,983)
2026-09-02 07:01:22.886 | INFO     | et_miner.gpu.row_split_chunks:run_chunked_dense_level:285 -   K=4 chunk 1/118 filtering: 982,983 candidates → 11,849 frequent (1.2% pass rate, min_count=769)
2026-09-02 07:01:22.886 | DEBUG    | et_miner.gpu.row_split_chunks:run_chunked_dense_level:267 -     K=4 chunk 2/118: candidates [982,983, 983,038) (legacy sub-chunk)
2026-09-02 07:01:22.890 | INFO     | et_miner.gpu.row_split_chunks:run_chunked_dense_level:285 -   K=4 chunk 2/118 filtering: 55 candidates → 0 frequent (0.0% pass rate, min_count=769)
2026-09-02 07:01:22.890 | DEBUG    | et_miner.gpu.row_split_chunks:run_chunked_dense_level:267 -     K=4 chunk 3/118: candidates [983,038, 983,104)
2026-09-02 07:01:22.947 | INFO     | et_miner.gpu.row_split_chunks:run_chunked_dense_level:285 -   K=4 chunk 3/118 filtering: 66 candidates → 0 frequent (0.0% pass rate, min_count=769)
2026-09-02 07:01:22.947 | DEBUG    | et_miner.gpu.row_split_chunks:run_chunked_dense_level:267 -     K=4 chunk 4/118: candidates [983,104, 983,214) (legacy sub-chunk)
2026-09-02 07:01:22.951 | INFO     | et_miner.gpu.row_split_chunks:run_chunked_dense_level:285 -   K=4 chunk 4/118 filtering: 110 candidates → 0 frequent (0.0% pass rate, min_count=769)
2026-09-02 07:01:22.951 | DEBUG    | et_miner.gpu.row_split_chunks:run_chunked_dense_level:267 -     K=4 chunk 5/118: candidates [983,214, 983,370)
2026-09-02 07:01:23.005 | INFO     | et_miner.gpu.row_split_chunks:run_chunked_dense_level:285 -   K=4 chunk 5/118 filtering: 156 candidates → 0 frequent (0.0% pass rate, min_count=769)
2026-09-02 07:01:23.005 | DEBUG    | et_miner.gpu.row_split_chunks:run_chunked_dense_level:267 -     K=4 chunk 6/118: candidates [983,370, 983,891) (legacy sub-chunk)
2026-09-02 07:01:23.010 | INFO     | et_miner.gpu.row_split_chunks:run_chunked_dense_level:285 -   K=4 chunk 6/118 filtering: 521 candidates → 0 frequent (0.0% pass rate, min_count=769)
2026-09-02 07:01:23.011 | DEBUG    | et_miner.gpu.row_split_chunks:run_chunked_dense_level:267 -     K=4 chunk 7/118: candidates [983,891, 984,035)
2026-09-02 07:01:23.064 | INFO     | et_miner.gpu.row_split_chunks:run_chunked_dense_level:285 -   K=4 chunk 7/118 filtering: 144 candidates → 0 frequent (0.0% pass rate, min_count=769)
2026-09-02 07:01:23.064 | DEBUG    | et_miner.gpu.row_split_chunks:run_chunked_dense_level:267 -     K=4 chunk 8/118: candidates [984,035, 990,950) (legacy sub-chunk)
2026-09-02 07:01:23.094 | INFO     | et_miner.gpu.row_split_chunks:run_chunked_dense_level:285 -   K=4 chunk 8/118 filtering: 6,915 candidates → 0 frequent (0.0% pass rate, min_count=769)
2026-09-02 07:01:23.095 | DEBUG    | et_miner.gpu.row_split_chunks:run_chunked_dense_level:267 -     K=4 chunk 9/118: candidates [990,950, 3,923,801)
2026-09-02 07:01:24.420 | INFO     | et_miner.gpu.row_split_chunks:run_chunked_dense_level:285 -   K=4 chunk 9/118 filtering: 2,932,851 candidates → 6,941 frequent (0.2% pass rate, min_count=769)
2026-09-02 07:01:24.421 | DEBUG    | et_miner.gpu.row_split_chunks:run_chunked_dense_level:267 -     K=4 chunk 10/118: candidates [3,923,801, 3,923,903) (legacy sub-chunk)
2026-09-02 07:01:24.424 | INFO     | et_miner.gpu.row_split_chunks:run_chunked_dense_level:285 -   K=4 chunk 10/118 filtering: 102 candidates → 0 frequent (0.0% pass rate, min_count=769)
2026-09-02 07:01:24.425 | DEBUG    | et_miner.gpu.row_split_chunks:run_chunked_dense_level:267 -     K=4 chunk 11/118: candidates [3,923,903, 4,157,430)
2026-09-02 07:01:24.629 | INFO     | et_miner.gpu.row_split_chunks:run_chunked_dense_level:285 -   K=4 chunk 11/118 filtering: 233,527 candidates → 809 frequent (0.3% pass rate, min_count=769)
2026-09-02 07:01:24.629 | DEBUG    | et_miner.gpu.row_split_chunks:run_chunked_dense_level:267 -     K=4 chunk 12/118: candidates [4,157,430, 4,157,540) (legacy sub-chunk)
2026-09-02 07:01:24.633 | INFO     | et_miner.gpu.row_split_chunks:run_chunked_dense_level:285 -   K=4 chunk 12/118 filtering: 110 candidates → 0 frequent (0.0% pass rate, min_count=769)
2026-09-02 07:01:24.633 | DEBUG    | et_miner.gpu.row_split_chunks:run_chunked_dense_level:267 -     K=4 chunk 13/118: candidates [4,157,540, 4,157,774)
2026-09-02 07:01:24.686 | INFO     | et_miner.gpu.row_split_chunks:run_chunked_dense_level:285 -   K=4 chunk 13/118 filtering: 234 candidates → 0 frequent (0.0% pass rate, min_count=769)
2026-09-02 07:01:24.686 | DEBUG    | et_miner.gpu.row_split_chunks:run_chunked_dense_level:267 -     K=4 chunk 14/118: candidates [4,157,774, 4,157,884) (legacy sub-chunk)
2026-09-02 07:01:24.689 | INFO     | et_miner.gpu.row_split_chunks:run_chunked_dense_level:285 -   K=4 chunk 14/118 filtering: 110 candidates → 0 frequent (0.0% pass rate, min_count=769)
2026-09-02 07:01:24.690 | DEBUG    | et_miner.gpu.row_split_chunks:run_chunked_dense_level:267 -     K=4 chunk 15/118: candidates [4,157,884, 4,157,950)
2026-09-02 07:01:24.746 | INFO     | et_miner.gpu.row_split_chunks:run_chunked_dense_level:285 -   K=4 chunk 15/118 filtering: 66 candidates → 0 frequent (0.0% pass rate, min_count=769)
2026-09-02 07:01:24.746 | DEBUG    | et_miner.gpu.row_split_chunks:run_chunked_dense_level:267 -     K=4 chunk 16/118: candidates [4,157,950, 4,158,050) (legacy sub-chunk)
2026-09-02 07:01:24.750 | INFO     | et_miner.gpu.row_split_chunks:run_chunked_dense_level:285 -   K=4 chunk 16/118 filtering: 100 candidates → 0 frequent (0.0% pass rate, min_count=769)
2026-09-02 07:01:24.750 | DEBUG    | et_miner.gpu.row_split_chunks:run_chunked_dense_level:267 -     K=4 chunk 17/118: candidates [4,158,050, 4,158,128)
2026-09-02 07:01:24.806 | INFO     | et_miner.gpu.row_split_chunks:run_chunked_dense_level:285 -   K=4 chunk 17/118 filtering: 78 candidates → 0 frequent (0.0% pass rate, min_count=769)
2026-09-02 07:01:24.806 | DEBUG    | et_miner.gpu.row_split_chunks:run_chunked_dense_level:267 -     K=4 chunk 18/118: candidates [4,158,128, 4,167,867) (legacy sub-chunk)
2026-09-02 07:01:24.847 | INFO     | et_miner.gpu.row_split_chunks:run_chunked_dense_level:285 -   K=4 chunk 18/118 filtering: 9,739 candidates → 0 frequent (0.0% pass rate, min_count=769)
2026-09-02 07:01:24.848 | DEBUG    | et_miner.gpu.row_split_chunks:run_chunked_dense_level:267 -     K=4 chunk 19/118: candidates [4,167,867, 6,308,629)
2026-09-02 07:01:25.830 | INFO     | et_miner.gpu.row_split_chunks:run_chunked_dense_level:285 -   K=4 chunk 19/118 filtering: 2,140,762 candidates → 4,544 frequent (0.2% pass rate, min_count=769)
2026-09-02 07:01:25.830 | DEBUG    | et_miner.gpu.row_split_chunks:run_chunked_dense_level:267 -     K=4 chunk 20/118: candidates [6,308,629, 6,308,818) (legacy sub-chunk)
2026-09-02 07:01:25.833 | INFO     | et_miner.gpu.row_split_chunks:run_chunked_dense_level:285 -   K=4 chunk 20/118 filtering: 189 candidates → 0 frequent (0.0% pass rate, min_count=769)
2026-09-02 07:01:25.834 | DEBUG    | et_miner.gpu.row_split_chunks:run_chunked_dense_level:267 -     K=4 chunk 21/118: candidates [6,308,818, 6,327,839)
2026-09-02 07:01:25.924 | INFO     | et_miner.gpu.row_split_chunks:run_chunked_dense_level:285 -   K=4 chunk 21/118 filtering: 19,021 candidates → 38 frequent (0.2% pass rate, min_count=769)
2026-09-02 07:01:25.924 | DEBUG    | et_miner.gpu.row_split_chunks:run_chunked_dense_level:267 -     K=4 chunk 22/118: candidates [6,327,839, 6,328,019) (legacy sub-chunk)
2026-09-02 07:01:25.928 | INFO     | et_miner.gpu.row_split_chunks:run_chunked_dense_level:285 -   K=4 chunk 22/118 filtering: 180 candidates → 0 frequent (0.0% pass rate, min_count=769)
2026-09-02 07:01:25.928 | DEBUG    | et_miner.gpu.row_split_chunks:run_chunked_dense_level:267 -     K=4 chunk 23/118: candidates [6,328,019, 6,341,061)
2026-09-02 07:01:26.023 | INFO     | et_miner.gpu.row_split_chunks:run_chunked_dense_level:285 -   K=4 chunk 23/118 filtering: 13,042 candidates → 27 frequent (0.2% pass rate, min_count=769)
2026-09-02 07:01:26.024 | DEBUG    | et_miner.gpu.row_split_chunks:run_chunked_dense_level:267 -     K=4 chunk 24/118: candidates [6,341,061, 6,341,228) (legacy sub-chunk)
2026-09-02 07:01:26.027 | INFO     | et_miner.gpu.row_split_chunks:run_chunked_dense_level:285 -   K=4 chunk 24/118 filtering: 167 candidates → 0 frequent (0.0% pass rate, min_count=769)
2026-09-02 07:01:26.027 | DEBUG    | et_miner.gpu.row_split_chunks:run_chunked_dense_level:267 -     K=4 chunk 25/118: candidates [6,341,228, 6,345,207)
2026-09-02 07:01:26.118 | INFO     | et_miner.gpu.row_split_chunks:run_chunked_dense_level:285 -   K=4 chunk 25/118 filtering: 3,979 candidates → 6 frequent (0.2% pass rate, min_count=769)
2026-09-02 07:01:26.118 | DEBUG    | et_miner.gpu.row_split_chunks:run_chunked_dense_level:267 -     K=4 chunk 26/118: candidates [6,345,207, 6,345,235) (legacy sub-chunk)
2026-09-02 07:01:26.122 | INFO     | et_miner.gpu.row_split_chunks:run_chunked_dense_level:285 -   K=4 chunk 26/118 filtering: 28 candidates → 0 frequent (0.0% pass rate, min_count=769)
2026-09-02 07:01:26.122 | DEBUG    | et_miner.gpu.row_split_chunks:run_chunked_dense_level:267 -     K=4 chunk 27/118: candidates [6,345,235, 6,349,124)
2026-09-02 07:01:26.207 | INFO     | et_miner.gpu.row_split_chunks:run_chunked_dense_level:285 -   K=4 chunk 27/118 filtering: 3,889 candidates → 5 frequent (0.1% pass rate, min_count=769)
2026-09-02 07:01:26.207 | DEBUG    | et_miner.gpu.row_split_chunks:run_chunked_dense_level:267 -     K=4 chunk 28/118: candidates [6,349,124, 6,349,145) (legacy sub-chunk)
2026-09-02 07:01:26.211 | INFO     | et_miner.gpu.row_split_chunks:run_chunked_dense_level:285 -   K=4 chunk 28/118 filtering: 21 candidates → 0 frequent (0.0% pass rate, min_count=769)
2026-09-02 07:01:26.211 | DEBUG    | et_miner.gpu.row_split_chunks:run_chunked_dense_level:267 -     K=4 chunk 29/118: candidates [6,349,145, 6,351,657)
2026-09-02 07:01:26.291 | INFO     | et_miner.gpu.row_split_chunks:run_chunked_dense_level:285 -   K=4 chunk 29/118 filtering: 2,512 candidates → 3 frequent (0.1% pass rate, min_count=769)
2026-09-02 07:01:26.292 | DEBUG    | et_miner.gpu.row_split_chunks:run_chunked_dense_level:267 -     K=4 chunk 30/118: candidates [6,351,657, 6,351,708) (legacy sub-chunk)
2026-09-02 07:01:26.295 | INFO     | et_miner.gpu.row_split_chunks:run_chunked_dense_level:285 -   K=4 chunk 30/118 filtering: 51 candidates → 0 frequent (0.0% pass rate, min_count=769)
2026-09-02 07:01:26.295 | DEBUG    | et_miner.gpu.row_split_chunks:run_chunked_dense_level:267 -     K=4 chunk 31/118: candidates [6,351,708, 6,353,978)
2026-09-02 07:01:26.379 | INFO     | et_miner.gpu.row_split_chunks:run_chunked_dense_level:285 -   K=4 chunk 31/118 filtering: 2,270 candidates → 3 frequent (0.1% pass rate, min_count=769)
2026-09-02 07:01:26.379 | DEBUG    | et_miner.gpu.row_split_chunks:run_chunked_dense_level:267 -     K=4 chunk 32/118: candidates [6,353,978, 6,354,012) (legacy sub-chunk)
2026-09-02 07:01:26.382 | INFO     | et_miner.gpu.row_split_chunks:run_chunked_dense_level:285 -   K=4 chunk 32/118 filtering: 34 candidates → 0 frequent (0.0% pass rate, min_count=769)
2026-09-02 07:01:26.382 | DEBUG    | et_miner.gpu.row_split_chunks:run_chunked_dense_level:267 -     K=4 chunk 33/118: candidates [6,354,012, 6,355,909)
2026-09-02 07:01:26.467 | INFO     | et_miner.gpu.row_split_chunks:run_chunked_dense_level:285 -   K=4 chunk 33/118 filtering: 1,897 candidates → 2 frequent (0.1% pass rate, min_count=769)
2026-09-02 07:01:26.467 | DEBUG    | et_miner.gpu.row_split_chunks:run_chunked_dense_level:267 -     K=4 chunk 34/118: candidates [6,355,909, 6,355,930) (legacy sub-chunk)
2026-09-02 07:01:26.470 | INFO     | et_miner.gpu.row_split_chunks:run_chunked_dense_level:285 -   K=4 chunk 34/118 filtering: 21 candidates → 0 frequent (0.0% pass rate, min_count=769)
2026-09-02 07:01:26.470 | DEBUG    | et_miner.gpu.row_split_chunks:run_chunked_dense_level:267 -     K=4 chunk 35/118: candidates [6,355,930, 6,356,684)
2026-09-02 07:01:26.531 | INFO     | et_miner.gpu.row_split_chunks:run_chunked_dense_level:285 -   K=4 chunk 35/118 filtering: 754 candidates → 0 frequent (0.0% pass rate, min_count=769)
2026-09-02 07:01:26.531 | DEBUG    | et_miner.gpu.row_split_chunks:run_chunked_dense_level:267 -     K=4 chunk 36/118: candidates [6,356,684, 6,356,745) (legacy sub-chunk)
2026-09-02 07:01:26.535 | INFO     | et_miner.gpu.row_split_chunks:run_chunked_dense_level:285 -   K=4 chunk 36/118 filtering: 61 candidates → 0 frequent (0.0% pass rate, min_count=769)
2026-09-02 07:01:26.535 | DEBUG    | et_miner.gpu.row_split_chunks:run_chunked_dense_level:267 -     K=4 chunk 37/118: candidates [6,356,745, 6,357,413)
2026-09-02 07:01:26.597 | INFO     | et_miner.gpu.row_split_chunks:run_chunked_dense_level:285 -   K=4 chunk 37/118 filtering: 668 candidates → 0 frequent (0.0% pass rate, min_count=769)
2026-09-02 07:01:26.597 | DEBUG    | et_miner.gpu.row_split_chunks:run_chunked_dense_level:267 -     K=4 chunk 38/118: candidates [6,357,413, 6,357,465) (legacy sub-chunk)
2026-09-02 07:01:26.600 | INFO     | et_miner.gpu.row_split_chunks:run_chunked_dense_level:285 -   K=4 chunk 38/118 filtering: 52 candidates → 0 frequent (0.0% pass rate, min_count=769)
2026-09-02 07:01:26.601 | DEBUG    | et_miner.gpu.row_split_chunks:run_chunked_dense_level:267 -     K=4 chunk 39/118: candidates [6,357,465, 6,358,085)
2026-09-02 07:01:26.664 | INFO     | et_miner.gpu.row_split_chunks:run_chunked_dense_level:285 -   K=4 chunk 39/118 filtering: 620 candidates → 0 frequent (0.0% pass rate, min_count=769)
2026-09-02 07:01:26.664 | DEBUG    | et_miner.gpu.row_split_chunks:run_chunked_dense_level:267 -     K=4 chunk 40/118: candidates [6,358,085, 6,358,132) (legacy sub-chunk)
2026-09-02 07:01:26.668 | INFO     | et_miner.gpu.row_split_chunks:run_chunked_dense_level:285 -   K=4 chunk 40/118 filtering: 47 candidates → 0 frequent (0.0% pass rate, min_count=769)
2026-09-02 07:01:26.668 | DEBUG    | et_miner.gpu.row_split_chunks:run_chunked_dense_level:267 -     K=4 chunk 41/118: candidates [6,358,132, 6,358,734)
2026-09-02 07:01:26.731 | INFO     | et_miner.gpu.row_split_chunks:run_chunked_dense_level:285 -   K=4 chunk 41/118 filtering: 602 candidates → 0 frequent (0.0% pass rate, min_count=769)
2026-09-02 07:01:26.731 | DEBUG    | et_miner.gpu.row_split_chunks:run_chunked_dense_level:267 -     K=4 chunk 42/118: candidates [6,358,734, 6,358,766) (legacy sub-chunk)
2026-09-02 07:01:26.735 | INFO     | et_miner.gpu.row_split_chunks:run_chunked_dense_level:285 -   K=4 chunk 42/118 filtering: 32 candidates → 0 frequent (0.0% pass rate, min_count=769)
2026-09-02 07:01:26.735 | DEBUG    | et_miner.gpu.row_split_chunks:run_chunked_dense_level:267 -     K=4 chunk 43/118: candidates [6,358,766, 6,359,400)
2026-09-02 07:01:26.799 | INFO     | et_miner.gpu.row_split_chunks:run_chunked_dense_level:285 -   K=4 chunk 43/118 filtering: 634 candidates → 0 frequent (0.0% pass rate, min_count=769)
2026-09-02 07:01:26.799 | DEBUG    | et_miner.gpu.row_split_chunks:run_chunked_dense_level:267 -     K=4 chunk 44/118: candidates [6,359,400, 6,359,440) (legacy sub-chunk)
2026-09-02 07:01:26.802 | INFO     | et_miner.gpu.row_split_chunks:run_chunked_dense_level:285 -   K=4 chunk 44/118 filtering: 40 candidates → 0 frequent (0.0% pass rate, min_count=769)
2026-09-02 07:01:26.802 | DEBUG    | et_miner.gpu.row_split_chunks:run_chunked_dense_level:267 -     K=4 chunk 45/118: candidates [6,359,440, 6,360,015)
2026-09-02 07:01:26.863 | INFO     | et_miner.gpu.row_split_chunks:run_chunked_dense_level:285 -   K=4 chunk 45/118 filtering: 575 candidates → 0 frequent (0.0% pass rate, min_count=769)
2026-09-02 07:01:26.863 | DEBUG    | et_miner.gpu.row_split_chunks:run_chunked_dense_level:267 -     K=4 chunk 46/118: candidates [6,360,015, 6,360,040) (legacy sub-chunk)
2026-09-02 07:01:26.866 | INFO     | et_miner.gpu.row_split_chunks:run_chunked_dense_level:285 -   K=4 chunk 46/118 filtering: 25 candidates → 0 frequent (0.0% pass rate, min_count=769)
2026-09-02 07:01:26.867 | DEBUG    | et_miner.gpu.row_split_chunks:run_chunked_dense_level:267 -     K=4 chunk 47/118: candidates [6,360,040, 6,360,585)
2026-09-02 07:01:26.927 | INFO     | et_miner.gpu.row_split_chunks:run_chunked_dense_level:285 -   K=4 chunk 47/118 filtering: 545 candidates → 0 frequent (0.0% pass rate, min_count=769)
2026-09-02 07:01:26.927 | DEBUG    | et_miner.gpu.row_split_chunks:run_chunked_dense_level:267 -     K=4 chunk 48/118: candidates [6,360,585, 6,360,610) (legacy sub-chunk)
2026-09-02 07:01:26.930 | INFO     | et_miner.gpu.row_split_chunks:run_chunked_dense_level:285 -   K=4 chunk 48/118 filtering: 25 candidates → 0 frequent (0.0% pass rate, min_count=769)
2026-09-02 07:01:26.931 | DEBUG    | et_miner.gpu.row_split_chunks:run_chunked_dense_level:267 -     K=4 chunk 49/118: candidates [6,360,610, 6,361,049)
2026-09-02 07:01:26.994 | INFO     | et_miner.gpu.row_split_chunks:run_chunked_dense_level:285 -   K=4 chunk 49/118 filtering: 439 candidates → 0 frequent (0.0% pass rate, min_count=769)
2026-09-02 07:01:26.994 | DEBUG    | et_miner.gpu.row_split_chunks:run_chunked_dense_level:267 -     K=4 chunk 50/118: candidates [6,361,049, 6,361,068) (legacy sub-chunk)
2026-09-02 07:01:26.997 | INFO     | et_miner.gpu.row_split_chunks:run_chunked_dense_level:285 -   K=4 chunk 50/118 filtering: 19 candidates → 0 frequent (0.0% pass rate, min_count=769)
2026-09-02 07:01:26.997 | DEBUG    | et_miner.gpu.row_split_chunks:run_chunked_dense_level:267 -     K=4 chunk 51/118: candidates [6,361,068, 6,361,361)
2026-09-02 07:01:27.060 | INFO     | et_miner.gpu.row_split_chunks:run_chunked_dense_level:285 -   K=4 chunk 51/118 filtering: 293 candidates → 0 frequent (0.0% pass rate, min_count=769)
2026-09-02 07:01:27.061 | DEBUG    | et_miner.gpu.row_split_chunks:run_chunked_dense_level:267 -     K=4 chunk 52/118: candidates [6,361,361, 6,361,426) (legacy sub-chunk)
2026-09-02 07:01:27.064 | INFO     | et_miner.gpu.row_split_chunks:run_chunked_dense_level:285 -   K=4 chunk 52/118 filtering: 65 candidates → 0 frequent (0.0% pass rate, min_count=769)
2026-09-02 07:01:27.064 | DEBUG    | et_miner.gpu.row_split_chunks:run_chunked_dense_level:267 -     K=4 chunk 53/118: candidates [6,361,426, 6,361,731)
2026-09-02 07:01:27.127 | INFO     | et_miner.gpu.row_split_chunks:run_chunked_dense_level:285 -   K=4 chunk 53/118 filtering: 305 candidates → 0 frequent (0.0% pass rate, min_count=769)
2026-09-02 07:01:27.127 | DEBUG    | et_miner.gpu.row_split_chunks:run_chunked_dense_level:267 -     K=4 chunk 54/118: candidates [6,361,731, 6,361,796) (legacy sub-chunk)
2026-09-02 07:01:27.130 | INFO     | et_miner.gpu.row_split_chunks:run_chunked_dense_level:285 -   K=4 chunk 54/118 filtering: 65 candidates → 0 frequent (0.0% pass rate, min_count=769)
2026-09-02 07:01:27.130 | DEBUG    | et_miner.gpu.row_split_chunks:run_chunked_dense_level:267 -     K=4 chunk 55/118: candidates [6,361,796, 6,362,089)
2026-09-02 07:01:27.193 | INFO     | et_miner.gpu.row_split_chunks:run_chunked_dense_level:285 -   K=4 chunk 55/118 filtering: 293 candidates → 0 frequent (0.0% pass rate, min_count=769)
2026-09-02 07:01:27.193 | DEBUG    | et_miner.gpu.row_split_chunks:run_chunked_dense_level:267 -     K=4 chunk 56/118: candidates [6,362,089, 6,362,153) (legacy sub-chunk)
2026-09-02 07:01:27.196 | INFO     | et_miner.gpu.row_split_chunks:run_chunked_dense_level:285 -   K=4 chunk 56/118 filtering: 64 candidates → 0 frequent (0.0% pass rate, min_count=769)
2026-09-02 07:01:27.197 | DEBUG    | et_miner.gpu.row_split_chunks:run_chunked_dense_level:267 -     K=4 chunk 57/118: candidates [6,362,153, 6,362,446)
2026-09-02 07:01:27.260 | INFO     | et_miner.gpu.row_split_chunks:run_chunked_dense_level:285 -   K=4 chunk 57/118 filtering: 293 candidates → 0 frequent (0.0% pass rate, min_count=769)
2026-09-02 07:01:27.260 | DEBUG    | et_miner.gpu.row_split_chunks:run_chunked_dense_level:267 -     K=4 chunk 58/118: candidates [6,362,446, 6,362,511) (legacy sub-chunk)
2026-09-02 07:01:27.263 | INFO     | et_miner.gpu.row_split_chunks:run_chunked_dense_level:285 -   K=4 chunk 58/118 filtering: 65 candidates → 0 frequent (0.0% pass rate, min_count=769)
2026-09-02 07:01:27.263 | DEBUG    | et_miner.gpu.row_split_chunks:run_chunked_dense_level:267 -     K=4 chunk 59/118: candidates [6,362,511, 6,362,788)
2026-09-02 07:01:27.326 | INFO     | et_miner.gpu.row_split_chunks:run_chunked_dense_level:285 -   K=4 chunk 59/118 filtering: 277 candidates → 0 frequent (0.0% pass rate, min_count=769)
2026-09-02 07:01:27.326 | DEBUG    | et_miner.gpu.row_split_chunks:run_chunked_dense_level:267 -     K=4 chunk 60/118: candidates [6,362,788, 6,362,852) (legacy sub-chunk)
2026-09-02 07:01:27.329 | INFO     | et_miner.gpu.row_split_chunks:run_chunked_dense_level:285 -   K=4 chunk 60/118 filtering: 64 candidates → 0 frequent (0.0% pass rate, min_count=769)
2026-09-02 07:01:27.330 | DEBUG    | et_miner.gpu.row_split_chunks:run_chunked_dense_level:267 -     K=4 chunk 61/118: candidates [6,362,852, 6,363,116)
2026-09-02 07:01:27.392 | INFO     | et_miner.gpu.row_split_chunks:run_chunked_dense_level:285 -   K=4 chunk 61/118 filtering: 264 candidates → 0 frequent (0.0% pass rate, min_count=769)
2026-09-02 07:01:27.392 | DEBUG    | et_miner.gpu.row_split_chunks:run_chunked_dense_level:267 -     K=4 chunk 62/118: candidates [6,363,116, 6,363,181) (legacy sub-chunk)
2026-09-02 07:01:27.395 | INFO     | et_miner.gpu.row_split_chunks:run_chunked_dense_level:285 -   K=4 chunk 62/118 filtering: 65 candidates → 0 frequent (0.0% pass rate, min_count=769)
2026-09-02 07:01:27.396 | DEBUG    | et_miner.gpu.row_split_chunks:run_chunked_dense_level:267 -     K=4 chunk 63/118: candidates [6,363,181, 6,363,445)
2026-09-02 07:01:27.458 | INFO     | et_miner.gpu.row_split_chunks:run_chunked_dense_level:285 -   K=4 chunk 63/118 filtering: 264 candidates → 0 frequent (0.0% pass rate, min_count=769)
2026-09-02 07:01:27.458 | DEBUG    | et_miner.gpu.row_split_chunks:run_chunked_dense_level:267 -     K=4 chunk 64/118: candidates [6,363,445, 6,363,499) (legacy sub-chunk)
2026-09-02 07:01:27.462 | INFO     | et_miner.gpu.row_split_chunks:run_chunked_dense_level:285 -   K=4 chunk 64/118 filtering: 54 candidates → 0 frequent (0.0% pass rate, min_count=769)
2026-09-02 07:01:27.462 | DEBUG    | et_miner.gpu.row_split_chunks:run_chunked_dense_level:267 -     K=4 chunk 65/118: candidates [6,363,499, 6,363,695)
2026-09-02 07:01:27.517 | INFO     | et_miner.gpu.row_split_chunks:run_chunked_dense_level:285 -   K=4 chunk 65/118 filtering: 196 candidates → 0 frequent (0.0% pass rate, min_count=769)
2026-09-02 07:01:27.517 | DEBUG    | et_miner.gpu.row_split_chunks:run_chunked_dense_level:267 -     K=4 chunk 66/118: candidates [6,363,695, 6,363,804) (legacy sub-chunk)
2026-09-02 07:01:27.519 | INFO     | et_miner.gpu.row_split_chunks:run_chunked_dense_level:285 -   K=4 chunk 66/118 filtering: 109 candidates → 0 frequent (0.0% pass rate, min_count=769)
2026-09-02 07:01:27.520 | DEBUG    | et_miner.gpu.row_split_chunks:run_chunked_dense_level:267 -     K=4 chunk 67/118: candidates [6,363,804, 6,363,973)
2026-09-02 07:01:27.574 | INFO     | et_miner.gpu.row_split_chunks:run_chunked_dense_level:285 -   K=4 chunk 67/118 filtering: 169 candidates → 0 frequent (0.0% pass rate, min_count=769)
2026-09-02 07:01:27.574 | DEBUG    | et_miner.gpu.row_split_chunks:run_chunked_dense_level:267 -     K=4 chunk 68/118: candidates [6,363,973, 6,364,061) (legacy sub-chunk)
2026-09-02 07:01:27.577 | INFO     | et_miner.gpu.row_split_chunks:run_chunked_dense_level:285 -   K=4 chunk 68/118 filtering: 88 candidates → 0 frequent (0.0% pass rate, min_count=769)
2026-09-02 07:01:27.577 | DEBUG    | et_miner.gpu.row_split_chunks:run_chunked_dense_level:267 -     K=4 chunk 69/118: candidates [6,364,061, 6,364,218)
2026-09-02 07:01:27.631 | INFO     | et_miner.gpu.row_split_chunks:run_chunked_dense_level:285 -   K=4 chunk 69/118 filtering: 157 candidates → 0 frequent (0.0% pass rate, min_count=769)
2026-09-02 07:01:27.631 | DEBUG    | et_miner.gpu.row_split_chunks:run_chunked_dense_level:267 -     K=4 chunk 70/118: candidates [6,364,218, 6,364,318) (legacy sub-chunk)
2026-09-02 07:01:27.635 | INFO     | et_miner.gpu.row_split_chunks:run_chunked_dense_level:285 -   K=4 chunk 70/118 filtering: 100 candidates → 0 frequent (0.0% pass rate, min_count=769)
2026-09-02 07:01:27.635 | DEBUG    | et_miner.gpu.row_split_chunks:run_chunked_dense_level:267 -     K=4 chunk 71/118: candidates [6,364,318, 6,364,409)
2026-09-02 07:01:27.693 | INFO     | et_miner.gpu.row_split_chunks:run_chunked_dense_level:285 -   K=4 chunk 71/118 filtering: 91 candidates → 0 frequent (0.0% pass rate, min_count=769)
2026-09-02 07:01:27.693 | DEBUG    | et_miner.gpu.row_split_chunks:run_chunked_dense_level:267 -     K=4 chunk 72/118: candidates [6,364,409, 6,364,544) (legacy sub-chunk)
2026-09-02 07:01:27.697 | INFO     | et_miner.gpu.row_split_chunks:run_chunked_dense_level:285 -   K=4 chunk 72/118 filtering: 135 candidates → 0 frequent (0.0% pass rate, min_count=769)
2026-09-02 07:01:27.697 | DEBUG    | et_miner.gpu.row_split_chunks:run_chunked_dense_level:267 -     K=4 chunk 73/118: candidates [6,364,544, 6,364,701)
2026-09-02 07:01:27.751 | INFO     | et_miner.gpu.row_split_chunks:run_chunked_dense_level:285 -   K=4 chunk 73/118 filtering: 157 candidates → 0 frequent (0.0% pass rate, min_count=769)
2026-09-02 07:01:27.751 | DEBUG    | et_miner.gpu.row_split_chunks:run_chunked_dense_level:267 -     K=4 chunk 74/118: candidates [6,364,701, 6,364,774) (legacy sub-chunk)
2026-09-02 07:01:27.754 | INFO     | et_miner.gpu.row_split_chunks:run_chunked_dense_level:285 -   K=4 chunk 74/118 filtering: 73 candidates → 0 frequent (0.0% pass rate, min_count=769)
2026-09-02 07:01:27.754 | DEBUG    | et_miner.gpu.row_split_chunks:run_chunked_dense_level:267 -     K=4 chunk 75/118: candidates [6,364,774, 6,364,945)
2026-09-02 07:01:27.808 | INFO     | et_miner.gpu.row_split_chunks:run_chunked_dense_level:285 -   K=4 chunk 75/118 filtering: 171 candidates → 0 frequent (0.0% pass rate, min_count=769)
2026-09-02 07:01:27.808 | DEBUG    | et_miner.gpu.row_split_chunks:run_chunked_dense_level:267 -     K=4 chunk 76/118: candidates [6,364,945, 6,364,995) (legacy sub-chunk)
2026-09-02 07:01:27.812 | INFO     | et_miner.gpu.row_split_chunks:run_chunked_dense_level:285 -   K=4 chunk 76/118 filtering: 50 candidates → 0 frequent (0.0% pass rate, min_count=769)
2026-09-02 07:01:27.812 | DEBUG    | et_miner.gpu.row_split_chunks:run_chunked_dense_level:267 -     K=4 chunk 77/118: candidates [6,364,995, 6,365,073)
2026-09-02 07:01:27.869 | INFO     | et_miner.gpu.row_split_chunks:run_chunked_dense_level:285 -   K=4 chunk 77/118 filtering: 78 candidates → 0 frequent (0.0% pass rate, min_count=769)
2026-09-02 07:01:27.869 | DEBUG    | et_miner.gpu.row_split_chunks:run_chunked_dense_level:267 -     K=4 chunk 78/118: candidates [6,365,073, 6,365,160) (legacy sub-chunk)
2026-09-02 07:01:27.873 | INFO     | et_miner.gpu.row_split_chunks:run_chunked_dense_level:285 -   K=4 chunk 78/118 filtering: 87 candidates → 0 frequent (0.0% pass rate, min_count=769)
2026-09-02 07:01:27.874 | DEBUG    | et_miner.gpu.row_split_chunks:run_chunked_dense_level:267 -     K=4 chunk 79/118: candidates [6,365,160, 6,365,251)
2026-09-02 07:01:27.931 | INFO     | et_miner.gpu.row_split_chunks:run_chunked_dense_level:285 -   K=4 chunk 79/118 filtering: 91 candidates → 0 frequent (0.0% pass rate, min_count=769)
2026-09-02 07:01:27.931 | DEBUG    | et_miner.gpu.row_split_chunks:run_chunked_dense_level:267 -     K=4 chunk 80/118: candidates [6,365,251, 6,365,370) (legacy sub-chunk)
2026-09-02 07:01:27.935 | INFO     | et_miner.gpu.row_split_chunks:run_chunked_dense_level:285 -   K=4 chunk 80/118 filtering: 119 candidates → 0 frequent (0.0% pass rate, min_count=769)
2026-09-02 07:01:27.935 | DEBUG    | et_miner.gpu.row_split_chunks:run_chunked_dense_level:267 -     K=4 chunk 81/118: candidates [6,365,370, 6,365,448)
2026-09-02 07:01:27.992 | INFO     | et_miner.gpu.row_split_chunks:run_chunked_dense_level:285 -   K=4 chunk 81/118 filtering: 78 candidates → 0 frequent (0.0% pass rate, min_count=769)
2026-09-02 07:01:27.992 | DEBUG    | et_miner.gpu.row_split_chunks:run_chunked_dense_level:267 -     K=4 chunk 82/118: candidates [6,365,448, 6,365,498) (legacy sub-chunk)
2026-09-02 07:01:27.996 | INFO     | et_miner.gpu.row_split_chunks:run_chunked_dense_level:285 -   K=4 chunk 82/118 filtering: 50 candidates → 0 frequent (0.0% pass rate, min_count=769)
2026-09-02 07:01:27.996 | DEBUG    | et_miner.gpu.row_split_chunks:run_chunked_dense_level:267 -     K=4 chunk 83/118: candidates [6,365,498, 6,365,576)
2026-09-02 07:01:28.053 | INFO     | et_miner.gpu.row_split_chunks:run_chunked_dense_level:285 -   K=4 chunk 83/118 filtering: 78 candidates → 0 frequent (0.0% pass rate, min_count=769)
2026-09-02 07:01:28.053 | DEBUG    | et_miner.gpu.row_split_chunks:run_chunked_dense_level:267 -     K=4 chunk 84/118: candidates [6,365,576, 6,365,644) (legacy sub-chunk)
2026-09-02 07:01:28.056 | INFO     | et_miner.gpu.row_split_chunks:run_chunked_dense_level:285 -   K=4 chunk 84/118 filtering: 68 candidates → 0 frequent (0.0% pass rate, min_count=769)
2026-09-02 07:01:28.057 | DEBUG    | et_miner.gpu.row_split_chunks:run_chunked_dense_level:267 -     K=4 chunk 85/118: candidates [6,365,644, 6,365,710)
2026-09-02 07:01:28.114 | INFO     | et_miner.gpu.row_split_chunks:run_chunked_dense_level:285 -   K=4 chunk 85/118 filtering: 66 candidates → 0 frequent (0.0% pass rate, min_count=769)
2026-09-02 07:01:28.114 | DEBUG    | et_miner.gpu.row_split_chunks:run_chunked_dense_level:267 -     K=4 chunk 86/118: candidates [6,365,710, 6,365,778) (legacy sub-chunk)
2026-09-02 07:01:28.117 | INFO     | et_miner.gpu.row_split_chunks:run_chunked_dense_level:285 -   K=4 chunk 86/118 filtering: 68 candidates → 0 frequent (0.0% pass rate, min_count=769)
2026-09-02 07:01:28.117 | DEBUG    | et_miner.gpu.row_split_chunks:run_chunked_dense_level:267 -     K=4 chunk 87/118: candidates [6,365,778, 6,365,844)
2026-09-02 07:01:28.174 | INFO     | et_miner.gpu.row_split_chunks:run_chunked_dense_level:285 -   K=4 chunk 87/118 filtering: 66 candidates → 0 frequent (0.0% pass rate, min_count=769)
2026-09-02 07:01:28.174 | DEBUG    | et_miner.gpu.row_split_chunks:run_chunked_dense_level:267 -     K=4 chunk 88/118: candidates [6,365,844, 6,365,897) (legacy sub-chunk)
2026-09-02 07:01:28.177 | INFO     | et_miner.gpu.row_split_chunks:run_chunked_dense_level:285 -   K=4 chunk 88/118 filtering: 53 candidates → 0 frequent (0.0% pass rate, min_count=769)
2026-09-02 07:01:28.177 | DEBUG    | et_miner.gpu.row_split_chunks:run_chunked_dense_level:267 -     K=4 chunk 89/118: candidates [6,365,897, 6,365,975)
2026-09-02 07:01:28.234 | INFO     | et_miner.gpu.row_split_chunks:run_chunked_dense_level:285 -   K=4 chunk 89/118 filtering: 78 candidates → 0 frequent (0.0% pass rate, min_count=769)
2026-09-02 07:01:28.234 | DEBUG    | et_miner.gpu.row_split_chunks:run_chunked_dense_level:267 -     K=4 chunk 90/118: candidates [6,365,975, 6,371,198) (legacy sub-chunk)
2026-09-02 07:01:28.257 | INFO     | et_miner.gpu.row_split_chunks:run_chunked_dense_level:285 -   K=4 chunk 90/118 filtering: 5,223 candidates → 0 frequent (0.0% pass rate, min_count=769)
2026-09-02 07:01:28.258 | DEBUG    | et_miner.gpu.row_split_chunks:run_chunked_dense_level:267 -     K=4 chunk 91/118: candidates [6,371,198, 7,081,218)
2026-09-02 07:01:28.639 | INFO     | et_miner.gpu.row_split_chunks:run_chunked_dense_level:285 -   K=4 chunk 91/118 filtering: 710,020 candidates → 639 frequent (0.1% pass rate, min_count=769)
2026-09-02 07:01:28.639 | DEBUG    | et_miner.gpu.row_split_chunks:run_chunked_dense_level:267 -     K=4 chunk 92/118: candidates [7,081,218, 7,081,381) (legacy sub-chunk)
2026-09-02 07:01:28.642 | INFO     | et_miner.gpu.row_split_chunks:run_chunked_dense_level:285 -   K=4 chunk 92/118 filtering: 163 candidates → 0 frequent (0.0% pass rate, min_count=769)
2026-09-02 07:01:28.643 | DEBUG    | et_miner.gpu.row_split_chunks:run_chunked_dense_level:267 -     K=4 chunk 93/118: candidates [7,081,381, 7,572,139)
2026-09-02 07:01:28.911 | INFO     | et_miner.gpu.row_split_chunks:run_chunked_dense_level:285 -   K=4 chunk 93/118 filtering: 490,758 candidates → 311 frequent (0.1% pass rate, min_count=769)
2026-09-02 07:01:28.911 | DEBUG    | et_miner.gpu.row_split_chunks:run_chunked_dense_level:267 -     K=4 chunk 94/118: candidates [7,572,139, 7,572,311) (legacy sub-chunk)
2026-09-02 07:01:28.914 | INFO     | et_miner.gpu.row_split_chunks:run_chunked_dense_level:285 -   K=4 chunk 94/118 filtering: 172 candidates → 0 frequent (0.0% pass rate, min_count=769)
2026-09-02 07:01:28.915 | DEBUG    | et_miner.gpu.row_split_chunks:run_chunked_dense_level:267 -     K=4 chunk 95/118: candidates [7,572,311, 7,897,828)
2026-09-02 07:01:29.139 | INFO     | et_miner.gpu.row_split_chunks:run_chunked_dense_level:285 -   K=4 chunk 95/118 filtering: 325,517 candidates → 152 frequent (0.0% pass rate, min_count=769)
2026-09-02 07:01:29.140 | DEBUG    | et_miner.gpu.row_split_chunks:run_chunked_dense_level:267 -     K=4 chunk 96/118: candidates [7,897,828, 7,897,941) (legacy sub-chunk)
2026-09-02 07:01:29.143 | INFO     | et_miner.gpu.row_split_chunks:run_chunked_dense_level:285 -   K=4 chunk 96/118 filtering: 113 candidates → 0 frequent (0.0% pass rate, min_count=769)
2026-09-02 07:01:29.143 | DEBUG    | et_miner.gpu.row_split_chunks:run_chunked_dense_level:267 -     K=4 chunk 97/118: candidates [7,897,941, 8,125,181)
2026-09-02 07:01:29.295 | INFO     | et_miner.gpu.row_split_chunks:run_chunked_dense_level:285 -   K=4 chunk 97/118 filtering: 227,240 candidates → 62 frequent (0.0% pass rate, min_count=769)
2026-09-02 07:01:29.295 | DEBUG    | et_miner.gpu.row_split_chunks:run_chunked_dense_level:267 -     K=4 chunk 98/118: candidates [8,125,181, 8,125,247) (legacy sub-chunk)
2026-09-02 07:01:29.299 | INFO     | et_miner.gpu.row_split_chunks:run_chunked_dense_level:285 -   K=4 chunk 98/118 filtering: 66 candidates → 0 frequent (0.0% pass rate, min_count=769)
2026-09-02 07:01:29.299 | DEBUG    | et_miner.gpu.row_split_chunks:run_chunked_dense_level:267 -     K=4 chunk 99/118: candidates [8,125,247, 8,223,404)
2026-09-02 07:01:29.405 | INFO     | et_miner.gpu.row_split_chunks:run_chunked_dense_level:285 -   K=4 chunk 99/118 filtering: 98,157 candidates → 8 frequent (0.0% pass rate, min_count=769)
2026-09-02 07:01:29.405 | DEBUG    | et_miner.gpu.row_split_chunks:run_chunked_dense_level:267 -     K=4 chunk 100/118: candidates [8,223,404, 8,223,503) (legacy sub-chunk)
2026-09-02 07:01:29.409 | INFO     | et_miner.gpu.row_split_chunks:run_chunked_dense_level:285 -   K=4 chunk 100/118 filtering: 99 candidates → 0 frequent (0.0% pass rate, min_count=769)
2026-09-02 07:01:29.409 | DEBUG    | et_miner.gpu.row_split_chunks:run_chunked_dense_level:267 -     K=4 chunk 101/118: candidates [8,223,503, 8,273,736)
2026-09-02 07:01:29.516 | INFO     | et_miner.gpu.row_split_chunks:run_chunked_dense_level:285 -   K=4 chunk 101/118 filtering: 50,233 candidates → 0 frequent (0.0% pass rate, min_count=769)
2026-09-02 07:01:29.516 | DEBUG    | et_miner.gpu.row_split_chunks:run_chunked_dense_level:267 -     K=4 chunk 102/118: candidates [8,273,736, 8,273,794) (legacy sub-chunk)
2026-09-02 07:01:29.520 | INFO     | et_miner.gpu.row_split_chunks:run_chunked_dense_level:285 -   K=4 chunk 102/118 filtering: 58 candidates → 0 frequent (0.0% pass rate, min_count=769)
2026-09-02 07:01:29.520 | DEBUG    | et_miner.gpu.row_split_chunks:run_chunked_dense_level:267 -     K=4 chunk 103/118: candidates [8,273,794, 8,305,333)
2026-09-02 07:01:29.627 | INFO     | et_miner.gpu.row_split_chunks:run_chunked_dense_level:285 -   K=4 chunk 103/118 filtering: 31,539 candidates → 0 frequent (0.0% pass rate, min_count=769)
2026-09-02 07:01:29.628 | DEBUG    | et_miner.gpu.row_split_chunks:run_chunked_dense_level:267 -     K=4 chunk 104/118: candidates [8,305,333, 8,305,379) (legacy sub-chunk)
2026-09-02 07:01:29.631 | INFO     | et_miner.gpu.row_split_chunks:run_chunked_dense_level:285 -   K=4 chunk 104/118 filtering: 46 candidates → 0 frequent (0.0% pass rate, min_count=769)
2026-09-02 07:01:29.631 | DEBUG    | et_miner.gpu.row_split_chunks:run_chunked_dense_level:267 -     K=4 chunk 105/118: candidates [8,305,379, 8,321,461)
2026-09-02 07:01:29.736 | INFO     | et_miner.gpu.row_split_chunks:run_chunked_dense_level:285 -   K=4 chunk 105/118 filtering: 16,082 candidates → 0 frequent (0.0% pass rate, min_count=769)
2026-09-02 07:01:29.736 | DEBUG    | et_miner.gpu.row_split_chunks:run_chunked_dense_level:267 -     K=4 chunk 106/118: candidates [8,321,461, 8,321,503) (legacy sub-chunk)
2026-09-02 07:01:29.739 | INFO     | et_miner.gpu.row_split_chunks:run_chunked_dense_level:285 -   K=4 chunk 106/118 filtering: 42 candidates → 0 frequent (0.0% pass rate, min_count=769)
2026-09-02 07:01:29.740 | DEBUG    | et_miner.gpu.row_split_chunks:run_chunked_dense_level:267 -     K=4 chunk 107/118: candidates [8,321,503, 8,327,363)
2026-09-02 07:01:29.833 | INFO     | et_miner.gpu.row_split_chunks:run_chunked_dense_level:285 -   K=4 chunk 107/118 filtering: 5,860 candidates → 0 frequent (0.0% pass rate, min_count=769)
2026-09-02 07:01:29.833 | DEBUG    | et_miner.gpu.row_split_chunks:run_chunked_dense_level:267 -     K=4 chunk 108/118: candidates [8,327,363, 8,327,496) (legacy sub-chunk)
2026-09-02 07:01:29.836 | INFO     | et_miner.gpu.row_split_chunks:run_chunked_dense_level:285 -   K=4 chunk 108/118 filtering: 133 candidates → 0 frequent (0.0% pass rate, min_count=769)
2026-09-02 07:01:29.836 | DEBUG    | et_miner.gpu.row_split_chunks:run_chunked_dense_level:267 -     K=4 chunk 109/118: candidates [8,327,496, 8,328,396)
2026-09-02 07:01:29.900 | INFO     | et_miner.gpu.row_split_chunks:run_chunked_dense_level:285 -   K=4 chunk 109/118 filtering: 900 candidates → 0 frequent (0.0% pass rate, min_count=769)
2026-09-02 07:01:29.900 | DEBUG    | et_miner.gpu.row_split_chunks:run_chunked_dense_level:267 -     K=4 chunk 110/118: candidates [8,328,396, 8,328,540) (legacy sub-chunk)
2026-09-02 07:01:29.903 | INFO     | et_miner.gpu.row_split_chunks:run_chunked_dense_level:285 -   K=4 chunk 110/118 filtering: 144 candidates → 0 frequent (0.0% pass rate, min_count=769)
2026-09-02 07:01:29.903 | DEBUG    | et_miner.gpu.row_split_chunks:run_chunked_dense_level:267 -     K=4 chunk 111/118: candidates [8,328,540, 8,329,179)
2026-09-02 07:01:29.967 | INFO     | et_miner.gpu.row_split_chunks:run_chunked_dense_level:285 -   K=4 chunk 111/118 filtering: 639 candidates → 0 frequent (0.0% pass rate, min_count=769)
2026-09-02 07:01:29.967 | DEBUG    | et_miner.gpu.row_split_chunks:run_chunked_dense_level:267 -     K=4 chunk 112/118: candidates [8,329,179, 8,329,323) (legacy sub-chunk)
2026-09-02 07:01:29.970 | INFO     | et_miner.gpu.row_split_chunks:run_chunked_dense_level:285 -   K=4 chunk 112/118 filtering: 144 candidates → 0 frequent (0.0% pass rate, min_count=769)
2026-09-02 07:01:29.970 | DEBUG    | et_miner.gpu.row_split_chunks:run_chunked_dense_level:267 -     K=4 chunk 113/118: candidates [8,329,323, 8,329,752)
2026-09-02 07:01:30.033 | INFO     | et_miner.gpu.row_split_chunks:run_chunked_dense_level:285 -   K=4 chunk 113/118 filtering: 429 candidates → 0 frequent (0.0% pass rate, min_count=769)
2026-09-02 07:01:30.033 | DEBUG    | et_miner.gpu.row_split_chunks:run_chunked_dense_level:267 -     K=4 chunk 114/118: candidates [8,329,752, 8,329,893) (legacy sub-chunk)
2026-09-02 07:01:30.036 | INFO     | et_miner.gpu.row_split_chunks:run_chunked_dense_level:285 -   K=4 chunk 114/118 filtering: 141 candidates → 0 frequent (0.0% pass rate, min_count=769)
2026-09-02 07:01:30.036 | DEBUG    | et_miner.gpu.row_split_chunks:run_chunked_dense_level:267 -     K=4 chunk 115/118: candidates [8,329,893, 8,330,120)
2026-09-02 07:01:30.100 | INFO     | et_miner.gpu.row_split_chunks:run_chunked_dense_level:285 -   K=4 chunk 115/118 filtering: 227 candidates → 0 frequent (0.0% pass rate, min_count=769)
2026-09-02 07:01:30.100 | DEBUG    | et_miner.gpu.row_split_chunks:run_chunked_dense_level:267 -     K=4 chunk 116/118: candidates [8,330,120, 8,330,243) (legacy sub-chunk)
2026-09-02 07:01:30.103 | INFO     | et_miner.gpu.row_split_chunks:run_chunked_dense_level:285 -   K=4 chunk 116/118 filtering: 123 candidates → 0 frequent (0.0% pass rate, min_count=769)
2026-09-02 07:01:30.103 | DEBUG    | et_miner.gpu.row_split_chunks:run_chunked_dense_level:267 -     K=4 chunk 117/118: candidates [8,330,243, 8,330,321)
2026-09-02 07:01:30.166 | INFO     | et_miner.gpu.row_split_chunks:run_chunked_dense_level:285 -   K=4 chunk 117/118 filtering: 78 candidates → 0 frequent (0.0% pass rate, min_count=769)
2026-09-02 07:01:30.167 | DEBUG    | et_miner.gpu.row_split_chunks:run_chunked_dense_level:267 -     K=4 chunk 118/118: candidates [8,330,321, 8,330,547) (legacy sub-chunk)
2026-09-02 07:01:30.170 | INFO     | et_miner.gpu.row_split_chunks:run_chunked_dense_level:285 -   K=4 chunk 118/118 filtering: 226 candidates → 0 frequent (0.0% pass rate, min_count=769)
2026-09-02 07:01:30.173 | INFO     | et_miner.gpu.row_split:_apriori_row_split_multi_gpu:599 -   K=4: 25,399 frequent in 7.9s
2026-09-02 07:01:30.177 | DEBUG    | et_miner.gpu.row_split:_apriori_row_split_multi_gpu:631 -     Pruning: zeroed 12 dead bitvecs at K=4 (55 MB logical × 2 GPUs)
2026-09-02 07:01:30.180 | DEBUG    | et_miner.gpu.row_split:_apriori_row_split_multi_gpu:535 -   K=5: 1,637,138 candidates, 86 chunk(s), group data 0.0 GB, budget 3,149,198,870 cands/chunk
2026-09-02 07:01:30.181 | DEBUG    | et_miner.gpu.row_split_chunks:run_chunked_dense_level:267 -     K=5 chunk 1/86: candidates [0, 35,436)
2026-09-02 07:01:30.295 | INFO     | et_miner.gpu.row_split_chunks:run_chunked_dense_level:285 -   K=5 chunk 1/86 filtering: 35,436 candidates → 136 frequent (0.4% pass rate, min_count=769)
2026-09-02 07:01:30.295 | DEBUG    | et_miner.gpu.row_split_chunks:run_chunked_dense_level:267 -     K=5 chunk 2/86: candidates [35,436, 35,536) (legacy sub-chunk)
2026-09-02 07:01:30.299 | INFO     | et_miner.gpu.row_split_chunks:run_chunked_dense_level:285 -   K=5 chunk 2/86 filtering: 100 candidates → 0 frequent (0.0% pass rate, min_count=769)
2026-09-02 07:01:30.299 | DEBUG    | et_miner.gpu.row_split_chunks:run_chunked_dense_level:267 -     K=5 chunk 3/86: candidates [35,536, 35,602)
2026-09-02 07:01:30.356 | INFO     | et_miner.gpu.row_split_chunks:run_chunked_dense_level:285 -   K=5 chunk 3/86 filtering: 66 candidates → 0 frequent (0.0% pass rate, min_count=769)
2026-09-02 07:01:30.356 | DEBUG    | et_miner.gpu.row_split_chunks:run_chunked_dense_level:267 -     K=5 chunk 4/86: candidates [35,602, 40,740) (legacy sub-chunk)
2026-09-02 07:01:30.386 | INFO     | et_miner.gpu.row_split_chunks:run_chunked_dense_level:285 -   K=5 chunk 4/86 filtering: 5,138 candidates → 0 frequent (0.0% pass rate, min_count=769)
2026-09-02 07:01:30.386 | DEBUG    | et_miner.gpu.row_split_chunks:run_chunked_dense_level:267 -     K=5 chunk 5/86: candidates [40,740, 1,078,554)
2026-09-02 07:01:30.892 | INFO     | et_miner.gpu.row_split_chunks:run_chunked_dense_level:285 -   K=5 chunk 5/86 filtering: 1,037,814 candidates → 1,460 frequent (0.1% pass rate, min_count=769)
2026-09-02 07:01:30.893 | DEBUG    | et_miner.gpu.row_split_chunks:run_chunked_dense_level:267 -     K=5 chunk 6/86: candidates [1,078,554, 1,078,620) (legacy sub-chunk)
2026-09-02 07:01:30.897 | INFO     | et_miner.gpu.row_split_chunks:run_chunked_dense_level:285 -   K=5 chunk 6/86 filtering: 66 candidates → 0 frequent (0.0% pass rate, min_count=769)
2026-09-02 07:01:30.897 | DEBUG    | et_miner.gpu.row_split_chunks:run_chunked_dense_level:267 -     K=5 chunk 7/86: candidates [1,078,620, 1,081,186)
2026-09-02 07:01:30.969 | INFO     | et_miner.gpu.row_split_chunks:run_chunked_dense_level:285 -   K=5 chunk 7/86 filtering: 2,566 candidates → 4 frequent (0.2% pass rate, min_count=769)
2026-09-02 07:01:30.970 | DEBUG    | et_miner.gpu.row_split_chunks:run_chunked_dense_level:267 -     K=5 chunk 8/86: candidates [1,081,186, 1,081,256) (legacy sub-chunk)
2026-09-02 07:01:30.974 | INFO     | et_miner.gpu.row_split_chunks:run_chunked_dense_level:285 -   K=5 chunk 8/86 filtering: 70 candidates → 0 frequent (0.0% pass rate, min_count=769)
2026-09-02 07:01:30.974 | DEBUG    | et_miner.gpu.row_split_chunks:run_chunked_dense_level:267 -     K=5 chunk 9/86: candidates [1,081,256, 1,082,953)
2026-09-02 07:01:31.058 | INFO     | et_miner.gpu.row_split_chunks:run_chunked_dense_level:285 -   K=5 chunk 9/86 filtering: 1,697 candidates → 1 frequent (0.1% pass rate, min_count=769)
2026-09-02 07:01:31.058 | DEBUG    | et_miner.gpu.row_split_chunks:run_chunked_dense_level:267 -     K=5 chunk 10/86: candidates [1,082,953, 1,083,019) (legacy sub-chunk)
2026-09-02 07:01:31.062 | INFO     | et_miner.gpu.row_split_chunks:run_chunked_dense_level:285 -   K=5 chunk 10/86 filtering: 66 candidates → 0 frequent (0.0% pass rate, min_count=769)
2026-09-02 07:01:31.062 | DEBUG    | et_miner.gpu.row_split_chunks:run_chunked_dense_level:267 -     K=5 chunk 11/86: candidates [1,083,019, 1,083,577)
2026-09-02 07:01:31.123 | INFO     | et_miner.gpu.row_split_chunks:run_chunked_dense_level:285 -   K=5 chunk 11/86 filtering: 558 candidates → 0 frequent (0.0% pass rate, min_count=769)
2026-09-02 07:01:31.123 | DEBUG    | et_miner.gpu.row_split_chunks:run_chunked_dense_level:267 -     K=5 chunk 12/86: candidates [1,083,577, 1,083,609) (legacy sub-chunk)
2026-09-02 07:01:31.127 | INFO     | et_miner.gpu.row_split_chunks:run_chunked_dense_level:285 -   K=5 chunk 12/86 filtering: 32 candidates → 0 frequent (0.0% pass rate, min_count=769)
2026-09-02 07:01:31.127 | DEBUG    | et_miner.gpu.row_split_chunks:run_chunked_dense_level:267 -     K=5 chunk 13/86: candidates [1,083,609, 1,084,204)
2026-09-02 07:01:31.190 | INFO     | et_miner.gpu.row_split_chunks:run_chunked_dense_level:285 -   K=5 chunk 13/86 filtering: 595 candidates → 0 frequent (0.0% pass rate, min_count=769)
2026-09-02 07:01:31.190 | DEBUG    | et_miner.gpu.row_split_chunks:run_chunked_dense_level:267 -     K=5 chunk 14/86: candidates [1,084,204, 1,084,244) (legacy sub-chunk)
2026-09-02 07:01:31.194 | INFO     | et_miner.gpu.row_split_chunks:run_chunked_dense_level:285 -   K=5 chunk 14/86 filtering: 40 candidates → 0 frequent (0.0% pass rate, min_count=769)
2026-09-02 07:01:31.194 | DEBUG    | et_miner.gpu.row_split_chunks:run_chunked_dense_level:267 -     K=5 chunk 15/86: candidates [1,084,244, 1,084,580)
2026-09-02 07:01:31.254 | INFO     | et_miner.gpu.row_split_chunks:run_chunked_dense_level:285 -   K=5 chunk 15/86 filtering: 336 candidates → 0 frequent (0.0% pass rate, min_count=769)
2026-09-02 07:01:31.254 | DEBUG    | et_miner.gpu.row_split_chunks:run_chunked_dense_level:267 -     K=5 chunk 16/86: candidates [1,084,580, 1,084,645) (legacy sub-chunk)
2026-09-02 07:01:31.258 | INFO     | et_miner.gpu.row_split_chunks:run_chunked_dense_level:285 -   K=5 chunk 16/86 filtering: 65 candidates → 0 frequent (0.0% pass rate, min_count=769)
2026-09-02 07:01:31.258 | DEBUG    | et_miner.gpu.row_split_chunks:run_chunked_dense_level:267 -     K=5 chunk 17/86: candidates [1,084,645, 1,084,955)
2026-09-02 07:01:31.321 | INFO     | et_miner.gpu.row_split_chunks:run_chunked_dense_level:285 -   K=5 chunk 17/86 filtering: 310 candidates → 0 frequent (0.0% pass rate, min_count=769)
2026-09-02 07:01:31.321 | DEBUG    | et_miner.gpu.row_split_chunks:run_chunked_dense_level:267 -     K=5 chunk 18/86: candidates [1,084,955, 1,085,010) (legacy sub-chunk)
2026-09-02 07:01:31.325 | INFO     | et_miner.gpu.row_split_chunks:run_chunked_dense_level:285 -   K=5 chunk 18/86 filtering: 55 candidates → 0 frequent (0.0% pass rate, min_count=769)
2026-09-02 07:01:31.325 | DEBUG    | et_miner.gpu.row_split_chunks:run_chunked_dense_level:267 -     K=5 chunk 19/86: candidates [1,085,010, 1,085,167)
2026-09-02 07:01:31.380 | INFO     | et_miner.gpu.row_split_chunks:run_chunked_dense_level:285 -   K=5 chunk 19/86 filtering: 157 candidates → 0 frequent (0.0% pass rate, min_count=769)
2026-09-02 07:01:31.380 | DEBUG    | et_miner.gpu.row_split_chunks:run_chunked_dense_level:267 -     K=5 chunk 20/86: candidates [1,085,167, 1,086,668) (legacy sub-chunk)
2026-09-02 07:01:31.390 | INFO     | et_miner.gpu.row_split_chunks:run_chunked_dense_level:285 -   K=5 chunk 20/86 filtering: 1,501 candidates → 0 frequent (0.0% pass rate, min_count=769)
2026-09-02 07:01:31.390 | DEBUG    | et_miner.gpu.row_split_chunks:run_chunked_dense_level:267 -     K=5 chunk 21/86: candidates [1,086,668, 1,226,721)
2026-09-02 07:01:31.522 | INFO     | et_miner.gpu.row_split_chunks:run_chunked_dense_level:285 -   K=5 chunk 21/86 filtering: 140,053 candidates → 161 frequent (0.1% pass rate, min_count=769)
2026-09-02 07:01:31.522 | DEBUG    | et_miner.gpu.row_split_chunks:run_chunked_dense_level:267 -     K=5 chunk 22/86: candidates [1,226,721, 1,226,758) (legacy sub-chunk)
2026-09-02 07:01:31.526 | INFO     | et_miner.gpu.row_split_chunks:run_chunked_dense_level:285 -   K=5 chunk 22/86 filtering: 37 candidates → 0 frequent (0.0% pass rate, min_count=769)
2026-09-02 07:01:31.526 | DEBUG    | et_miner.gpu.row_split_chunks:run_chunked_dense_level:267 -     K=5 chunk 23/86: candidates [1,226,758, 1,312,385)
2026-09-02 07:01:31.640 | INFO     | et_miner.gpu.row_split_chunks:run_chunked_dense_level:285 -   K=5 chunk 23/86 filtering: 85,627 candidates → 66 frequent (0.1% pass rate, min_count=769)
2026-09-02 07:01:31.640 | DEBUG    | et_miner.gpu.row_split_chunks:run_chunked_dense_level:267 -     K=5 chunk 24/86: candidates [1,312,385, 1,312,472) (legacy sub-chunk)
2026-09-02 07:01:31.644 | INFO     | et_miner.gpu.row_split_chunks:run_chunked_dense_level:285 -   K=5 chunk 24/86 filtering: 87 candidates → 0 frequent (0.0% pass rate, min_count=769)
2026-09-02 07:01:31.645 | DEBUG    | et_miner.gpu.row_split_chunks:run_chunked_dense_level:267 -     K=5 chunk 25/86: candidates [1,312,472, 1,368,988)
2026-09-02 07:01:31.756 | INFO     | et_miner.gpu.row_split_chunks:run_chunked_dense_level:285 -   K=5 chunk 25/86 filtering: 56,516 candidates → 24 frequent (0.0% pass rate, min_count=769)
2026-09-02 07:01:31.757 | DEBUG    | et_miner.gpu.row_split_chunks:run_chunked_dense_level:267 -     K=5 chunk 26/86: candidates [1,368,988, 1,369,163) (legacy sub-chunk)
2026-09-02 07:01:31.761 | INFO     | et_miner.gpu.row_split_chunks:run_chunked_dense_level:285 -   K=5 chunk 26/86 filtering: 175 candidates → 0 frequent (0.0% pass rate, min_count=769)
2026-09-02 07:01:31.761 | DEBUG    | et_miner.gpu.row_split_chunks:run_chunked_dense_level:267 -     K=5 chunk 27/86: candidates [1,369,163, 1,408,661)
2026-09-02 07:01:31.868 | INFO     | et_miner.gpu.row_split_chunks:run_chunked_dense_level:285 -   K=5 chunk 27/86 filtering: 39,498 candidates → 6 frequent (0.0% pass rate, min_count=769)
2026-09-02 07:01:31.869 | DEBUG    | et_miner.gpu.row_split_chunks:run_chunked_dense_level:267 -     K=5 chunk 28/86: candidates [1,408,661, 1,408,790) (legacy sub-chunk)
2026-09-02 07:01:31.873 | INFO     | et_miner.gpu.row_split_chunks:run_chunked_dense_level:285 -   K=5 chunk 28/86 filtering: 129 candidates → 0 frequent (0.0% pass rate, min_count=769)
2026-09-02 07:01:31.873 | DEBUG    | et_miner.gpu.row_split_chunks:run_chunked_dense_level:267 -     K=5 chunk 29/86: candidates [1,408,790, 1,424,571)
2026-09-02 07:01:31.963 | INFO     | et_miner.gpu.row_split_chunks:run_chunked_dense_level:285 -   K=5 chunk 29/86 filtering: 15,781 candidates → 0 frequent (0.0% pass rate, min_count=769)
2026-09-02 07:01:31.963 | DEBUG    | et_miner.gpu.row_split_chunks:run_chunked_dense_level:267 -     K=5 chunk 30/86: candidates [1,424,571, 1,424,647) (legacy sub-chunk)
2026-09-02 07:01:31.967 | INFO     | et_miner.gpu.row_split_chunks:run_chunked_dense_level:285 -   K=5 chunk 30/86 filtering: 76 candidates → 0 frequent (0.0% pass rate, min_count=769)
2026-09-02 07:01:31.968 | DEBUG    | et_miner.gpu.row_split_chunks:run_chunked_dense_level:267 -     K=5 chunk 31/86: candidates [1,424,647, 1,431,307)
2026-09-02 07:01:32.060 | INFO     | et_miner.gpu.row_split_chunks:run_chunked_dense_level:285 -   K=5 chunk 31/86 filtering: 6,660 candidates → 0 frequent (0.0% pass rate, min_count=769)
2026-09-02 07:01:32.061 | DEBUG    | et_miner.gpu.row_split_chunks:run_chunked_dense_level:267 -     K=5 chunk 32/86: candidates [1,431,307, 1,431,389) (legacy sub-chunk)
2026-09-02 07:01:32.065 | INFO     | et_miner.gpu.row_split_chunks:run_chunked_dense_level:285 -   K=5 chunk 32/86 filtering: 82 candidates → 0 frequent (0.0% pass rate, min_count=769)
2026-09-02 07:01:32.065 | DEBUG    | et_miner.gpu.row_split_chunks:run_chunked_dense_level:267 -     K=5 chunk 33/86: candidates [1,431,389, 1,434,878)
2026-09-02 07:01:32.142 | INFO     | et_miner.gpu.row_split_chunks:run_chunked_dense_level:285 -   K=5 chunk 33/86 filtering: 3,489 candidates → 0 frequent (0.0% pass rate, min_count=769)
2026-09-02 07:01:32.142 | DEBUG    | et_miner.gpu.row_split_chunks:run_chunked_dense_level:267 -     K=5 chunk 34/86: candidates [1,434,878, 1,435,010) (legacy sub-chunk)
2026-09-02 07:01:32.146 | INFO     | et_miner.gpu.row_split_chunks:run_chunked_dense_level:285 -   K=5 chunk 34/86 filtering: 132 candidates → 0 frequent (0.0% pass rate, min_count=769)
2026-09-02 07:01:32.146 | DEBUG    | et_miner.gpu.row_split_chunks:run_chunked_dense_level:267 -     K=5 chunk 35/86: candidates [1,435,010, 1,436,024)
2026-09-02 07:01:32.231 | INFO     | et_miner.gpu.row_split_chunks:run_chunked_dense_level:285 -   K=5 chunk 35/86 filtering: 1,014 candidates → 0 frequent (0.0% pass rate, min_count=769)
2026-09-02 07:01:32.231 | DEBUG    | et_miner.gpu.row_split_chunks:run_chunked_dense_level:267 -     K=5 chunk 36/86: candidates [1,436,024, 1,436,120) (legacy sub-chunk)
2026-09-02 07:01:32.236 | INFO     | et_miner.gpu.row_split_chunks:run_chunked_dense_level:285 -   K=5 chunk 36/86 filtering: 96 candidates → 0 frequent (0.0% pass rate, min_count=769)
2026-09-02 07:01:32.236 | DEBUG    | et_miner.gpu.row_split_chunks:run_chunked_dense_level:267 -     K=5 chunk 37/86: candidates [1,436,120, 1,436,355)
2026-09-02 07:01:32.293 | INFO     | et_miner.gpu.row_split_chunks:run_chunked_dense_level:285 -   K=5 chunk 37/86 filtering: 235 candidates → 0 frequent (0.0% pass rate, min_count=769)
2026-09-02 07:01:32.293 | DEBUG    | et_miner.gpu.row_split_chunks:run_chunked_dense_level:267 -     K=5 chunk 38/86: candidates [1,436,355, 1,436,504) (legacy sub-chunk)
2026-09-02 07:01:32.297 | INFO     | et_miner.gpu.row_split_chunks:run_chunked_dense_level:285 -   K=5 chunk 38/86 filtering: 149 candidates → 0 frequent (0.0% pass rate, min_count=769)
2026-09-02 07:01:32.297 | DEBUG    | et_miner.gpu.row_split_chunks:run_chunked_dense_level:267 -     K=5 chunk 39/86: candidates [1,436,504, 1,437,730)
2026-09-02 07:01:32.366 | INFO     | et_miner.gpu.row_split_chunks:run_chunked_dense_level:285 -   K=5 chunk 39/86 filtering: 1,226 candidates → 0 frequent (0.0% pass rate, min_count=769)
2026-09-02 07:01:32.366 | DEBUG    | et_miner.gpu.row_split_chunks:run_chunked_dense_level:267 -     K=5 chunk 40/86: candidates [1,437,730, 1,437,821) (legacy sub-chunk)
2026-09-02 07:01:32.370 | INFO     | et_miner.gpu.row_split_chunks:run_chunked_dense_level:285 -   K=5 chunk 40/86 filtering: 91 candidates → 0 frequent (0.0% pass rate, min_count=769)
2026-09-02 07:01:32.371 | DEBUG    | et_miner.gpu.row_split_chunks:run_chunked_dense_level:267 -     K=5 chunk 41/86: candidates [1,437,821, 1,438,843)
2026-09-02 07:01:32.444 | INFO     | et_miner.gpu.row_split_chunks:run_chunked_dense_level:285 -   K=5 chunk 41/86 filtering: 1,022 candidates → 0 frequent (0.0% pass rate, min_count=769)
2026-09-02 07:01:32.444 | DEBUG    | et_miner.gpu.row_split_chunks:run_chunked_dense_level:267 -     K=5 chunk 42/86: candidates [1,438,843, 1,438,886) (legacy sub-chunk)
2026-09-02 07:01:32.448 | INFO     | et_miner.gpu.row_split_chunks:run_chunked_dense_level:285 -   K=5 chunk 42/86 filtering: 43 candidates → 0 frequent (0.0% pass rate, min_count=769)
2026-09-02 07:01:32.448 | DEBUG    | et_miner.gpu.row_split_chunks:run_chunked_dense_level:267 -     K=5 chunk 43/86: candidates [1,438,886, 1,439,057)
2026-09-02 07:01:32.503 | INFO     | et_miner.gpu.row_split_chunks:run_chunked_dense_level:285 -   K=5 chunk 43/86 filtering: 171 candidates → 0 frequent (0.0% pass rate, min_count=769)
2026-09-02 07:01:32.503 | DEBUG    | et_miner.gpu.row_split_chunks:run_chunked_dense_level:267 -     K=5 chunk 44/86: candidates [1,439,057, 1,439,145) (legacy sub-chunk)
2026-09-02 07:01:32.507 | INFO     | et_miner.gpu.row_split_chunks:run_chunked_dense_level:285 -   K=5 chunk 44/86 filtering: 88 candidates → 0 frequent (0.0% pass rate, min_count=769)
2026-09-02 07:01:32.507 | DEBUG    | et_miner.gpu.row_split_chunks:run_chunked_dense_level:267 -     K=5 chunk 45/86: candidates [1,439,145, 1,439,316)
2026-09-02 07:01:32.561 | INFO     | et_miner.gpu.row_split_chunks:run_chunked_dense_level:285 -   K=5 chunk 45/86 filtering: 171 candidates → 0 frequent (0.0% pass rate, min_count=769)
2026-09-02 07:01:32.562 | DEBUG    | et_miner.gpu.row_split_chunks:run_chunked_dense_level:267 -     K=5 chunk 46/86: candidates [1,439,316, 1,439,396) (legacy sub-chunk)
2026-09-02 07:01:32.565 | INFO     | et_miner.gpu.row_split_chunks:run_chunked_dense_level:285 -   K=5 chunk 46/86 filtering: 80 candidates → 0 frequent (0.0% pass rate, min_count=769)
2026-09-02 07:01:32.566 | DEBUG    | et_miner.gpu.row_split_chunks:run_chunked_dense_level:267 -     K=5 chunk 47/86: candidates [1,439,396, 1,439,462)
2026-09-02 07:01:32.623 | INFO     | et_miner.gpu.row_split_chunks:run_chunked_dense_level:285 -   K=5 chunk 47/86 filtering: 66 candidates → 0 frequent (0.0% pass rate, min_count=769)
2026-09-02 07:01:32.623 | DEBUG    | et_miner.gpu.row_split_chunks:run_chunked_dense_level:267 -     K=5 chunk 48/86: candidates [1,439,462, 1,440,164) (legacy sub-chunk)
2026-09-02 07:01:32.629 | INFO     | et_miner.gpu.row_split_chunks:run_chunked_dense_level:285 -   K=5 chunk 48/86 filtering: 702 candidates → 0 frequent (0.0% pass rate, min_count=769)
2026-09-02 07:01:32.629 | DEBUG    | et_miner.gpu.row_split_chunks:run_chunked_dense_level:267 -     K=5 chunk 49/86: candidates [1,440,164, 1,515,048)
2026-09-02 07:01:32.743 | INFO     | et_miner.gpu.row_split_chunks:run_chunked_dense_level:285 -   K=5 chunk 49/86 filtering: 74,884 candidates → 86 frequent (0.1% pass rate, min_count=769)
2026-09-02 07:01:32.743 | DEBUG    | et_miner.gpu.row_split_chunks:run_chunked_dense_level:267 -     K=5 chunk 50/86: candidates [1,515,048, 1,515,220) (legacy sub-chunk)
2026-09-02 07:01:32.747 | INFO     | et_miner.gpu.row_split_chunks:run_chunked_dense_level:285 -   K=5 chunk 50/86 filtering: 172 candidates → 0 frequent (0.0% pass rate, min_count=769)
2026-09-02 07:01:32.747 | DEBUG    | et_miner.gpu.row_split_chunks:run_chunked_dense_level:267 -     K=5 chunk 51/86: candidates [1,515,220, 1,560,785)
2026-09-02 07:01:32.846 | INFO     | et_miner.gpu.row_split_chunks:run_chunked_dense_level:285 -   K=5 chunk 51/86 filtering: 45,565 candidates → 33 frequent (0.1% pass rate, min_count=769)
2026-09-02 07:01:32.846 | DEBUG    | et_miner.gpu.row_split_chunks:run_chunked_dense_level:267 -     K=5 chunk 52/86: candidates [1,560,785, 1,560,917) (legacy sub-chunk)
2026-09-02 07:01:32.850 | INFO     | et_miner.gpu.row_split_chunks:run_chunked_dense_level:285 -   K=5 chunk 52/86 filtering: 132 candidates → 0 frequent (0.0% pass rate, min_count=769)
2026-09-02 07:01:32.850 | DEBUG    | et_miner.gpu.row_split_chunks:run_chunked_dense_level:267 -     K=5 chunk 53/86: candidates [1,560,917, 1,590,911)
2026-09-02 07:01:32.957 | INFO     | et_miner.gpu.row_split_chunks:run_chunked_dense_level:285 -   K=5 chunk 53/86 filtering: 29,994 candidates → 10 frequent (0.0% pass rate, min_count=769)
2026-09-02 07:01:32.958 | DEBUG    | et_miner.gpu.row_split_chunks:run_chunked_dense_level:267 -     K=5 chunk 54/86: candidates [1,590,911, 1,591,003) (legacy sub-chunk)
2026-09-02 07:01:32.961 | INFO     | et_miner.gpu.row_split_chunks:run_chunked_dense_level:285 -   K=5 chunk 54/86 filtering: 92 candidates → 0 frequent (0.0% pass rate, min_count=769)
2026-09-02 07:01:32.962 | DEBUG    | et_miner.gpu.row_split_chunks:run_chunked_dense_level:267 -     K=5 chunk 55/86: candidates [1,591,003, 1,610,664)
2026-09-02 07:01:33.068 | INFO     | et_miner.gpu.row_split_chunks:run_chunked_dense_level:285 -   K=5 chunk 55/86 filtering: 19,661 candidates → 1 frequent (0.0% pass rate, min_count=769)
2026-09-02 07:01:33.069 | DEBUG    | et_miner.gpu.row_split_chunks:run_chunked_dense_level:267 -     K=5 chunk 56/86: candidates [1,610,664, 1,610,821) (legacy sub-chunk)
2026-09-02 07:01:33.072 | INFO     | et_miner.gpu.row_split_chunks:run_chunked_dense_level:285 -   K=5 chunk 56/86 filtering: 157 candidates → 0 frequent (0.0% pass rate, min_count=769)
2026-09-02 07:01:33.073 | DEBUG    | et_miner.gpu.row_split_chunks:run_chunked_dense_level:267 -     K=5 chunk 57/86: candidates [1,610,821, 1,618,184)
2026-09-02 07:01:33.168 | INFO     | et_miner.gpu.row_split_chunks:run_chunked_dense_level:285 -   K=5 chunk 57/86 filtering: 7,363 candidates → 0 frequent (0.0% pass rate, min_count=769)
2026-09-02 07:01:33.169 | DEBUG    | et_miner.gpu.row_split_chunks:run_chunked_dense_level:267 -     K=5 chunk 58/86: candidates [1,618,184, 1,618,281) (legacy sub-chunk)
2026-09-02 07:01:33.173 | INFO     | et_miner.gpu.row_split_chunks:run_chunked_dense_level:285 -   K=5 chunk 58/86 filtering: 97 candidates → 0 frequent (0.0% pass rate, min_count=769)
2026-09-02 07:01:33.173 | DEBUG    | et_miner.gpu.row_split_chunks:run_chunked_dense_level:267 -     K=5 chunk 59/86: candidates [1,618,281, 1,621,389)
2026-09-02 07:01:33.265 | INFO     | et_miner.gpu.row_split_chunks:run_chunked_dense_level:285 -   K=5 chunk 59/86 filtering: 3,108 candidates → 0 frequent (0.0% pass rate, min_count=769)
2026-09-02 07:01:33.265 | DEBUG    | et_miner.gpu.row_split_chunks:run_chunked_dense_level:267 -     K=5 chunk 60/86: candidates [1,621,389, 1,621,491) (legacy sub-chunk)
2026-09-02 07:01:33.269 | INFO     | et_miner.gpu.row_split_chunks:run_chunked_dense_level:285 -   K=5 chunk 60/86 filtering: 102 candidates → 0 frequent (0.0% pass rate, min_count=769)
2026-09-02 07:01:33.270 | DEBUG    | et_miner.gpu.row_split_chunks:run_chunked_dense_level:267 -     K=5 chunk 61/86: candidates [1,621,491, 1,622,732)
2026-09-02 07:01:33.342 | INFO     | et_miner.gpu.row_split_chunks:run_chunked_dense_level:285 -   K=5 chunk 61/86 filtering: 1,241 candidates → 0 frequent (0.0% pass rate, min_count=769)
2026-09-02 07:01:33.342 | DEBUG    | et_miner.gpu.row_split_chunks:run_chunked_dense_level:267 -     K=5 chunk 62/86: candidates [1,622,732, 1,622,883) (legacy sub-chunk)
2026-09-02 07:01:33.346 | INFO     | et_miner.gpu.row_split_chunks:run_chunked_dense_level:285 -   K=5 chunk 62/86 filtering: 151 candidates → 0 frequent (0.0% pass rate, min_count=769)
2026-09-02 07:01:33.346 | DEBUG    | et_miner.gpu.row_split_chunks:run_chunked_dense_level:267 -     K=5 chunk 63/86: candidates [1,622,883, 1,623,230)
2026-09-02 07:01:33.414 | INFO     | et_miner.gpu.row_split_chunks:run_chunked_dense_level:285 -   K=5 chunk 63/86 filtering: 347 candidates → 0 frequent (0.0% pass rate, min_count=769)
2026-09-02 07:01:33.414 | DEBUG    | et_miner.gpu.row_split_chunks:run_chunked_dense_level:267 -     K=5 chunk 64/86: candidates [1,623,230, 1,623,534) (legacy sub-chunk)
2026-09-02 07:01:33.418 | INFO     | et_miner.gpu.row_split_chunks:run_chunked_dense_level:285 -   K=5 chunk 64/86 filtering: 304 candidates → 0 frequent (0.0% pass rate, min_count=769)
2026-09-02 07:01:33.419 | DEBUG    | et_miner.gpu.row_split_chunks:run_chunked_dense_level:267 -     K=5 chunk 65/86: candidates [1,623,534, 1,628,027)
2026-09-02 07:01:33.505 | INFO     | et_miner.gpu.row_split_chunks:run_chunked_dense_level:285 -   K=5 chunk 65/86 filtering: 4,493 candidates → 1 frequent (0.0% pass rate, min_count=769)
2026-09-02 07:01:33.505 | DEBUG    | et_miner.gpu.row_split_chunks:run_chunked_dense_level:267 -     K=5 chunk 66/86: candidates [1,628,027, 1,628,058) (legacy sub-chunk)
2026-09-02 07:01:33.509 | INFO     | et_miner.gpu.row_split_chunks:run_chunked_dense_level:285 -   K=5 chunk 66/86 filtering: 31 candidates → 0 frequent (0.0% pass rate, min_count=769)
2026-09-02 07:01:33.509 | DEBUG    | et_miner.gpu.row_split_chunks:run_chunked_dense_level:267 -     K=5 chunk 67/86: candidates [1,628,058, 1,630,617)
2026-09-02 07:01:33.593 | INFO     | et_miner.gpu.row_split_chunks:run_chunked_dense_level:285 -   K=5 chunk 67/86 filtering: 2,559 candidates → 0 frequent (0.0% pass rate, min_count=769)
2026-09-02 07:01:33.593 | DEBUG    | et_miner.gpu.row_split_chunks:run_chunked_dense_level:267 -     K=5 chunk 68/86: candidates [1,630,617, 1,630,636) (legacy sub-chunk)
2026-09-02 07:01:33.597 | INFO     | et_miner.gpu.row_split_chunks:run_chunked_dense_level:285 -   K=5 chunk 68/86 filtering: 19 candidates → 0 frequent (0.0% pass rate, min_count=769)
2026-09-02 07:01:33.597 | DEBUG    | et_miner.gpu.row_split_chunks:run_chunked_dense_level:267 -     K=5 chunk 69/86: candidates [1,630,636, 1,631,980)
2026-09-02 07:01:33.680 | INFO     | et_miner.gpu.row_split_chunks:run_chunked_dense_level:285 -   K=5 chunk 69/86 filtering: 1,344 candidates → 0 frequent (0.0% pass rate, min_count=769)
2026-09-02 07:01:33.680 | DEBUG    | et_miner.gpu.row_split_chunks:run_chunked_dense_level:267 -     K=5 chunk 70/86: candidates [1,631,980, 1,631,999) (legacy sub-chunk)
2026-09-02 07:01:33.684 | INFO     | et_miner.gpu.row_split_chunks:run_chunked_dense_level:285 -   K=5 chunk 70/86 filtering: 19 candidates → 0 frequent (0.0% pass rate, min_count=769)
2026-09-02 07:01:33.684 | DEBUG    | et_miner.gpu.row_split_chunks:run_chunked_dense_level:267 -     K=5 chunk 71/86: candidates [1,631,999, 1,632,396)
2026-09-02 07:01:33.743 | INFO     | et_miner.gpu.row_split_chunks:run_chunked_dense_level:285 -   K=5 chunk 71/86 filtering: 397 candidates → 0 frequent (0.0% pass rate, min_count=769)
2026-09-02 07:01:33.744 | DEBUG    | et_miner.gpu.row_split_chunks:run_chunked_dense_level:267 -     K=5 chunk 72/86: candidates [1,632,396, 1,632,424) (legacy sub-chunk)
2026-09-02 07:01:33.748 | INFO     | et_miner.gpu.row_split_chunks:run_chunked_dense_level:285 -   K=5 chunk 72/86 filtering: 28 candidates → 0 frequent (0.0% pass rate, min_count=769)
2026-09-02 07:01:33.748 | DEBUG    | et_miner.gpu.row_split_chunks:run_chunked_dense_level:267 -     K=5 chunk 73/86: candidates [1,632,424, 1,632,490)
2026-09-02 07:01:33.808 | INFO     | et_miner.gpu.row_split_chunks:run_chunked_dense_level:285 -   K=5 chunk 73/86 filtering: 66 candidates → 0 frequent (0.0% pass rate, min_count=769)
2026-09-02 07:01:33.808 | DEBUG    | et_miner.gpu.row_split_chunks:run_chunked_dense_level:267 -     K=5 chunk 74/86: candidates [1,632,490, 1,632,553) (legacy sub-chunk)
2026-09-02 07:01:33.812 | INFO     | et_miner.gpu.row_split_chunks:run_chunked_dense_level:285 -   K=5 chunk 74/86 filtering: 63 candidates → 0 frequent (0.0% pass rate, min_count=769)
2026-09-02 07:01:33.812 | DEBUG    | et_miner.gpu.row_split_chunks:run_chunked_dense_level:267 -     K=5 chunk 75/86: candidates [1,632,553, 1,634,271)
2026-09-02 07:01:33.887 | INFO     | et_miner.gpu.row_split_chunks:run_chunked_dense_level:285 -   K=5 chunk 75/86 filtering: 1,718 candidates → 0 frequent (0.0% pass rate, min_count=769)
2026-09-02 07:01:33.887 | DEBUG    | et_miner.gpu.row_split_chunks:run_chunked_dense_level:267 -     K=5 chunk 76/86: candidates [1,634,271, 1,634,320) (legacy sub-chunk)
2026-09-02 07:01:33.891 | INFO     | et_miner.gpu.row_split_chunks:run_chunked_dense_level:285 -   K=5 chunk 76/86 filtering: 49 candidates → 0 frequent (0.0% pass rate, min_count=769)
2026-09-02 07:01:33.891 | DEBUG    | et_miner.gpu.row_split_chunks:run_chunked_dense_level:267 -     K=5 chunk 77/86: candidates [1,634,320, 1,635,193)
2026-09-02 07:01:33.967 | INFO     | et_miner.gpu.row_split_chunks:run_chunked_dense_level:285 -   K=5 chunk 77/86 filtering: 873 candidates → 0 frequent (0.0% pass rate, min_count=769)
2026-09-02 07:01:33.967 | DEBUG    | et_miner.gpu.row_split_chunks:run_chunked_dense_level:267 -     K=5 chunk 78/86: candidates [1,635,193, 1,635,232) (legacy sub-chunk)
2026-09-02 07:01:33.971 | INFO     | et_miner.gpu.row_split_chunks:run_chunked_dense_level:285 -   K=5 chunk 78/86 filtering: 39 candidates → 0 frequent (0.0% pass rate, min_count=769)
2026-09-02 07:01:33.971 | DEBUG    | et_miner.gpu.row_split_chunks:run_chunked_dense_level:267 -     K=5 chunk 79/86: candidates [1,635,232, 1,635,521)
2026-09-02 07:01:34.032 | INFO     | et_miner.gpu.row_split_chunks:run_chunked_dense_level:285 -   K=5 chunk 79/86 filtering: 289 candidates → 0 frequent (0.0% pass rate, min_count=769)
2026-09-02 07:01:34.032 | DEBUG    | et_miner.gpu.row_split_chunks:run_chunked_dense_level:267 -     K=5 chunk 80/86: candidates [1,635,521, 1,635,651) (legacy sub-chunk)
2026-09-02 07:01:34.036 | INFO     | et_miner.gpu.row_split_chunks:run_chunked_dense_level:285 -   K=5 chunk 80/86 filtering: 130 candidates → 0 frequent (0.0% pass rate, min_count=769)
2026-09-02 07:01:34.037 | DEBUG    | et_miner.gpu.row_split_chunks:run_chunked_dense_level:267 -     K=5 chunk 81/86: candidates [1,635,651, 1,636,448)
2026-09-02 07:01:34.112 | INFO     | et_miner.gpu.row_split_chunks:run_chunked_dense_level:285 -   K=5 chunk 81/86 filtering: 797 candidates → 0 frequent (0.0% pass rate, min_count=769)
2026-09-02 07:01:34.112 | DEBUG    | et_miner.gpu.row_split_chunks:run_chunked_dense_level:267 -     K=5 chunk 82/86: candidates [1,636,448, 1,636,476) (legacy sub-chunk)
2026-09-02 07:01:34.116 | INFO     | et_miner.gpu.row_split_chunks:run_chunked_dense_level:285 -   K=5 chunk 82/86 filtering: 28 candidates → 0 frequent (0.0% pass rate, min_count=769)
2026-09-02 07:01:34.116 | DEBUG    | et_miner.gpu.row_split_chunks:run_chunked_dense_level:267 -     K=5 chunk 83/86: candidates [1,636,476, 1,636,720)
2026-09-02 07:01:34.176 | INFO     | et_miner.gpu.row_split_chunks:run_chunked_dense_level:285 -   K=5 chunk 83/86 filtering: 244 candidates → 0 frequent (0.0% pass rate, min_count=769)
2026-09-02 07:01:34.177 | DEBUG    | et_miner.gpu.row_split_chunks:run_chunked_dense_level:267 -     K=5 chunk 84/86: candidates [1,636,720, 1,636,814) (legacy sub-chunk)
2026-09-02 07:01:34.180 | INFO     | et_miner.gpu.row_split_chunks:run_chunked_dense_level:285 -   K=5 chunk 84/86 filtering: 94 candidates → 0 frequent (0.0% pass rate, min_count=769)
2026-09-02 07:01:34.181 | DEBUG    | et_miner.gpu.row_split_chunks:run_chunked_dense_level:267 -     K=5 chunk 85/86: candidates [1,636,814, 1,637,028)
2026-09-02 07:01:34.241 | INFO     | et_miner.gpu.row_split_chunks:run_chunked_dense_level:285 -   K=5 chunk 85/86 filtering: 214 candidates → 0 frequent (0.0% pass rate, min_count=769)
2026-09-02 07:01:34.241 | DEBUG    | et_miner.gpu.row_split_chunks:run_chunked_dense_level:267 -     K=5 chunk 86/86: candidates [1,637,028, 1,637,138) (legacy sub-chunk)
2026-09-02 07:01:34.245 | INFO     | et_miner.gpu.row_split_chunks:run_chunked_dense_level:285 -   K=5 chunk 86/86 filtering: 110 candidates → 0 frequent (0.0% pass rate, min_count=769)
2026-09-02 07:01:34.246 | INFO     | et_miner.gpu.row_split:_apriori_row_split_multi_gpu:599 -   K=5: 1,989 frequent in 4.1s
2026-09-02 07:01:34.247 | DEBUG    | et_miner.gpu.row_split:_apriori_row_split_multi_gpu:631 -     Pruning: zeroed 893 dead bitvecs at K=5 (4093 MB logical × 2 GPUs)
2026-09-02 07:01:34.253 | DEBUG    | et_miner.gpu.row_split:_apriori_row_split_multi_gpu:535 -   K=6: 33,616 candidates, 30 chunk(s), group data 0.0 GB, budget 3,149,220,962 cands/chunk
2026-09-02 07:01:34.254 | DEBUG    | et_miner.gpu.row_split_chunks:run_chunked_dense_level:267 -     K=6 chunk 1/30: candidates [0, 78)
2026-09-02 07:01:34.309 | INFO     | et_miner.gpu.row_split_chunks:run_chunked_dense_level:285 -   K=6 chunk 1/30 filtering: 78 candidates → 0 frequent (0.0% pass rate, min_count=769)
2026-09-02 07:01:34.309 | DEBUG    | et_miner.gpu.row_split_chunks:run_chunked_dense_level:267 -     K=6 chunk 2/30: candidates [78, 329) (legacy sub-chunk)
2026-09-02 07:01:34.313 | INFO     | et_miner.gpu.row_split_chunks:run_chunked_dense_level:285 -   K=6 chunk 2/30 filtering: 251 candidates → 0 frequent (0.0% pass rate, min_count=769)
2026-09-02 07:01:34.313 | DEBUG    | et_miner.gpu.row_split_chunks:run_chunked_dense_level:267 -     K=6 chunk 3/30: candidates [329, 14,655)
2026-09-02 07:01:34.409 | INFO     | et_miner.gpu.row_split_chunks:run_chunked_dense_level:285 -   K=6 chunk 3/30 filtering: 14,326 candidates → 18 frequent (0.1% pass rate, min_count=769)
2026-09-02 07:01:34.409 | DEBUG    | et_miner.gpu.row_split_chunks:run_chunked_dense_level:267 -     K=6 chunk 4/30: candidates [14,655, 14,756) (legacy sub-chunk)
2026-09-02 07:01:34.414 | INFO     | et_miner.gpu.row_split_chunks:run_chunked_dense_level:285 -   K=6 chunk 4/30 filtering: 101 candidates → 0 frequent (0.0% pass rate, min_count=769)
2026-09-02 07:01:34.414 | DEBUG    | et_miner.gpu.row_split_chunks:run_chunked_dense_level:267 -     K=6 chunk 5/30: candidates [14,756, 22,904)
2026-09-02 07:01:34.509 | INFO     | et_miner.gpu.row_split_chunks:run_chunked_dense_level:285 -   K=6 chunk 5/30 filtering: 8,148 candidates → 4 frequent (0.0% pass rate, min_count=769)
2026-09-02 07:01:34.510 | DEBUG    | et_miner.gpu.row_split_chunks:run_chunked_dense_level:267 -     K=6 chunk 6/30: candidates [22,904, 23,002) (legacy sub-chunk)
2026-09-02 07:01:34.514 | INFO     | et_miner.gpu.row_split_chunks:run_chunked_dense_level:285 -   K=6 chunk 6/30 filtering: 98 candidates → 0 frequent (0.0% pass rate, min_count=769)
2026-09-02 07:01:34.515 | DEBUG    | et_miner.gpu.row_split_chunks:run_chunked_dense_level:267 -     K=6 chunk 7/30: candidates [23,002, 27,817)
2026-09-02 07:01:34.615 | INFO     | et_miner.gpu.row_split_chunks:run_chunked_dense_level:285 -   K=6 chunk 7/30 filtering: 4,815 candidates → 0 frequent (0.0% pass rate, min_count=769)
2026-09-02 07:01:34.615 | DEBUG    | et_miner.gpu.row_split_chunks:run_chunked_dense_level:267 -     K=6 chunk 8/30: candidates [27,817, 27,901) (legacy sub-chunk)
2026-09-02 07:01:34.620 | INFO     | et_miner.gpu.row_split_chunks:run_chunked_dense_level:285 -   K=6 chunk 8/30 filtering: 84 candidates → 0 frequent (0.0% pass rate, min_count=769)
2026-09-02 07:01:34.620 | DEBUG    | et_miner.gpu.row_split_chunks:run_chunked_dense_level:267 -     K=6 chunk 9/30: candidates [27,901, 30,418)
2026-09-02 07:01:34.704 | INFO     | et_miner.gpu.row_split_chunks:run_chunked_dense_level:285 -   K=6 chunk 9/30 filtering: 2,517 candidates → 0 frequent (0.0% pass rate, min_count=769)
2026-09-02 07:01:34.704 | DEBUG    | et_miner.gpu.row_split_chunks:run_chunked_dense_level:267 -     K=6 chunk 10/30: candidates [30,418, 30,521) (legacy sub-chunk)
2026-09-02 07:01:34.709 | INFO     | et_miner.gpu.row_split_chunks:run_chunked_dense_level:285 -   K=6 chunk 10/30 filtering: 103 candidates → 0 frequent (0.0% pass rate, min_count=769)
2026-09-02 07:01:34.709 | DEBUG    | et_miner.gpu.row_split_chunks:run_chunked_dense_level:267 -     K=6 chunk 11/30: candidates [30,521, 31,318)
2026-09-02 07:01:34.780 | INFO     | et_miner.gpu.row_split_chunks:run_chunked_dense_level:285 -   K=6 chunk 11/30 filtering: 797 candidates → 0 frequent (0.0% pass rate, min_count=769)
2026-09-02 07:01:34.780 | DEBUG    | et_miner.gpu.row_split_chunks:run_chunked_dense_level:267 -     K=6 chunk 12/30: candidates [31,318, 31,331) (legacy sub-chunk)
2026-09-02 07:01:34.785 | INFO     | et_miner.gpu.row_split_chunks:run_chunked_dense_level:285 -   K=6 chunk 12/30 filtering: 13 candidates → 0 frequent (0.0% pass rate, min_count=769)
2026-09-02 07:01:34.785 | DEBUG    | et_miner.gpu.row_split_chunks:run_chunked_dense_level:267 -     K=6 chunk 13/30: candidates [31,331, 31,604)
2026-09-02 07:01:34.845 | INFO     | et_miner.gpu.row_split_chunks:run_chunked_dense_level:285 -   K=6 chunk 13/30 filtering: 273 candidates → 0 frequent (0.0% pass rate, min_count=769)
2026-09-02 07:01:34.845 | DEBUG    | et_miner.gpu.row_split_chunks:run_chunked_dense_level:267 -     K=6 chunk 14/30: candidates [31,604, 31,632) (legacy sub-chunk)
2026-09-02 07:01:34.850 | INFO     | et_miner.gpu.row_split_chunks:run_chunked_dense_level:285 -   K=6 chunk 14/30 filtering: 28 candidates → 0 frequent (0.0% pass rate, min_count=769)
2026-09-02 07:01:34.850 | DEBUG    | et_miner.gpu.row_split_chunks:run_chunked_dense_level:267 -     K=6 chunk 15/30: candidates [31,632, 31,723)
2026-09-02 07:01:34.906 | INFO     | et_miner.gpu.row_split_chunks:run_chunked_dense_level:285 -   K=6 chunk 15/30 filtering: 91 candidates → 0 frequent (0.0% pass rate, min_count=769)
2026-09-02 07:01:34.907 | DEBUG    | et_miner.gpu.row_split_chunks:run_chunked_dense_level:267 -     K=6 chunk 16/30: candidates [31,723, 31,751) (legacy sub-chunk)
2026-09-02 07:01:34.911 | INFO     | et_miner.gpu.row_split_chunks:run_chunked_dense_level:285 -   K=6 chunk 16/30 filtering: 28 candidates → 0 frequent (0.0% pass rate, min_count=769)
2026-09-02 07:01:34.911 | DEBUG    | et_miner.gpu.row_split_chunks:run_chunked_dense_level:267 -     K=6 chunk 17/30: candidates [31,751, 32,283)
2026-09-02 07:01:34.972 | INFO     | et_miner.gpu.row_split_chunks:run_chunked_dense_level:285 -   K=6 chunk 17/30 filtering: 532 candidates → 0 frequent (0.0% pass rate, min_count=769)
2026-09-02 07:01:34.972 | DEBUG    | et_miner.gpu.row_split_chunks:run_chunked_dense_level:267 -     K=6 chunk 18/30: candidates [32,283, 32,348) (legacy sub-chunk)
2026-09-02 07:01:34.977 | INFO     | et_miner.gpu.row_split_chunks:run_chunked_dense_level:285 -   K=6 chunk 18/30 filtering: 65 candidates → 0 frequent (0.0% pass rate, min_count=769)
2026-09-02 07:01:34.977 | DEBUG    | et_miner.gpu.row_split_chunks:run_chunked_dense_level:267 -     K=6 chunk 19/30: candidates [32,348, 32,616)
2026-09-02 07:01:35.040 | INFO     | et_miner.gpu.row_split_chunks:run_chunked_dense_level:285 -   K=6 chunk 19/30 filtering: 268 candidates → 0 frequent (0.0% pass rate, min_count=769)
2026-09-02 07:01:35.040 | DEBUG    | et_miner.gpu.row_split_chunks:run_chunked_dense_level:267 -     K=6 chunk 20/30: candidates [32,616, 32,659) (legacy sub-chunk)
2026-09-02 07:01:35.045 | INFO     | et_miner.gpu.row_split_chunks:run_chunked_dense_level:285 -   K=6 chunk 20/30 filtering: 43 candidates → 0 frequent (0.0% pass rate, min_count=769)
2026-09-02 07:01:35.045 | DEBUG    | et_miner.gpu.row_split_chunks:run_chunked_dense_level:267 -     K=6 chunk 21/30: candidates [32,659, 32,737)
2026-09-02 07:01:35.100 | INFO     | et_miner.gpu.row_split_chunks:run_chunked_dense_level:285 -   K=6 chunk 21/30 filtering: 78 candidates → 0 frequent (0.0% pass rate, min_count=769)
2026-09-02 07:01:35.100 | DEBUG    | et_miner.gpu.row_split_chunks:run_chunked_dense_level:267 -     K=6 chunk 22/30: candidates [32,737, 32,798) (legacy sub-chunk)
2026-09-02 07:01:35.105 | INFO     | et_miner.gpu.row_split_chunks:run_chunked_dense_level:285 -   K=6 chunk 22/30 filtering: 61 candidates → 0 frequent (0.0% pass rate, min_count=769)
2026-09-02 07:01:35.105 | DEBUG    | et_miner.gpu.row_split_chunks:run_chunked_dense_level:267 -     K=6 chunk 23/30: candidates [32,798, 32,951)
2026-09-02 07:01:35.167 | INFO     | et_miner.gpu.row_split_chunks:run_chunked_dense_level:285 -   K=6 chunk 23/30 filtering: 153 candidates → 0 frequent (0.0% pass rate, min_count=769)
2026-09-02 07:01:35.167 | DEBUG    | et_miner.gpu.row_split_chunks:run_chunked_dense_level:267 -     K=6 chunk 24/30: candidates [32,951, 33,165) (legacy sub-chunk)
2026-09-02 07:01:35.171 | INFO     | et_miner.gpu.row_split_chunks:run_chunked_dense_level:285 -   K=6 chunk 24/30 filtering: 214 candidates → 0 frequent (0.0% pass rate, min_count=769)
2026-09-02 07:01:35.171 | DEBUG    | et_miner.gpu.row_split_chunks:run_chunked_dense_level:267 -     K=6 chunk 25/30: candidates [33,165, 33,347)
2026-09-02 07:01:35.225 | INFO     | et_miner.gpu.row_split_chunks:run_chunked_dense_level:285 -   K=6 chunk 25/30 filtering: 182 candidates → 0 frequent (0.0% pass rate, min_count=769)
2026-09-02 07:01:35.225 | DEBUG    | et_miner.gpu.row_split_chunks:run_chunked_dense_level:267 -     K=6 chunk 26/30: candidates [33,347, 33,390) (legacy sub-chunk)
2026-09-02 07:01:35.230 | INFO     | et_miner.gpu.row_split_chunks:run_chunked_dense_level:285 -   K=6 chunk 26/30 filtering: 43 candidates → 0 frequent (0.0% pass rate, min_count=769)
2026-09-02 07:01:35.230 | DEBUG    | et_miner.gpu.row_split_chunks:run_chunked_dense_level:267 -     K=6 chunk 27/30: candidates [33,390, 33,468)
2026-09-02 07:01:35.285 | INFO     | et_miner.gpu.row_split_chunks:run_chunked_dense_level:285 -   K=6 chunk 27/30 filtering: 78 candidates → 0 frequent (0.0% pass rate, min_count=769)
2026-09-02 07:01:35.286 | DEBUG    | et_miner.gpu.row_split_chunks:run_chunked_dense_level:267 -     K=6 chunk 28/30: candidates [33,468, 33,519) (legacy sub-chunk)
2026-09-02 07:01:35.290 | INFO     | et_miner.gpu.row_split_chunks:run_chunked_dense_level:285 -   K=6 chunk 28/30 filtering: 51 candidates → 0 frequent (0.0% pass rate, min_count=769)
2026-09-02 07:01:35.290 | DEBUG    | et_miner.gpu.row_split_chunks:run_chunked_dense_level:267 -     K=6 chunk 29/30: candidates [33,519, 33,585)
2026-09-02 07:01:35.344 | INFO     | et_miner.gpu.row_split_chunks:run_chunked_dense_level:285 -   K=6 chunk 29/30 filtering: 66 candidates → 0 frequent (0.0% pass rate, min_count=769)
2026-09-02 07:01:35.344 | DEBUG    | et_miner.gpu.row_split_chunks:run_chunked_dense_level:267 -     K=6 chunk 30/30: candidates [33,585, 33,616) (legacy sub-chunk)
2026-09-02 07:01:35.348 | INFO     | et_miner.gpu.row_split_chunks:run_chunked_dense_level:285 -   K=6 chunk 30/30 filtering: 31 candidates → 0 frequent (0.0% pass rate, min_count=769)
2026-09-02 07:01:35.349 | INFO     | et_miner.gpu.row_split:_apriori_row_split_multi_gpu:599 -   K=6: 22 frequent in 1.1s
2026-09-02 07:01:35.349 | DEBUG    | et_miner.gpu.row_split:_apriori_row_split_multi_gpu:631 -     Pruning: zeroed 87 dead bitvecs at K=6 (399 MB logical × 2 GPUs)
2026-09-02 07:01:35.350 | DEBUG    | et_miner.gpu.row_split:_apriori_row_split_multi_gpu:535 -   K=7: 27 candidates, 1 chunk(s), group data 0.0 GB, budget 3,149,223,192 cands/chunk
2026-09-02 07:01:35.356 | INFO     | et_miner.gpu.row_split_chunks:run_chunked_dense_level:285 -   K=7 chunk 1/1 filtering: 27 candidates → 0 frequent (0.0% pass rate, min_count=769)
2026-09-02 07:01:35.357 | INFO     | et_miner.gpu.row_split:_apriori_row_split_multi_gpu:599 -   K=7: 0 frequent in 0.0s
2026-09-02 07:01:35.833 | INFO     | __main__:main:523 -   171,366 itemsets, max K=6, mine=18.6s, total=20.0s
2026-09-02 07:01:35.834 | INFO     | __main__:main:473 - 
────────────────────────────────────────────────────────────
2026-09-02 07:01:35.834 | INFO     | __main__:main:474 - Null model run 4/5 (seed=6432084778622665798)
2026-09-02 07:01:35.834 | INFO     | __main__:main:475 - ────────────────────────────────────────────────────────────
2026-09-02 07:01:36.809 | INFO     | __main__:main:489 -   GPU shuffle+D2H: 1.0s
2026-09-02 07:01:36.877 | DEBUG    | et_miner.gpu.csr_bitvec:_build_shard:508 -   [GPU 0] Building bitvec: 38,445,473 rows, 158,211,114 nnz, ~4.8 GB (rows-balanced)
2026-09-02 07:01:36.879 | DEBUG    | et_miner.gpu.csr_bitvec:_build_shard:508 -   [GPU 1] Building bitvec: 38,445,472 rows, 158,209,979 nnz, ~4.8 GB (rows-balanced)
2026-09-02 07:01:37.250 | INFO     | __main__:main:497 -   Bitvec build: 0.4s
2026-09-02 07:01:37.251 | INFO     | et_miner.gpu.row_split:_apriori_row_split_multi_gpu:127 -   Row-split multi-GPU: 2 GPUs, min_count=769 (GPU-resident dense counting)
2026-09-02 07:01:37.251 | INFO     | et_miner.gpu.row_split:_apriori_row_split_multi_gpu:139 -   Pre-built bitvecs: 2 GPUs
2026-09-02 07:01:37.273 | INFO     | et_miner.gpu.row_split:_apriori_row_split_multi_gpu:170 -   NCCL: 2 communicators (ring all-reduce)
2026-09-02 07:01:37.292 | INFO     | et_miner.gpu.row_split:_apriori_row_split_multi_gpu:318 -   K=1: 1,002 frequent items in 0.0s
2026-09-02 07:01:37.315 | INFO     | et_miner.gpu.row_split:_apriori_row_split_multi_gpu:453 -   K=2: 501,501 total pairs, 1 chunk(s), dense output 0.00 GB/GPU per chunk
2026-09-02 07:01:37.808 | INFO     | et_miner.gpu.row_split_chunks:run_chunked_dense_level:285 -   K=2 chunk 1/1 filtering: 501,501 candidates → 63,692 frequent (12.7% pass rate, min_count=769)
2026-09-02 07:01:37.811 | INFO     | et_miner.gpu.row_split:_apriori_row_split_multi_gpu:599 -   K=2: 63,692 frequent in 0.5s
2026-09-02 07:01:37.831 | DEBUG    | et_miner.gpu.row_split:_apriori_row_split_multi_gpu:535 -   K=3: 9,755,867 candidates, 2 chunk(s), group data 0.0 GB, budget 3,149,177,821 cands/chunk
2026-09-02 07:01:37.833 | DEBUG    | et_miner.gpu.row_split_chunks:run_chunked_dense_level:267 -     K=3 chunk 1/2: candidates [0, 9,755,782)
2026-09-02 07:01:42.329 | INFO     | et_miner.gpu.row_split_chunks:run_chunked_dense_level:285 -   K=3 chunk 1/2 filtering: 9,755,782 candidates → 79,101 frequent (0.8% pass rate, min_count=769)
2026-09-02 07:01:42.329 | DEBUG    | et_miner.gpu.row_split_chunks:run_chunked_dense_level:267 -     K=3 chunk 2/2: candidates [9,755,782, 9,755,867) (legacy sub-chunk)
2026-09-02 07:01:42.333 | INFO     | et_miner.gpu.row_split_chunks:run_chunked_dense_level:285 -   K=3 chunk 2/2 filtering: 85 candidates → 0 frequent (0.0% pass rate, min_count=769)
2026-09-02 07:01:42.339 | INFO     | et_miner.gpu.row_split:_apriori_row_split_multi_gpu:599 -   K=3: 79,101 frequent in 4.5s
2026-09-02 07:01:42.349 | DEBUG    | et_miner.gpu.row_split:_apriori_row_split_multi_gpu:535 -   K=4: 8,322,045 candidates, 122 chunk(s), group data 0.0 GB, budget 3,149,157,997 cands/chunk
2026-09-02 07:01:42.351 | DEBUG    | et_miner.gpu.row_split_chunks:run_chunked_dense_level:267 -     K=4 chunk 1/122: candidates [0, 980,594)
2026-09-02 07:01:42.912 | INFO     | et_miner.gpu.row_split_chunks:run_chunked_dense_level:285 -   K=4 chunk 1/122 filtering: 980,594 candidates → 11,875 frequent (1.2% pass rate, min_count=769)
2026-09-02 07:01:42.913 | DEBUG    | et_miner.gpu.row_split_chunks:run_chunked_dense_level:267 -     K=4 chunk 2/122: candidates [980,594, 980,704) (legacy sub-chunk)
2026-09-02 07:01:42.916 | INFO     | et_miner.gpu.row_split_chunks:run_chunked_dense_level:285 -   K=4 chunk 2/122 filtering: 110 candidates → 0 frequent (0.0% pass rate, min_count=769)
2026-09-02 07:01:42.916 | DEBUG    | et_miner.gpu.row_split_chunks:run_chunked_dense_level:267 -     K=4 chunk 3/122: candidates [980,704, 980,860)
2026-09-02 07:01:42.971 | INFO     | et_miner.gpu.row_split_chunks:run_chunked_dense_level:285 -   K=4 chunk 3/122 filtering: 156 candidates → 0 frequent (0.0% pass rate, min_count=769)
2026-09-02 07:01:42.971 | DEBUG    | et_miner.gpu.row_split_chunks:run_chunked_dense_level:267 -     K=4 chunk 4/122: candidates [980,860, 980,915) (legacy sub-chunk)
2026-09-02 07:01:42.975 | INFO     | et_miner.gpu.row_split_chunks:run_chunked_dense_level:285 -   K=4 chunk 4/122 filtering: 55 candidates → 0 frequent (0.0% pass rate, min_count=769)
2026-09-02 07:01:42.975 | DEBUG    | et_miner.gpu.row_split_chunks:run_chunked_dense_level:267 -     K=4 chunk 5/122: candidates [980,915, 981,047)
2026-09-02 07:01:43.029 | INFO     | et_miner.gpu.row_split_chunks:run_chunked_dense_level:285 -   K=4 chunk 5/122 filtering: 132 candidates → 0 frequent (0.0% pass rate, min_count=769)
2026-09-02 07:01:43.029 | DEBUG    | et_miner.gpu.row_split_chunks:run_chunked_dense_level:267 -     K=4 chunk 6/122: candidates [981,047, 981,102) (legacy sub-chunk)
2026-09-02 07:01:43.033 | INFO     | et_miner.gpu.row_split_chunks:run_chunked_dense_level:285 -   K=4 chunk 6/122 filtering: 55 candidates → 0 frequent (0.0% pass rate, min_count=769)
2026-09-02 07:01:43.033 | DEBUG    | et_miner.gpu.row_split_chunks:run_chunked_dense_level:267 -     K=4 chunk 7/122: candidates [981,102, 981,246)
2026-09-02 07:01:43.087 | INFO     | et_miner.gpu.row_split_chunks:run_chunked_dense_level:285 -   K=4 chunk 7/122 filtering: 144 candidates → 0 frequent (0.0% pass rate, min_count=769)
2026-09-02 07:01:43.087 | DEBUG    | et_miner.gpu.row_split_chunks:run_chunked_dense_level:267 -     K=4 chunk 8/122: candidates [981,246, 981,391) (legacy sub-chunk)
2026-09-02 07:01:43.090 | INFO     | et_miner.gpu.row_split_chunks:run_chunked_dense_level:285 -   K=4 chunk 8/122 filtering: 145 candidates → 0 frequent (0.0% pass rate, min_count=769)
2026-09-02 07:01:43.091 | DEBUG    | et_miner.gpu.row_split_chunks:run_chunked_dense_level:267 -     K=4 chunk 9/122: candidates [981,391, 981,535)
2026-09-02 07:01:43.144 | INFO     | et_miner.gpu.row_split_chunks:run_chunked_dense_level:285 -   K=4 chunk 9/122 filtering: 144 candidates → 0 frequent (0.0% pass rate, min_count=769)
2026-09-02 07:01:43.145 | DEBUG    | et_miner.gpu.row_split_chunks:run_chunked_dense_level:267 -     K=4 chunk 10/122: candidates [981,535, 981,590) (legacy sub-chunk)
2026-09-02 07:01:43.148 | INFO     | et_miner.gpu.row_split_chunks:run_chunked_dense_level:285 -   K=4 chunk 10/122 filtering: 55 candidates → 0 frequent (0.0% pass rate, min_count=769)
2026-09-02 07:01:43.149 | DEBUG    | et_miner.gpu.row_split_chunks:run_chunked_dense_level:267 -     K=4 chunk 11/122: candidates [981,590, 981,656)
2026-09-02 07:01:43.205 | INFO     | et_miner.gpu.row_split_chunks:run_chunked_dense_level:285 -   K=4 chunk 11/122 filtering: 66 candidates → 0 frequent (0.0% pass rate, min_count=769)
2026-09-02 07:01:43.205 | DEBUG    | et_miner.gpu.row_split_chunks:run_chunked_dense_level:267 -     K=4 chunk 12/122: candidates [981,656, 982,072) (legacy sub-chunk)
2026-09-02 07:01:43.208 | INFO     | et_miner.gpu.row_split_chunks:run_chunked_dense_level:285 -   K=4 chunk 12/122 filtering: 416 candidates → 0 frequent (0.0% pass rate, min_count=769)
2026-09-02 07:01:43.209 | DEBUG    | et_miner.gpu.row_split_chunks:run_chunked_dense_level:267 -     K=4 chunk 13/122: candidates [982,072, 982,138)
2026-09-02 07:01:43.265 | INFO     | et_miner.gpu.row_split_chunks:run_chunked_dense_level:285 -   K=4 chunk 13/122 filtering: 66 candidates → 0 frequent (0.0% pass rate, min_count=769)
2026-09-02 07:01:43.265 | DEBUG    | et_miner.gpu.row_split_chunks:run_chunked_dense_level:267 -     K=4 chunk 14/122: candidates [982,138, 988,690) (legacy sub-chunk)
2026-09-02 07:01:43.293 | INFO     | et_miner.gpu.row_split_chunks:run_chunked_dense_level:285 -   K=4 chunk 14/122 filtering: 6,552 candidates → 0 frequent (0.0% pass rate, min_count=769)
2026-09-02 07:01:43.293 | DEBUG    | et_miner.gpu.row_split_chunks:run_chunked_dense_level:267 -     K=4 chunk 15/122: candidates [988,690, 3,911,952)
2026-09-02 07:01:44.608 | INFO     | et_miner.gpu.row_split_chunks:run_chunked_dense_level:285 -   K=4 chunk 15/122 filtering: 2,923,262 candidates → 6,967 frequent (0.2% pass rate, min_count=769)
2026-09-02 07:01:44.609 | DEBUG    | et_miner.gpu.row_split_chunks:run_chunked_dense_level:267 -     K=4 chunk 16/122: candidates [3,911,952, 3,912,068) (legacy sub-chunk)
2026-09-02 07:01:44.612 | INFO     | et_miner.gpu.row_split_chunks:run_chunked_dense_level:285 -   K=4 chunk 16/122 filtering: 116 candidates → 0 frequent (0.0% pass rate, min_count=769)
2026-09-02 07:01:44.613 | DEBUG    | et_miner.gpu.row_split_chunks:run_chunked_dense_level:267 -     K=4 chunk 17/122: candidates [3,912,068, 4,145,965)
2026-09-02 07:01:44.819 | INFO     | et_miner.gpu.row_split_chunks:run_chunked_dense_level:285 -   K=4 chunk 17/122 filtering: 233,897 candidates → 811 frequent (0.3% pass rate, min_count=769)
2026-09-02 07:01:44.820 | DEBUG    | et_miner.gpu.row_split_chunks:run_chunked_dense_level:267 -     K=4 chunk 18/122: candidates [4,145,965, 4,146,065) (legacy sub-chunk)
2026-09-02 07:01:44.823 | INFO     | et_miner.gpu.row_split_chunks:run_chunked_dense_level:285 -   K=4 chunk 18/122 filtering: 100 candidates → 0 frequent (0.0% pass rate, min_count=769)
2026-09-02 07:01:44.823 | DEBUG    | et_miner.gpu.row_split_chunks:run_chunked_dense_level:267 -     K=4 chunk 19/122: candidates [4,146,065, 4,146,131)
2026-09-02 07:01:44.880 | INFO     | et_miner.gpu.row_split_chunks:run_chunked_dense_level:285 -   K=4 chunk 19/122 filtering: 66 candidates → 0 frequent (0.0% pass rate, min_count=769)
2026-09-02 07:01:44.880 | DEBUG    | et_miner.gpu.row_split_chunks:run_chunked_dense_level:267 -     K=4 chunk 20/122: candidates [4,146,131, 4,146,241) (legacy sub-chunk)
2026-09-02 07:01:44.884 | INFO     | et_miner.gpu.row_split_chunks:run_chunked_dense_level:285 -   K=4 chunk 20/122 filtering: 110 candidates → 0 frequent (0.0% pass rate, min_count=769)
2026-09-02 07:01:44.884 | DEBUG    | et_miner.gpu.row_split_chunks:run_chunked_dense_level:267 -     K=4 chunk 21/122: candidates [4,146,241, 4,146,373)
2026-09-02 07:01:44.938 | INFO     | et_miner.gpu.row_split_chunks:run_chunked_dense_level:285 -   K=4 chunk 21/122 filtering: 132 candidates → 0 frequent (0.0% pass rate, min_count=769)
2026-09-02 07:01:44.938 | DEBUG    | et_miner.gpu.row_split_chunks:run_chunked_dense_level:267 -     K=4 chunk 22/122: candidates [4,146,373, 4,155,891) (legacy sub-chunk)
2026-09-02 07:01:44.977 | INFO     | et_miner.gpu.row_split_chunks:run_chunked_dense_level:285 -   K=4 chunk 22/122 filtering: 9,518 candidates → 0 frequent (0.0% pass rate, min_count=769)
2026-09-02 07:01:44.978 | DEBUG    | et_miner.gpu.row_split_chunks:run_chunked_dense_level:267 -     K=4 chunk 23/122: candidates [4,155,891, 6,298,668)
2026-09-02 07:01:45.961 | INFO     | et_miner.gpu.row_split_chunks:run_chunked_dense_level:285 -   K=4 chunk 23/122 filtering: 2,142,777 candidates → 4,529 frequent (0.2% pass rate, min_count=769)
2026-09-02 07:01:45.961 | DEBUG    | et_miner.gpu.row_split_chunks:run_chunked_dense_level:267 -     K=4 chunk 24/122: candidates [6,298,668, 6,298,867) (legacy sub-chunk)
2026-09-02 07:01:45.965 | INFO     | et_miner.gpu.row_split_chunks:run_chunked_dense_level:285 -   K=4 chunk 24/122 filtering: 199 candidates → 0 frequent (0.0% pass rate, min_count=769)
2026-09-02 07:01:45.965 | DEBUG    | et_miner.gpu.row_split_chunks:run_chunked_dense_level:267 -     K=4 chunk 25/122: candidates [6,298,867, 6,317,620)
2026-09-02 07:01:46.056 | INFO     | et_miner.gpu.row_split_chunks:run_chunked_dense_level:285 -   K=4 chunk 25/122 filtering: 18,753 candidates → 37 frequent (0.2% pass rate, min_count=769)
2026-09-02 07:01:46.056 | DEBUG    | et_miner.gpu.row_split_chunks:run_chunked_dense_level:267 -     K=4 chunk 26/122: candidates [6,317,620, 6,317,797) (legacy sub-chunk)
2026-09-02 07:01:46.060 | INFO     | et_miner.gpu.row_split_chunks:run_chunked_dense_level:285 -   K=4 chunk 26/122 filtering: 177 candidates → 0 frequent (0.0% pass rate, min_count=769)
2026-09-02 07:01:46.060 | DEBUG    | et_miner.gpu.row_split_chunks:run_chunked_dense_level:267 -     K=4 chunk 27/122: candidates [6,317,797, 6,330,896)
2026-09-02 07:01:46.154 | INFO     | et_miner.gpu.row_split_chunks:run_chunked_dense_level:285 -   K=4 chunk 27/122 filtering: 13,099 candidates → 28 frequent (0.2% pass rate, min_count=769)
2026-09-02 07:01:46.154 | DEBUG    | et_miner.gpu.row_split_chunks:run_chunked_dense_level:267 -     K=4 chunk 28/122: candidates [6,330,896, 6,331,012) (legacy sub-chunk)
2026-09-02 07:01:46.158 | INFO     | et_miner.gpu.row_split_chunks:run_chunked_dense_level:285 -   K=4 chunk 28/122 filtering: 116 candidates → 0 frequent (0.0% pass rate, min_count=769)
2026-09-02 07:01:46.158 | DEBUG    | et_miner.gpu.row_split_chunks:run_chunked_dense_level:267 -     K=4 chunk 29/122: candidates [6,331,012, 6,335,050)
2026-09-02 07:01:46.242 | INFO     | et_miner.gpu.row_split_chunks:run_chunked_dense_level:285 -   K=4 chunk 29/122 filtering: 4,038 candidates → 7 frequent (0.2% pass rate, min_count=769)
2026-09-02 07:01:46.242 | DEBUG    | et_miner.gpu.row_split_chunks:run_chunked_dense_level:267 -     K=4 chunk 30/122: candidates [6,335,050, 6,335,078) (legacy sub-chunk)
2026-09-02 07:01:46.245 | INFO     | et_miner.gpu.row_split_chunks:run_chunked_dense_level:285 -   K=4 chunk 30/122 filtering: 28 candidates → 0 frequent (0.0% pass rate, min_count=769)
2026-09-02 07:01:46.245 | DEBUG    | et_miner.gpu.row_split_chunks:run_chunked_dense_level:267 -     K=4 chunk 31/122: candidates [6,335,078, 6,338,899)
2026-09-02 07:01:46.330 | INFO     | et_miner.gpu.row_split_chunks:run_chunked_dense_level:285 -   K=4 chunk 31/122 filtering: 3,821 candidates → 6 frequent (0.2% pass rate, min_count=769)
2026-09-02 07:01:46.331 | DEBUG    | et_miner.gpu.row_split_chunks:run_chunked_dense_level:267 -     K=4 chunk 32/122: candidates [6,338,899, 6,338,927) (legacy sub-chunk)
2026-09-02 07:01:46.334 | INFO     | et_miner.gpu.row_split_chunks:run_chunked_dense_level:285 -   K=4 chunk 32/122 filtering: 28 candidates → 0 frequent (0.0% pass rate, min_count=769)
2026-09-02 07:01:46.334 | DEBUG    | et_miner.gpu.row_split_chunks:run_chunked_dense_level:267 -     K=4 chunk 33/122: candidates [6,338,927, 6,341,430)
2026-09-02 07:01:46.416 | INFO     | et_miner.gpu.row_split_chunks:run_chunked_dense_level:285 -   K=4 chunk 33/122 filtering: 2,503 candidates → 3 frequent (0.1% pass rate, min_count=769)
2026-09-02 07:01:46.416 | DEBUG    | et_miner.gpu.row_split_chunks:run_chunked_dense_level:267 -     K=4 chunk 34/122: candidates [6,341,430, 6,341,476) (legacy sub-chunk)
2026-09-02 07:01:46.419 | INFO     | et_miner.gpu.row_split_chunks:run_chunked_dense_level:285 -   K=4 chunk 34/122 filtering: 46 candidates → 0 frequent (0.0% pass rate, min_count=769)
2026-09-02 07:01:46.419 | DEBUG    | et_miner.gpu.row_split_chunks:run_chunked_dense_level:267 -     K=4 chunk 35/122: candidates [6,341,476, 6,343,727)
2026-09-02 07:01:46.502 | INFO     | et_miner.gpu.row_split_chunks:run_chunked_dense_level:285 -   K=4 chunk 35/122 filtering: 2,251 candidates → 3 frequent (0.1% pass rate, min_count=769)
2026-09-02 07:01:46.503 | DEBUG    | et_miner.gpu.row_split_chunks:run_chunked_dense_level:267 -     K=4 chunk 36/122: candidates [6,343,727, 6,343,761) (legacy sub-chunk)
2026-09-02 07:01:46.506 | INFO     | et_miner.gpu.row_split_chunks:run_chunked_dense_level:285 -   K=4 chunk 36/122 filtering: 34 candidates → 0 frequent (0.0% pass rate, min_count=769)
2026-09-02 07:01:46.506 | DEBUG    | et_miner.gpu.row_split_chunks:run_chunked_dense_level:267 -     K=4 chunk 37/122: candidates [6,343,761, 6,345,590)
2026-09-02 07:01:46.579 | INFO     | et_miner.gpu.row_split_chunks:run_chunked_dense_level:285 -   K=4 chunk 37/122 filtering: 1,829 candidates → 1 frequent (0.1% pass rate, min_count=769)
2026-09-02 07:01:46.579 | DEBUG    | et_miner.gpu.row_split_chunks:run_chunked_dense_level:267 -     K=4 chunk 38/122: candidates [6,345,590, 6,345,618) (legacy sub-chunk)
2026-09-02 07:01:46.582 | INFO     | et_miner.gpu.row_split_chunks:run_chunked_dense_level:285 -   K=4 chunk 38/122 filtering: 28 candidates → 0 frequent (0.0% pass rate, min_count=769)
2026-09-02 07:01:46.582 | DEBUG    | et_miner.gpu.row_split_chunks:run_chunked_dense_level:267 -     K=4 chunk 39/122: candidates [6,345,618, 6,346,463)
2026-09-02 07:01:46.643 | INFO     | et_miner.gpu.row_split_chunks:run_chunked_dense_level:285 -   K=4 chunk 39/122 filtering: 845 candidates → 0 frequent (0.0% pass rate, min_count=769)
2026-09-02 07:01:46.643 | DEBUG    | et_miner.gpu.row_split_chunks:run_chunked_dense_level:267 -     K=4 chunk 40/122: candidates [6,346,463, 6,346,519) (legacy sub-chunk)
2026-09-02 07:01:46.646 | INFO     | et_miner.gpu.row_split_chunks:run_chunked_dense_level:285 -   K=4 chunk 40/122 filtering: 56 candidates → 0 frequent (0.0% pass rate, min_count=769)
2026-09-02 07:01:46.646 | DEBUG    | et_miner.gpu.row_split_chunks:run_chunked_dense_level:267 -     K=4 chunk 41/122: candidates [6,346,519, 6,347,173)
2026-09-02 07:01:46.709 | INFO     | et_miner.gpu.row_split_chunks:run_chunked_dense_level:285 -   K=4 chunk 41/122 filtering: 654 candidates → 0 frequent (0.0% pass rate, min_count=769)
2026-09-02 07:01:46.709 | DEBUG    | et_miner.gpu.row_split_chunks:run_chunked_dense_level:267 -     K=4 chunk 42/122: candidates [6,347,173, 6,347,213) (legacy sub-chunk)
2026-09-02 07:01:46.712 | INFO     | et_miner.gpu.row_split_chunks:run_chunked_dense_level:285 -   K=4 chunk 42/122 filtering: 40 candidates → 0 frequent (0.0% pass rate, min_count=769)
2026-09-02 07:01:46.712 | DEBUG    | et_miner.gpu.row_split_chunks:run_chunked_dense_level:267 -     K=4 chunk 43/122: candidates [6,347,213, 6,347,866)
2026-09-02 07:01:46.773 | INFO     | et_miner.gpu.row_split_chunks:run_chunked_dense_level:285 -   K=4 chunk 43/122 filtering: 653 candidates → 0 frequent (0.0% pass rate, min_count=769)
2026-09-02 07:01:46.773 | DEBUG    | et_miner.gpu.row_split_chunks:run_chunked_dense_level:267 -     K=4 chunk 44/122: candidates [6,347,866, 6,347,906) (legacy sub-chunk)
2026-09-02 07:01:46.776 | INFO     | et_miner.gpu.row_split_chunks:run_chunked_dense_level:285 -   K=4 chunk 44/122 filtering: 40 candidates → 0 frequent (0.0% pass rate, min_count=769)
2026-09-02 07:01:46.776 | DEBUG    | et_miner.gpu.row_split_chunks:run_chunked_dense_level:267 -     K=4 chunk 45/122: candidates [6,347,906, 6,348,495)
2026-09-02 07:01:46.840 | INFO     | et_miner.gpu.row_split_chunks:run_chunked_dense_level:285 -   K=4 chunk 45/122 filtering: 589 candidates → 0 frequent (0.0% pass rate, min_count=769)
2026-09-02 07:01:46.841 | DEBUG    | et_miner.gpu.row_split_chunks:run_chunked_dense_level:267 -     K=4 chunk 46/122: candidates [6,348,495, 6,348,544) (legacy sub-chunk)
2026-09-02 07:01:46.844 | INFO     | et_miner.gpu.row_split_chunks:run_chunked_dense_level:285 -   K=4 chunk 46/122 filtering: 49 candidates → 0 frequent (0.0% pass rate, min_count=769)
2026-09-02 07:01:46.844 | DEBUG    | et_miner.gpu.row_split_chunks:run_chunked_dense_level:267 -     K=4 chunk 47/122: candidates [6,348,544, 6,349,113)
2026-09-02 07:01:46.907 | INFO     | et_miner.gpu.row_split_chunks:run_chunked_dense_level:285 -   K=4 chunk 47/122 filtering: 569 candidates → 0 frequent (0.0% pass rate, min_count=769)
2026-09-02 07:01:46.907 | DEBUG    | et_miner.gpu.row_split_chunks:run_chunked_dense_level:267 -     K=4 chunk 48/122: candidates [6,349,113, 6,349,145) (legacy sub-chunk)
2026-09-02 07:01:46.911 | INFO     | et_miner.gpu.row_split_chunks:run_chunked_dense_level:285 -   K=4 chunk 48/122 filtering: 32 candidates → 0 frequent (0.0% pass rate, min_count=769)
2026-09-02 07:01:46.911 | DEBUG    | et_miner.gpu.row_split_chunks:run_chunked_dense_level:267 -     K=4 chunk 49/122: candidates [6,349,145, 6,349,729)
2026-09-02 07:01:46.972 | INFO     | et_miner.gpu.row_split_chunks:run_chunked_dense_level:285 -   K=4 chunk 49/122 filtering: 584 candidates → 0 frequent (0.0% pass rate, min_count=769)
2026-09-02 07:01:46.972 | DEBUG    | et_miner.gpu.row_split_chunks:run_chunked_dense_level:267 -     K=4 chunk 50/122: candidates [6,349,729, 6,349,769) (legacy sub-chunk)
2026-09-02 07:01:46.975 | INFO     | et_miner.gpu.row_split_chunks:run_chunked_dense_level:285 -   K=4 chunk 50/122 filtering: 40 candidates → 0 frequent (0.0% pass rate, min_count=769)
2026-09-02 07:01:46.975 | DEBUG    | et_miner.gpu.row_split_chunks:run_chunked_dense_level:267 -     K=4 chunk 51/122: candidates [6,349,769, 6,350,264)
2026-09-02 07:01:47.036 | INFO     | et_miner.gpu.row_split_chunks:run_chunked_dense_level:285 -   K=4 chunk 51/122 filtering: 495 candidates → 0 frequent (0.0% pass rate, min_count=769)
2026-09-02 07:01:47.036 | DEBUG    | et_miner.gpu.row_split_chunks:run_chunked_dense_level:267 -     K=4 chunk 52/122: candidates [6,350,264, 6,350,296) (legacy sub-chunk)
2026-09-02 07:01:47.039 | INFO     | et_miner.gpu.row_split_chunks:run_chunked_dense_level:285 -   K=4 chunk 52/122 filtering: 32 candidates → 0 frequent (0.0% pass rate, min_count=769)
2026-09-02 07:01:47.040 | DEBUG    | et_miner.gpu.row_split_chunks:run_chunked_dense_level:267 -     K=4 chunk 53/122: candidates [6,350,296, 6,350,636)
2026-09-02 07:01:47.100 | INFO     | et_miner.gpu.row_split_chunks:run_chunked_dense_level:285 -   K=4 chunk 53/122 filtering: 340 candidates → 0 frequent (0.0% pass rate, min_count=769)
2026-09-02 07:01:47.100 | DEBUG    | et_miner.gpu.row_split_chunks:run_chunked_dense_level:267 -     K=4 chunk 54/122: candidates [6,350,636, 6,350,705) (legacy sub-chunk)
2026-09-02 07:01:47.104 | INFO     | et_miner.gpu.row_split_chunks:run_chunked_dense_level:285 -   K=4 chunk 54/122 filtering: 69 candidates → 0 frequent (0.0% pass rate, min_count=769)
2026-09-02 07:01:47.104 | DEBUG    | et_miner.gpu.row_split_chunks:run_chunked_dense_level:267 -     K=4 chunk 55/122: candidates [6,350,705, 6,350,982)
2026-09-02 07:01:47.167 | INFO     | et_miner.gpu.row_split_chunks:run_chunked_dense_level:285 -   K=4 chunk 55/122 filtering: 277 candidates → 0 frequent (0.0% pass rate, min_count=769)
2026-09-02 07:01:47.167 | DEBUG    | et_miner.gpu.row_split_chunks:run_chunked_dense_level:267 -     K=4 chunk 56/122: candidates [6,350,982, 6,351,047) (legacy sub-chunk)
2026-09-02 07:01:47.170 | INFO     | et_miner.gpu.row_split_chunks:run_chunked_dense_level:285 -   K=4 chunk 56/122 filtering: 65 candidates → 0 frequent (0.0% pass rate, min_count=769)
2026-09-02 07:01:47.171 | DEBUG    | et_miner.gpu.row_split_chunks:run_chunked_dense_level:267 -     K=4 chunk 57/122: candidates [6,351,047, 6,351,340)
2026-09-02 07:01:47.234 | INFO     | et_miner.gpu.row_split_chunks:run_chunked_dense_level:285 -   K=4 chunk 57/122 filtering: 293 candidates → 0 frequent (0.0% pass rate, min_count=769)
2026-09-02 07:01:47.234 | DEBUG    | et_miner.gpu.row_split_chunks:run_chunked_dense_level:267 -     K=4 chunk 58/122: candidates [6,351,340, 6,351,395) (legacy sub-chunk)
2026-09-02 07:01:47.237 | INFO     | et_miner.gpu.row_split_chunks:run_chunked_dense_level:285 -   K=4 chunk 58/122 filtering: 55 candidates → 0 frequent (0.0% pass rate, min_count=769)
2026-09-02 07:01:47.237 | DEBUG    | et_miner.gpu.row_split_chunks:run_chunked_dense_level:267 -     K=4 chunk 59/122: candidates [6,351,395, 6,351,692)
2026-09-02 07:01:47.300 | INFO     | et_miner.gpu.row_split_chunks:run_chunked_dense_level:285 -   K=4 chunk 59/122 filtering: 297 candidates → 0 frequent (0.0% pass rate, min_count=769)
2026-09-02 07:01:47.300 | DEBUG    | et_miner.gpu.row_split_chunks:run_chunked_dense_level:267 -     K=4 chunk 60/122: candidates [6,351,692, 6,351,757) (legacy sub-chunk)
2026-09-02 07:01:47.304 | INFO     | et_miner.gpu.row_split_chunks:run_chunked_dense_level:285 -   K=4 chunk 60/122 filtering: 65 candidates → 0 frequent (0.0% pass rate, min_count=769)
2026-09-02 07:01:47.304 | DEBUG    | et_miner.gpu.row_split_chunks:run_chunked_dense_level:267 -     K=4 chunk 61/122: candidates [6,351,757, 6,352,037)
2026-09-02 07:01:47.367 | INFO     | et_miner.gpu.row_split_chunks:run_chunked_dense_level:285 -   K=4 chunk 61/122 filtering: 280 candidates → 0 frequent (0.0% pass rate, min_count=769)
2026-09-02 07:01:47.367 | DEBUG    | et_miner.gpu.row_split_chunks:run_chunked_dense_level:267 -     K=4 chunk 62/122: candidates [6,352,037, 6,352,101) (legacy sub-chunk)
2026-09-02 07:01:47.370 | INFO     | et_miner.gpu.row_split_chunks:run_chunked_dense_level:285 -   K=4 chunk 62/122 filtering: 64 candidates → 0 frequent (0.0% pass rate, min_count=769)
2026-09-02 07:01:47.370 | DEBUG    | et_miner.gpu.row_split_chunks:run_chunked_dense_level:267 -     K=4 chunk 63/122: candidates [6,352,101, 6,352,365)
2026-09-02 07:01:47.433 | INFO     | et_miner.gpu.row_split_chunks:run_chunked_dense_level:285 -   K=4 chunk 63/122 filtering: 264 candidates → 0 frequent (0.0% pass rate, min_count=769)
2026-09-02 07:01:47.433 | DEBUG    | et_miner.gpu.row_split_chunks:run_chunked_dense_level:267 -     K=4 chunk 64/122: candidates [6,352,365, 6,352,430) (legacy sub-chunk)
2026-09-02 07:01:47.436 | INFO     | et_miner.gpu.row_split_chunks:run_chunked_dense_level:285 -   K=4 chunk 64/122 filtering: 65 candidates → 0 frequent (0.0% pass rate, min_count=769)
2026-09-02 07:01:47.436 | DEBUG    | et_miner.gpu.row_split_chunks:run_chunked_dense_level:267 -     K=4 chunk 65/122: candidates [6,352,430, 6,352,694)
2026-09-02 07:01:47.499 | INFO     | et_miner.gpu.row_split_chunks:run_chunked_dense_level:285 -   K=4 chunk 65/122 filtering: 264 candidates → 0 frequent (0.0% pass rate, min_count=769)
2026-09-02 07:01:47.499 | DEBUG    | et_miner.gpu.row_split_chunks:run_chunked_dense_level:267 -     K=4 chunk 66/122: candidates [6,352,694, 6,352,759) (legacy sub-chunk)
2026-09-02 07:01:47.502 | INFO     | et_miner.gpu.row_split_chunks:run_chunked_dense_level:285 -   K=4 chunk 66/122 filtering: 65 candidates → 0 frequent (0.0% pass rate, min_count=769)
2026-09-02 07:01:47.502 | DEBUG    | et_miner.gpu.row_split_chunks:run_chunked_dense_level:267 -     K=4 chunk 67/122: candidates [6,352,759, 6,352,957)
2026-09-02 07:01:47.561 | INFO     | et_miner.gpu.row_split_chunks:run_chunked_dense_level:285 -   K=4 chunk 67/122 filtering: 198 candidates → 0 frequent (0.0% pass rate, min_count=769)
2026-09-02 07:01:47.561 | DEBUG    | et_miner.gpu.row_split_chunks:run_chunked_dense_level:267 -     K=4 chunk 68/122: candidates [6,352,957, 6,353,076) (legacy sub-chunk)
2026-09-02 07:01:47.564 | INFO     | et_miner.gpu.row_split_chunks:run_chunked_dense_level:285 -   K=4 chunk 68/122 filtering: 119 candidates → 0 frequent (0.0% pass rate, min_count=769)
2026-09-02 07:01:47.564 | DEBUG    | et_miner.gpu.row_split_chunks:run_chunked_dense_level:267 -     K=4 chunk 69/122: candidates [6,353,076, 6,353,274)
2026-09-02 07:01:47.623 | INFO     | et_miner.gpu.row_split_chunks:run_chunked_dense_level:285 -   K=4 chunk 69/122 filtering: 198 candidates → 0 frequent (0.0% pass rate, min_count=769)
2026-09-02 07:01:47.623 | DEBUG    | et_miner.gpu.row_split_chunks:run_chunked_dense_level:267 -     K=4 chunk 70/122: candidates [6,353,274, 6,353,393) (legacy sub-chunk)
2026-09-02 07:01:47.627 | INFO     | et_miner.gpu.row_split_chunks:run_chunked_dense_level:285 -   K=4 chunk 70/122 filtering: 119 candidates → 0 frequent (0.0% pass rate, min_count=769)
2026-09-02 07:01:47.627 | DEBUG    | et_miner.gpu.row_split_chunks:run_chunked_dense_level:267 -     K=4 chunk 71/122: candidates [6,353,393, 6,353,550)
2026-09-02 07:01:47.682 | INFO     | et_miner.gpu.row_split_chunks:run_chunked_dense_level:285 -   K=4 chunk 71/122 filtering: 157 candidates → 0 frequent (0.0% pass rate, min_count=769)
2026-09-02 07:01:47.682 | DEBUG    | et_miner.gpu.row_split_chunks:run_chunked_dense_level:267 -     K=4 chunk 72/122: candidates [6,353,550, 6,353,638) (legacy sub-chunk)
2026-09-02 07:01:47.685 | INFO     | et_miner.gpu.row_split_chunks:run_chunked_dense_level:285 -   K=4 chunk 72/122 filtering: 88 candidates → 0 frequent (0.0% pass rate, min_count=769)
2026-09-02 07:01:47.685 | DEBUG    | et_miner.gpu.row_split_chunks:run_chunked_dense_level:267 -     K=4 chunk 73/122: candidates [6,353,638, 6,353,809)
2026-09-02 07:01:47.739 | INFO     | et_miner.gpu.row_split_chunks:run_chunked_dense_level:285 -   K=4 chunk 73/122 filtering: 171 candidates → 0 frequent (0.0% pass rate, min_count=769)
2026-09-02 07:01:47.739 | DEBUG    | et_miner.gpu.row_split_chunks:run_chunked_dense_level:267 -     K=4 chunk 74/122: candidates [6,353,809, 6,353,897) (legacy sub-chunk)
2026-09-02 07:01:47.742 | INFO     | et_miner.gpu.row_split_chunks:run_chunked_dense_level:285 -   K=4 chunk 74/122 filtering: 88 candidates → 0 frequent (0.0% pass rate, min_count=769)
2026-09-02 07:01:47.743 | DEBUG    | et_miner.gpu.row_split_chunks:run_chunked_dense_level:267 -     K=4 chunk 75/122: candidates [6,353,897, 6,354,068)
2026-09-02 07:01:47.797 | INFO     | et_miner.gpu.row_split_chunks:run_chunked_dense_level:285 -   K=4 chunk 75/122 filtering: 171 candidates → 0 frequent (0.0% pass rate, min_count=769)
2026-09-02 07:01:47.797 | DEBUG    | et_miner.gpu.row_split_chunks:run_chunked_dense_level:267 -     K=4 chunk 76/122: candidates [6,354,068, 6,354,139) (legacy sub-chunk)
2026-09-02 07:01:47.801 | INFO     | et_miner.gpu.row_split_chunks:run_chunked_dense_level:285 -   K=4 chunk 76/122 filtering: 71 candidates → 0 frequent (0.0% pass rate, min_count=769)
2026-09-02 07:01:47.801 | DEBUG    | et_miner.gpu.row_split_chunks:run_chunked_dense_level:267 -     K=4 chunk 77/122: candidates [6,354,139, 6,354,296)
2026-09-02 07:01:47.855 | INFO     | et_miner.gpu.row_split_chunks:run_chunked_dense_level:285 -   K=4 chunk 77/122 filtering: 157 candidates → 0 frequent (0.0% pass rate, min_count=769)
2026-09-02 07:01:47.855 | DEBUG    | et_miner.gpu.row_split_chunks:run_chunked_dense_level:267 -     K=4 chunk 78/122: candidates [6,354,296, 6,354,354) (legacy sub-chunk)
2026-09-02 07:01:47.858 | INFO     | et_miner.gpu.row_split_chunks:run_chunked_dense_level:285 -   K=4 chunk 78/122 filtering: 58 candidates → 0 frequent (0.0% pass rate, min_count=769)
2026-09-02 07:01:47.858 | DEBUG    | et_miner.gpu.row_split_chunks:run_chunked_dense_level:267 -     K=4 chunk 79/122: candidates [6,354,354, 6,354,459)
2026-09-02 07:01:47.916 | INFO     | et_miner.gpu.row_split_chunks:run_chunked_dense_level:285 -   K=4 chunk 79/122 filtering: 105 candidates → 0 frequent (0.0% pass rate, min_count=769)
2026-09-02 07:01:47.917 | DEBUG    | et_miner.gpu.row_split_chunks:run_chunked_dense_level:267 -     K=4 chunk 80/122: candidates [6,354,459, 6,354,564) (legacy sub-chunk)
2026-09-02 07:01:47.920 | INFO     | et_miner.gpu.row_split_chunks:run_chunked_dense_level:285 -   K=4 chunk 80/122 filtering: 105 candidates → 0 frequent (0.0% pass rate, min_count=769)
2026-09-02 07:01:47.920 | DEBUG    | et_miner.gpu.row_split_chunks:run_chunked_dense_level:267 -     K=4 chunk 81/122: candidates [6,354,564, 6,354,655)
2026-09-02 07:01:47.978 | INFO     | et_miner.gpu.row_split_chunks:run_chunked_dense_level:285 -   K=4 chunk 81/122 filtering: 91 candidates → 0 frequent (0.0% pass rate, min_count=769)
2026-09-02 07:01:47.978 | DEBUG    | et_miner.gpu.row_split_chunks:run_chunked_dense_level:267 -     K=4 chunk 82/122: candidates [6,354,655, 6,354,753) (legacy sub-chunk)
2026-09-02 07:01:47.981 | INFO     | et_miner.gpu.row_split_chunks:run_chunked_dense_level:285 -   K=4 chunk 82/122 filtering: 98 candidates → 0 frequent (0.0% pass rate, min_count=769)
2026-09-02 07:01:47.981 | DEBUG    | et_miner.gpu.row_split_chunks:run_chunked_dense_level:267 -     K=4 chunk 83/122: candidates [6,354,753, 6,354,844)
2026-09-02 07:01:48.038 | INFO     | et_miner.gpu.row_split_chunks:run_chunked_dense_level:285 -   K=4 chunk 83/122 filtering: 91 candidates → 0 frequent (0.0% pass rate, min_count=769)
2026-09-02 07:01:48.039 | DEBUG    | et_miner.gpu.row_split_chunks:run_chunked_dense_level:267 -     K=4 chunk 84/122: candidates [6,354,844, 6,354,931) (legacy sub-chunk)
2026-09-02 07:01:48.042 | INFO     | et_miner.gpu.row_split_chunks:run_chunked_dense_level:285 -   K=4 chunk 84/122 filtering: 87 candidates → 0 frequent (0.0% pass rate, min_count=769)
2026-09-02 07:01:48.042 | DEBUG    | et_miner.gpu.row_split_chunks:run_chunked_dense_level:267 -     K=4 chunk 85/122: candidates [6,354,931, 6,355,009)
2026-09-02 07:01:48.099 | INFO     | et_miner.gpu.row_split_chunks:run_chunked_dense_level:285 -   K=4 chunk 85/122 filtering: 78 candidates → 0 frequent (0.0% pass rate, min_count=769)
2026-09-02 07:01:48.099 | DEBUG    | et_miner.gpu.row_split_chunks:run_chunked_dense_level:267 -     K=4 chunk 86/122: candidates [6,355,009, 6,355,086) (legacy sub-chunk)
2026-09-02 07:01:48.102 | INFO     | et_miner.gpu.row_split_chunks:run_chunked_dense_level:285 -   K=4 chunk 86/122 filtering: 77 candidates → 0 frequent (0.0% pass rate, min_count=769)
2026-09-02 07:01:48.102 | DEBUG    | et_miner.gpu.row_split_chunks:run_chunked_dense_level:267 -     K=4 chunk 87/122: candidates [6,355,086, 6,355,164)
2026-09-02 07:01:48.159 | INFO     | et_miner.gpu.row_split_chunks:run_chunked_dense_level:285 -   K=4 chunk 87/122 filtering: 78 candidates → 0 frequent (0.0% pass rate, min_count=769)
2026-09-02 07:01:48.160 | DEBUG    | et_miner.gpu.row_split_chunks:run_chunked_dense_level:267 -     K=4 chunk 88/122: candidates [6,355,164, 6,355,229) (legacy sub-chunk)
2026-09-02 07:01:48.163 | INFO     | et_miner.gpu.row_split_chunks:run_chunked_dense_level:285 -   K=4 chunk 88/122 filtering: 65 candidates → 0 frequent (0.0% pass rate, min_count=769)
2026-09-02 07:01:48.163 | DEBUG    | et_miner.gpu.row_split_chunks:run_chunked_dense_level:267 -     K=4 chunk 89/122: candidates [6,355,229, 6,355,320)
2026-09-02 07:01:48.220 | INFO     | et_miner.gpu.row_split_chunks:run_chunked_dense_level:285 -   K=4 chunk 89/122 filtering: 91 candidates → 0 frequent (0.0% pass rate, min_count=769)
2026-09-02 07:01:48.220 | DEBUG    | et_miner.gpu.row_split_chunks:run_chunked_dense_level:267 -     K=4 chunk 90/122: candidates [6,355,320, 6,355,373) (legacy sub-chunk)
2026-09-02 07:01:48.223 | INFO     | et_miner.gpu.row_split_chunks:run_chunked_dense_level:285 -   K=4 chunk 90/122 filtering: 53 candidates → 0 frequent (0.0% pass rate, min_count=769)
2026-09-02 07:01:48.224 | DEBUG    | et_miner.gpu.row_split_chunks:run_chunked_dense_level:267 -     K=4 chunk 91/122: candidates [6,355,373, 6,355,439)
2026-09-02 07:01:48.280 | INFO     | et_miner.gpu.row_split_chunks:run_chunked_dense_level:285 -   K=4 chunk 91/122 filtering: 66 candidates → 0 frequent (0.0% pass rate, min_count=769)
2026-09-02 07:01:48.280 | DEBUG    | et_miner.gpu.row_split_chunks:run_chunked_dense_level:267 -     K=4 chunk 92/122: candidates [6,355,439, 6,355,495) (legacy sub-chunk)
2026-09-02 07:01:48.284 | INFO     | et_miner.gpu.row_split_chunks:run_chunked_dense_level:285 -   K=4 chunk 92/122 filtering: 56 candidates → 0 frequent (0.0% pass rate, min_count=769)
2026-09-02 07:01:48.284 | DEBUG    | et_miner.gpu.row_split_chunks:run_chunked_dense_level:267 -     K=4 chunk 93/122: candidates [6,355,495, 6,355,573)
2026-09-02 07:01:48.341 | INFO     | et_miner.gpu.row_split_chunks:run_chunked_dense_level:285 -   K=4 chunk 93/122 filtering: 78 candidates → 0 frequent (0.0% pass rate, min_count=769)
2026-09-02 07:01:48.341 | DEBUG    | et_miner.gpu.row_split_chunks:run_chunked_dense_level:267 -     K=4 chunk 94/122: candidates [6,355,573, 6,360,763) (legacy sub-chunk)
2026-09-02 07:01:48.364 | INFO     | et_miner.gpu.row_split_chunks:run_chunked_dense_level:285 -   K=4 chunk 94/122 filtering: 5,190 candidates → 0 frequent (0.0% pass rate, min_count=769)
2026-09-02 07:01:48.364 | DEBUG    | et_miner.gpu.row_split_chunks:run_chunked_dense_level:267 -     K=4 chunk 95/122: candidates [6,360,763, 7,066,869)
2026-09-02 07:01:48.745 | INFO     | et_miner.gpu.row_split_chunks:run_chunked_dense_level:285 -   K=4 chunk 95/122 filtering: 706,106 candidates → 637 frequent (0.1% pass rate, min_count=769)
2026-09-02 07:01:48.745 | DEBUG    | et_miner.gpu.row_split_chunks:run_chunked_dense_level:267 -     K=4 chunk 96/122: candidates [7,066,869, 7,066,972) (legacy sub-chunk)
2026-09-02 07:01:48.749 | INFO     | et_miner.gpu.row_split_chunks:run_chunked_dense_level:285 -   K=4 chunk 96/122 filtering: 103 candidates → 0 frequent (0.0% pass rate, min_count=769)
2026-09-02 07:01:48.749 | DEBUG    | et_miner.gpu.row_split_chunks:run_chunked_dense_level:267 -     K=4 chunk 97/122: candidates [7,066,972, 7,560,264)
2026-09-02 07:01:49.014 | INFO     | et_miner.gpu.row_split_chunks:run_chunked_dense_level:285 -   K=4 chunk 97/122 filtering: 493,292 candidates → 311 frequent (0.1% pass rate, min_count=769)
2026-09-02 07:01:49.014 | DEBUG    | et_miner.gpu.row_split_chunks:run_chunked_dense_level:267 -     K=4 chunk 98/122: candidates [7,560,264, 7,560,399) (legacy sub-chunk)
2026-09-02 07:01:49.018 | INFO     | et_miner.gpu.row_split_chunks:run_chunked_dense_level:285 -   K=4 chunk 98/122 filtering: 135 candidates → 0 frequent (0.0% pass rate, min_count=769)
2026-09-02 07:01:49.018 | DEBUG    | et_miner.gpu.row_split_chunks:run_chunked_dense_level:267 -     K=4 chunk 99/122: candidates [7,560,399, 7,892,293)
2026-09-02 07:01:49.246 | INFO     | et_miner.gpu.row_split_chunks:run_chunked_dense_level:285 -   K=4 chunk 99/122 filtering: 331,894 candidates → 151 frequent (0.0% pass rate, min_count=769)
2026-09-02 07:01:49.246 | DEBUG    | et_miner.gpu.row_split_chunks:run_chunked_dense_level:267 -     K=4 chunk 100/122: candidates [7,892,293, 7,892,397) (legacy sub-chunk)
2026-09-02 07:01:49.249 | INFO     | et_miner.gpu.row_split_chunks:run_chunked_dense_level:285 -   K=4 chunk 100/122 filtering: 104 candidates → 0 frequent (0.0% pass rate, min_count=769)
2026-09-02 07:01:49.249 | DEBUG    | et_miner.gpu.row_split_chunks:run_chunked_dense_level:267 -     K=4 chunk 101/122: candidates [7,892,397, 8,117,075)
2026-09-02 07:01:49.396 | INFO     | et_miner.gpu.row_split_chunks:run_chunked_dense_level:285 -   K=4 chunk 101/122 filtering: 224,678 candidates → 63 frequent (0.0% pass rate, min_count=769)
2026-09-02 07:01:49.396 | DEBUG    | et_miner.gpu.row_split_chunks:run_chunked_dense_level:267 -     K=4 chunk 102/122: candidates [8,117,075, 8,117,170) (legacy sub-chunk)
2026-09-02 07:01:49.400 | INFO     | et_miner.gpu.row_split_chunks:run_chunked_dense_level:285 -   K=4 chunk 102/122 filtering: 95 candidates → 0 frequent (0.0% pass rate, min_count=769)
2026-09-02 07:01:49.400 | DEBUG    | et_miner.gpu.row_split_chunks:run_chunked_dense_level:267 -     K=4 chunk 103/122: candidates [8,117,170, 8,215,151)
2026-09-02 07:01:49.516 | INFO     | et_miner.gpu.row_split_chunks:run_chunked_dense_level:285 -   K=4 chunk 103/122 filtering: 97,981 candidates → 5 frequent (0.0% pass rate, min_count=769)
2026-09-02 07:01:49.516 | DEBUG    | et_miner.gpu.row_split_chunks:run_chunked_dense_level:267 -     K=4 chunk 104/122: candidates [8,215,151, 8,215,299) (legacy sub-chunk)
2026-09-02 07:01:49.519 | INFO     | et_miner.gpu.row_split_chunks:run_chunked_dense_level:285 -   K=4 chunk 104/122 filtering: 148 candidates → 0 frequent (0.0% pass rate, min_count=769)
2026-09-02 07:01:49.519 | DEBUG    | et_miner.gpu.row_split_chunks:run_chunked_dense_level:267 -     K=4 chunk 105/122: candidates [8,215,299, 8,265,920)
2026-09-02 07:01:49.629 | INFO     | et_miner.gpu.row_split_chunks:run_chunked_dense_level:285 -   K=4 chunk 105/122 filtering: 50,621 candidates → 1 frequent (0.0% pass rate, min_count=769)
2026-09-02 07:01:49.629 | DEBUG    | et_miner.gpu.row_split_chunks:run_chunked_dense_level:267 -     K=4 chunk 106/122: candidates [8,265,920, 8,266,044) (legacy sub-chunk)
2026-09-02 07:01:49.633 | INFO     | et_miner.gpu.row_split_chunks:run_chunked_dense_level:285 -   K=4 chunk 106/122 filtering: 124 candidates → 0 frequent (0.0% pass rate, min_count=769)
2026-09-02 07:01:49.633 | DEBUG    | et_miner.gpu.row_split_chunks:run_chunked_dense_level:267 -     K=4 chunk 107/122: candidates [8,266,044, 8,297,234)
2026-09-02 07:01:49.739 | INFO     | et_miner.gpu.row_split_chunks:run_chunked_dense_level:285 -   K=4 chunk 107/122 filtering: 31,190 candidates → 0 frequent (0.0% pass rate, min_count=769)
2026-09-02 07:01:49.739 | DEBUG    | et_miner.gpu.row_split_chunks:run_chunked_dense_level:267 -     K=4 chunk 108/122: candidates [8,297,234, 8,297,285) (legacy sub-chunk)
2026-09-02 07:01:49.742 | INFO     | et_miner.gpu.row_split_chunks:run_chunked_dense_level:285 -   K=4 chunk 108/122 filtering: 51 candidates → 0 frequent (0.0% pass rate, min_count=769)
2026-09-02 07:01:49.742 | DEBUG    | et_miner.gpu.row_split_chunks:run_chunked_dense_level:267 -     K=4 chunk 109/122: candidates [8,297,285, 8,313,153)
2026-09-02 07:01:49.847 | INFO     | et_miner.gpu.row_split_chunks:run_chunked_dense_level:285 -   K=4 chunk 109/122 filtering: 15,868 candidates → 0 frequent (0.0% pass rate, min_count=769)
2026-09-02 07:01:49.847 | DEBUG    | et_miner.gpu.row_split_chunks:run_chunked_dense_level:267 -     K=4 chunk 110/122: candidates [8,313,153, 8,313,190) (legacy sub-chunk)
2026-09-02 07:01:49.850 | INFO     | et_miner.gpu.row_split_chunks:run_chunked_dense_level:285 -   K=4 chunk 110/122 filtering: 37 candidates → 0 frequent (0.0% pass rate, min_count=769)
2026-09-02 07:01:49.850 | DEBUG    | et_miner.gpu.row_split_chunks:run_chunked_dense_level:267 -     K=4 chunk 111/122: candidates [8,313,190, 8,318,771)
2026-09-02 07:01:49.924 | INFO     | et_miner.gpu.row_split_chunks:run_chunked_dense_level:285 -   K=4 chunk 111/122 filtering: 5,581 candidates → 0 frequent (0.0% pass rate, min_count=769)
2026-09-02 07:01:49.924 | DEBUG    | et_miner.gpu.row_split_chunks:run_chunked_dense_level:267 -     K=4 chunk 112/122: candidates [8,318,771, 8,318,896) (legacy sub-chunk)
2026-09-02 07:01:49.928 | INFO     | et_miner.gpu.row_split_chunks:run_chunked_dense_level:285 -   K=4 chunk 112/122 filtering: 125 candidates → 0 frequent (0.0% pass rate, min_count=769)
2026-09-02 07:01:49.928 | DEBUG    | et_miner.gpu.row_split_chunks:run_chunked_dense_level:267 -     K=4 chunk 113/122: candidates [8,318,896, 8,319,801)
2026-09-02 07:01:49.991 | INFO     | et_miner.gpu.row_split_chunks:run_chunked_dense_level:285 -   K=4 chunk 113/122 filtering: 905 candidates → 0 frequent (0.0% pass rate, min_count=769)
2026-09-02 07:01:49.991 | DEBUG    | et_miner.gpu.row_split_chunks:run_chunked_dense_level:267 -     K=4 chunk 114/122: candidates [8,319,801, 8,319,899) (legacy sub-chunk)
2026-09-02 07:01:49.995 | INFO     | et_miner.gpu.row_split_chunks:run_chunked_dense_level:285 -   K=4 chunk 114/122 filtering: 98 candidates → 0 frequent (0.0% pass rate, min_count=769)
2026-09-02 07:01:49.995 | DEBUG    | et_miner.gpu.row_split_chunks:run_chunked_dense_level:267 -     K=4 chunk 115/122: candidates [8,319,899, 8,320,593)
2026-09-02 07:01:50.058 | INFO     | et_miner.gpu.row_split_chunks:run_chunked_dense_level:285 -   K=4 chunk 115/122 filtering: 694 candidates → 0 frequent (0.0% pass rate, min_count=769)
2026-09-02 07:01:50.058 | DEBUG    | et_miner.gpu.row_split_chunks:run_chunked_dense_level:267 -     K=4 chunk 116/122: candidates [8,320,593, 8,320,741) (legacy sub-chunk)
2026-09-02 07:01:50.061 | INFO     | et_miner.gpu.row_split_chunks:run_chunked_dense_level:285 -   K=4 chunk 116/122 filtering: 148 candidates → 0 frequent (0.0% pass rate, min_count=769)
2026-09-02 07:01:50.062 | DEBUG    | et_miner.gpu.row_split_chunks:run_chunked_dense_level:267 -     K=4 chunk 117/122: candidates [8,320,741, 8,321,142)
2026-09-02 07:01:50.125 | INFO     | et_miner.gpu.row_split_chunks:run_chunked_dense_level:285 -   K=4 chunk 117/122 filtering: 401 candidates → 0 frequent (0.0% pass rate, min_count=769)
2026-09-02 07:01:50.125 | DEBUG    | et_miner.gpu.row_split_chunks:run_chunked_dense_level:267 -     K=4 chunk 118/122: candidates [8,321,142, 8,321,274) (legacy sub-chunk)
2026-09-02 07:01:50.128 | INFO     | et_miner.gpu.row_split_chunks:run_chunked_dense_level:285 -   K=4 chunk 118/122 filtering: 132 candidates → 0 frequent (0.0% pass rate, min_count=769)
2026-09-02 07:01:50.128 | DEBUG    | et_miner.gpu.row_split_chunks:run_chunked_dense_level:267 -     K=4 chunk 119/122: candidates [8,321,274, 8,321,613)
2026-09-02 07:01:50.190 | INFO     | et_miner.gpu.row_split_chunks:run_chunked_dense_level:285 -   K=4 chunk 119/122 filtering: 339 candidates → 0 frequent (0.0% pass rate, min_count=769)
2026-09-02 07:01:50.190 | DEBUG    | et_miner.gpu.row_split_chunks:run_chunked_dense_level:267 -     K=4 chunk 120/122: candidates [8,321,613, 8,321,715) (legacy sub-chunk)
2026-09-02 07:01:50.194 | INFO     | et_miner.gpu.row_split_chunks:run_chunked_dense_level:285 -   K=4 chunk 120/122 filtering: 102 candidates → 0 frequent (0.0% pass rate, min_count=769)
2026-09-02 07:01:50.194 | DEBUG    | et_miner.gpu.row_split_chunks:run_chunked_dense_level:267 -     K=4 chunk 121/122: candidates [8,321,715, 8,321,806)
2026-09-02 07:01:50.257 | INFO     | et_miner.gpu.row_split_chunks:run_chunked_dense_level:285 -   K=4 chunk 121/122 filtering: 91 candidates → 0 frequent (0.0% pass rate, min_count=769)
2026-09-02 07:01:50.257 | DEBUG    | et_miner.gpu.row_split_chunks:run_chunked_dense_level:267 -     K=4 chunk 122/122: candidates [8,321,806, 8,322,045) (legacy sub-chunk)
2026-09-02 07:01:50.260 | INFO     | et_miner.gpu.row_split_chunks:run_chunked_dense_level:285 -   K=4 chunk 122/122 filtering: 239 candidates → 0 frequent (0.0% pass rate, min_count=769)
2026-09-02 07:01:50.263 | INFO     | et_miner.gpu.row_split:_apriori_row_split_multi_gpu:599 -   K=4: 25,435 frequent in 7.9s
2026-09-02 07:01:50.267 | DEBUG    | et_miner.gpu.row_split:_apriori_row_split_multi_gpu:631 -     Pruning: zeroed 14 dead bitvecs at K=4 (64 MB logical × 2 GPUs)
2026-09-02 07:01:50.270 | DEBUG    | et_miner.gpu.row_split:_apriori_row_split_multi_gpu:535 -   K=5: 1,645,258 candidates, 84 chunk(s), group data 0.0 GB, budget 3,149,198,846 cands/chunk
2026-09-02 07:01:50.271 | DEBUG    | et_miner.gpu.row_split_chunks:run_chunked_dense_level:267 -     K=5 chunk 1/84: candidates [0, 35,151)
2026-09-02 07:01:50.385 | INFO     | et_miner.gpu.row_split_chunks:run_chunked_dense_level:285 -   K=5 chunk 1/84 filtering: 35,151 candidates → 133 frequent (0.4% pass rate, min_count=769)
2026-09-02 07:01:50.385 | DEBUG    | et_miner.gpu.row_split_chunks:run_chunked_dense_level:267 -     K=5 chunk 2/84: candidates [35,151, 40,428) (legacy sub-chunk)
2026-09-02 07:01:50.415 | INFO     | et_miner.gpu.row_split_chunks:run_chunked_dense_level:285 -   K=5 chunk 2/84 filtering: 5,277 candidates → 0 frequent (0.0% pass rate, min_count=769)
2026-09-02 07:01:50.416 | DEBUG    | et_miner.gpu.row_split_chunks:run_chunked_dense_level:267 -     K=5 chunk 3/84: candidates [40,428, 1,085,260)
2026-09-02 07:01:50.919 | INFO     | et_miner.gpu.row_split_chunks:run_chunked_dense_level:285 -   K=5 chunk 3/84 filtering: 1,044,832 candidates → 1,478 frequent (0.1% pass rate, min_count=769)
2026-09-02 07:01:50.920 | DEBUG    | et_miner.gpu.row_split_chunks:run_chunked_dense_level:267 -     K=5 chunk 4/84: candidates [1,085,260, 1,085,383) (legacy sub-chunk)
2026-09-02 07:01:50.924 | INFO     | et_miner.gpu.row_split_chunks:run_chunked_dense_level:285 -   K=5 chunk 4/84 filtering: 123 candidates → 0 frequent (0.0% pass rate, min_count=769)
2026-09-02 07:01:50.924 | DEBUG    | et_miner.gpu.row_split_chunks:run_chunked_dense_level:267 -     K=5 chunk 5/84: candidates [1,085,383, 1,087,972)
2026-09-02 07:01:50.996 | INFO     | et_miner.gpu.row_split_chunks:run_chunked_dense_level:285 -   K=5 chunk 5/84 filtering: 2,589 candidates → 4 frequent (0.2% pass rate, min_count=769)
2026-09-02 07:01:50.996 | DEBUG    | et_miner.gpu.row_split_chunks:run_chunked_dense_level:267 -     K=5 chunk 6/84: candidates [1,087,972, 1,088,042) (legacy sub-chunk)
2026-09-02 07:01:51.000 | INFO     | et_miner.gpu.row_split_chunks:run_chunked_dense_level:285 -   K=5 chunk 6/84 filtering: 70 candidates → 0 frequent (0.0% pass rate, min_count=769)
2026-09-02 07:01:51.001 | DEBUG    | et_miner.gpu.row_split_chunks:run_chunked_dense_level:267 -     K=5 chunk 7/84: candidates [1,088,042, 1,089,704)
2026-09-02 07:01:51.078 | INFO     | et_miner.gpu.row_split_chunks:run_chunked_dense_level:285 -   K=5 chunk 7/84 filtering: 1,662 candidates → 1 frequent (0.1% pass rate, min_count=769)
2026-09-02 07:01:51.078 | DEBUG    | et_miner.gpu.row_split_chunks:run_chunked_dense_level:267 -     K=5 chunk 8/84: candidates [1,089,704, 1,089,781) (legacy sub-chunk)
2026-09-02 07:01:51.082 | INFO     | et_miner.gpu.row_split_chunks:run_chunked_dense_level:285 -   K=5 chunk 8/84 filtering: 77 candidates → 0 frequent (0.0% pass rate, min_count=769)
2026-09-02 07:01:51.082 | DEBUG    | et_miner.gpu.row_split_chunks:run_chunked_dense_level:267 -     K=5 chunk 9/84: candidates [1,089,781, 1,090,403)
2026-09-02 07:01:51.143 | INFO     | et_miner.gpu.row_split_chunks:run_chunked_dense_level:285 -   K=5 chunk 9/84 filtering: 622 candidates → 0 frequent (0.0% pass rate, min_count=769)
2026-09-02 07:01:51.143 | DEBUG    | et_miner.gpu.row_split_chunks:run_chunked_dense_level:267 -     K=5 chunk 10/84: candidates [1,090,403, 1,090,435) (legacy sub-chunk)
2026-09-02 07:01:51.147 | INFO     | et_miner.gpu.row_split_chunks:run_chunked_dense_level:285 -   K=5 chunk 10/84 filtering: 32 candidates → 0 frequent (0.0% pass rate, min_count=769)
2026-09-02 07:01:51.147 | DEBUG    | et_miner.gpu.row_split_chunks:run_chunked_dense_level:267 -     K=5 chunk 11/84: candidates [1,090,435, 1,091,088)
2026-09-02 07:01:51.210 | INFO     | et_miner.gpu.row_split_chunks:run_chunked_dense_level:285 -   K=5 chunk 11/84 filtering: 653 candidates → 0 frequent (0.0% pass rate, min_count=769)
2026-09-02 07:01:51.210 | DEBUG    | et_miner.gpu.row_split_chunks:run_chunked_dense_level:267 -     K=5 chunk 12/84: candidates [1,091,088, 1,091,137) (legacy sub-chunk)
2026-09-02 07:01:51.214 | INFO     | et_miner.gpu.row_split_chunks:run_chunked_dense_level:285 -   K=5 chunk 12/84 filtering: 49 candidates → 0 frequent (0.0% pass rate, min_count=769)
2026-09-02 07:01:51.214 | DEBUG    | et_miner.gpu.row_split_chunks:run_chunked_dense_level:267 -     K=5 chunk 13/84: candidates [1,091,137, 1,091,508)
2026-09-02 07:01:51.278 | INFO     | et_miner.gpu.row_split_chunks:run_chunked_dense_level:285 -   K=5 chunk 13/84 filtering: 371 candidates → 0 frequent (0.0% pass rate, min_count=769)
2026-09-02 07:01:51.278 | DEBUG    | et_miner.gpu.row_split_chunks:run_chunked_dense_level:267 -     K=5 chunk 14/84: candidates [1,091,508, 1,091,518) (legacy sub-chunk)
2026-09-02 07:01:51.282 | INFO     | et_miner.gpu.row_split_chunks:run_chunked_dense_level:285 -   K=5 chunk 14/84 filtering: 10 candidates → 0 frequent (0.0% pass rate, min_count=769)
2026-09-02 07:01:51.282 | DEBUG    | et_miner.gpu.row_split_chunks:run_chunked_dense_level:267 -     K=5 chunk 15/84: candidates [1,091,518, 1,091,795)
2026-09-02 07:01:51.344 | INFO     | et_miner.gpu.row_split_chunks:run_chunked_dense_level:285 -   K=5 chunk 15/84 filtering: 277 candidates → 0 frequent (0.0% pass rate, min_count=769)
2026-09-02 07:01:51.344 | DEBUG    | et_miner.gpu.row_split_chunks:run_chunked_dense_level:267 -     K=5 chunk 16/84: candidates [1,091,795, 1,091,859) (legacy sub-chunk)
2026-09-02 07:01:51.348 | INFO     | et_miner.gpu.row_split_chunks:run_chunked_dense_level:285 -   K=5 chunk 16/84 filtering: 64 candidates → 0 frequent (0.0% pass rate, min_count=769)
2026-09-02 07:01:51.348 | DEBUG    | et_miner.gpu.row_split_chunks:run_chunked_dense_level:267 -     K=5 chunk 17/84: candidates [1,091,859, 1,092,016)
2026-09-02 07:01:51.403 | INFO     | et_miner.gpu.row_split_chunks:run_chunked_dense_level:285 -   K=5 chunk 17/84 filtering: 157 candidates → 0 frequent (0.0% pass rate, min_count=769)
2026-09-02 07:01:51.403 | DEBUG    | et_miner.gpu.row_split_chunks:run_chunked_dense_level:267 -     K=5 chunk 18/84: candidates [1,092,016, 1,093,477) (legacy sub-chunk)
2026-09-02 07:01:51.412 | INFO     | et_miner.gpu.row_split_chunks:run_chunked_dense_level:285 -   K=5 chunk 18/84 filtering: 1,461 candidates → 0 frequent (0.0% pass rate, min_count=769)
2026-09-02 07:01:51.412 | DEBUG    | et_miner.gpu.row_split_chunks:run_chunked_dense_level:267 -     K=5 chunk 19/84: candidates [1,093,477, 1,233,030)
2026-09-02 07:01:51.533 | INFO     | et_miner.gpu.row_split_chunks:run_chunked_dense_level:285 -   K=5 chunk 19/84 filtering: 139,553 candidates → 162 frequent (0.1% pass rate, min_count=769)
2026-09-02 07:01:51.533 | DEBUG    | et_miner.gpu.row_split_chunks:run_chunked_dense_level:267 -     K=5 chunk 20/84: candidates [1,233,030, 1,233,067) (legacy sub-chunk)
2026-09-02 07:01:51.538 | INFO     | et_miner.gpu.row_split_chunks:run_chunked_dense_level:285 -   K=5 chunk 20/84 filtering: 37 candidates → 0 frequent (0.0% pass rate, min_count=769)
2026-09-02 07:01:51.538 | DEBUG    | et_miner.gpu.row_split_chunks:run_chunked_dense_level:267 -     K=5 chunk 21/84: candidates [1,233,067, 1,320,616)
2026-09-02 07:01:51.653 | INFO     | et_miner.gpu.row_split_chunks:run_chunked_dense_level:285 -   K=5 chunk 21/84 filtering: 87,549 candidates → 69 frequent (0.1% pass rate, min_count=769)
2026-09-02 07:01:51.653 | DEBUG    | et_miner.gpu.row_split_chunks:run_chunked_dense_level:267 -     K=5 chunk 22/84: candidates [1,320,616, 1,320,663) (legacy sub-chunk)
2026-09-02 07:01:51.657 | INFO     | et_miner.gpu.row_split_chunks:run_chunked_dense_level:285 -   K=5 chunk 22/84 filtering: 47 candidates → 0 frequent (0.0% pass rate, min_count=769)
2026-09-02 07:01:51.657 | DEBUG    | et_miner.gpu.row_split_chunks:run_chunked_dense_level:267 -     K=5 chunk 23/84: candidates [1,320,663, 1,377,999)
2026-09-02 07:01:51.768 | INFO     | et_miner.gpu.row_split_chunks:run_chunked_dense_level:285 -   K=5 chunk 23/84 filtering: 57,336 candidates → 22 frequent (0.0% pass rate, min_count=769)
2026-09-02 07:01:51.769 | DEBUG    | et_miner.gpu.row_split_chunks:run_chunked_dense_level:267 -     K=5 chunk 24/84: candidates [1,377,999, 1,378,127) (legacy sub-chunk)
2026-09-02 07:01:51.772 | INFO     | et_miner.gpu.row_split_chunks:run_chunked_dense_level:285 -   K=5 chunk 24/84 filtering: 128 candidates → 0 frequent (0.0% pass rate, min_count=769)
2026-09-02 07:01:51.773 | DEBUG    | et_miner.gpu.row_split_chunks:run_chunked_dense_level:267 -     K=5 chunk 25/84: candidates [1,378,127, 1,418,254)
2026-09-02 07:01:51.883 | INFO     | et_miner.gpu.row_split_chunks:run_chunked_dense_level:285 -   K=5 chunk 25/84 filtering: 40,127 candidates → 5 frequent (0.0% pass rate, min_count=769)
2026-09-02 07:01:51.883 | DEBUG    | et_miner.gpu.row_split_chunks:run_chunked_dense_level:267 -     K=5 chunk 26/84: candidates [1,418,254, 1,418,419) (legacy sub-chunk)
2026-09-02 07:01:51.887 | INFO     | et_miner.gpu.row_split_chunks:run_chunked_dense_level:285 -   K=5 chunk 26/84 filtering: 165 candidates → 0 frequent (0.0% pass rate, min_count=769)
2026-09-02 07:01:51.888 | DEBUG    | et_miner.gpu.row_split_chunks:run_chunked_dense_level:267 -     K=5 chunk 27/84: candidates [1,418,419, 1,433,999)
2026-09-02 07:01:51.972 | INFO     | et_miner.gpu.row_split_chunks:run_chunked_dense_level:285 -   K=5 chunk 27/84 filtering: 15,580 candidates → 0 frequent (0.0% pass rate, min_count=769)
2026-09-02 07:01:51.973 | DEBUG    | et_miner.gpu.row_split_chunks:run_chunked_dense_level:267 -     K=5 chunk 28/84: candidates [1,433,999, 1,434,143) (legacy sub-chunk)
2026-09-02 07:01:51.977 | INFO     | et_miner.gpu.row_split_chunks:run_chunked_dense_level:285 -   K=5 chunk 28/84 filtering: 144 candidates → 0 frequent (0.0% pass rate, min_count=769)
2026-09-02 07:01:51.977 | DEBUG    | et_miner.gpu.row_split_chunks:run_chunked_dense_level:267 -     K=5 chunk 29/84: candidates [1,434,143, 1,440,757)
2026-09-02 07:01:52.070 | INFO     | et_miner.gpu.row_split_chunks:run_chunked_dense_level:285 -   K=5 chunk 29/84 filtering: 6,614 candidates → 0 frequent (0.0% pass rate, min_count=769)
2026-09-02 07:01:52.070 | DEBUG    | et_miner.gpu.row_split_chunks:run_chunked_dense_level:267 -     K=5 chunk 30/84: candidates [1,440,757, 1,440,894) (legacy sub-chunk)
2026-09-02 07:01:52.074 | INFO     | et_miner.gpu.row_split_chunks:run_chunked_dense_level:285 -   K=5 chunk 30/84 filtering: 137 candidates → 0 frequent (0.0% pass rate, min_count=769)
2026-09-02 07:01:52.074 | DEBUG    | et_miner.gpu.row_split_chunks:run_chunked_dense_level:267 -     K=5 chunk 31/84: candidates [1,440,894, 1,444,321)
2026-09-02 07:01:52.173 | INFO     | et_miner.gpu.row_split_chunks:run_chunked_dense_level:285 -   K=5 chunk 31/84 filtering: 3,427 candidates → 0 frequent (0.0% pass rate, min_count=769)
2026-09-02 07:01:52.173 | DEBUG    | et_miner.gpu.row_split_chunks:run_chunked_dense_level:267 -     K=5 chunk 32/84: candidates [1,444,321, 1,444,432) (legacy sub-chunk)
2026-09-02 07:01:52.177 | INFO     | et_miner.gpu.row_split_chunks:run_chunked_dense_level:285 -   K=5 chunk 32/84 filtering: 111 candidates → 0 frequent (0.0% pass rate, min_count=769)
2026-09-02 07:01:52.177 | DEBUG    | et_miner.gpu.row_split_chunks:run_chunked_dense_level:267 -     K=5 chunk 33/84: candidates [1,444,432, 1,445,496)
2026-09-02 07:01:52.262 | INFO     | et_miner.gpu.row_split_chunks:run_chunked_dense_level:285 -   K=5 chunk 33/84 filtering: 1,064 candidates → 0 frequent (0.0% pass rate, min_count=769)
2026-09-02 07:01:52.262 | DEBUG    | et_miner.gpu.row_split_chunks:run_chunked_dense_level:267 -     K=5 chunk 34/84: candidates [1,445,496, 1,445,614) (legacy sub-chunk)
2026-09-02 07:01:52.266 | INFO     | et_miner.gpu.row_split_chunks:run_chunked_dense_level:285 -   K=5 chunk 34/84 filtering: 118 candidates → 0 frequent (0.0% pass rate, min_count=769)
2026-09-02 07:01:52.267 | DEBUG    | et_miner.gpu.row_split_chunks:run_chunked_dense_level:267 -     K=5 chunk 35/84: candidates [1,445,614, 1,445,862)
2026-09-02 07:01:52.323 | INFO     | et_miner.gpu.row_split_chunks:run_chunked_dense_level:285 -   K=5 chunk 35/84 filtering: 248 candidates → 0 frequent (0.0% pass rate, min_count=769)
2026-09-02 07:01:52.323 | DEBUG    | et_miner.gpu.row_split_chunks:run_chunked_dense_level:267 -     K=5 chunk 36/84: candidates [1,445,862, 1,446,012) (legacy sub-chunk)
2026-09-02 07:01:52.328 | INFO     | et_miner.gpu.row_split_chunks:run_chunked_dense_level:285 -   K=5 chunk 36/84 filtering: 150 candidates → 0 frequent (0.0% pass rate, min_count=769)
2026-09-02 07:01:52.328 | DEBUG    | et_miner.gpu.row_split_chunks:run_chunked_dense_level:267 -     K=5 chunk 37/84: candidates [1,446,012, 1,447,355)
2026-09-02 07:01:52.402 | INFO     | et_miner.gpu.row_split_chunks:run_chunked_dense_level:285 -   K=5 chunk 37/84 filtering: 1,343 candidates → 0 frequent (0.0% pass rate, min_count=769)
2026-09-02 07:01:52.402 | DEBUG    | et_miner.gpu.row_split_chunks:run_chunked_dense_level:267 -     K=5 chunk 38/84: candidates [1,447,355, 1,447,456) (legacy sub-chunk)
2026-09-02 07:01:52.406 | INFO     | et_miner.gpu.row_split_chunks:run_chunked_dense_level:285 -   K=5 chunk 38/84 filtering: 101 candidates → 0 frequent (0.0% pass rate, min_count=769)
2026-09-02 07:01:52.406 | DEBUG    | et_miner.gpu.row_split_chunks:run_chunked_dense_level:267 -     K=5 chunk 39/84: candidates [1,447,456, 1,448,414)
2026-09-02 07:01:52.479 | INFO     | et_miner.gpu.row_split_chunks:run_chunked_dense_level:285 -   K=5 chunk 39/84 filtering: 958 candidates → 0 frequent (0.0% pass rate, min_count=769)
2026-09-02 07:01:52.479 | DEBUG    | et_miner.gpu.row_split_chunks:run_chunked_dense_level:267 -     K=5 chunk 40/84: candidates [1,448,414, 1,448,463) (legacy sub-chunk)
2026-09-02 07:01:52.483 | INFO     | et_miner.gpu.row_split_chunks:run_chunked_dense_level:285 -   K=5 chunk 40/84 filtering: 49 candidates → 0 frequent (0.0% pass rate, min_count=769)
2026-09-02 07:01:52.483 | DEBUG    | et_miner.gpu.row_split_chunks:run_chunked_dense_level:267 -     K=5 chunk 41/84: candidates [1,448,463, 1,448,632)
2026-09-02 07:01:52.537 | INFO     | et_miner.gpu.row_split_chunks:run_chunked_dense_level:285 -   K=5 chunk 41/84 filtering: 169 candidates → 0 frequent (0.0% pass rate, min_count=769)
2026-09-02 07:01:52.538 | DEBUG    | et_miner.gpu.row_split_chunks:run_chunked_dense_level:267 -     K=5 chunk 42/84: candidates [1,448,632, 1,448,720) (legacy sub-chunk)
2026-09-02 07:01:52.542 | INFO     | et_miner.gpu.row_split_chunks:run_chunked_dense_level:285 -   K=5 chunk 42/84 filtering: 88 candidates → 0 frequent (0.0% pass rate, min_count=769)
2026-09-02 07:01:52.542 | DEBUG    | et_miner.gpu.row_split_chunks:run_chunked_dense_level:267 -     K=5 chunk 43/84: candidates [1,448,720, 1,448,903)
2026-09-02 07:01:52.596 | INFO     | et_miner.gpu.row_split_chunks:run_chunked_dense_level:285 -   K=5 chunk 43/84 filtering: 183 candidates → 0 frequent (0.0% pass rate, min_count=769)
2026-09-02 07:01:52.597 | DEBUG    | et_miner.gpu.row_split_chunks:run_chunked_dense_level:267 -     K=5 chunk 44/84: candidates [1,448,903, 1,448,974) (legacy sub-chunk)
2026-09-02 07:01:52.601 | INFO     | et_miner.gpu.row_split_chunks:run_chunked_dense_level:285 -   K=5 chunk 44/84 filtering: 71 candidates → 0 frequent (0.0% pass rate, min_count=769)
2026-09-02 07:01:52.601 | DEBUG    | et_miner.gpu.row_split_chunks:run_chunked_dense_level:267 -     K=5 chunk 45/84: candidates [1,448,974, 1,449,040)
2026-09-02 07:01:52.657 | INFO     | et_miner.gpu.row_split_chunks:run_chunked_dense_level:285 -   K=5 chunk 45/84 filtering: 66 candidates → 0 frequent (0.0% pass rate, min_count=769)
2026-09-02 07:01:52.658 | DEBUG    | et_miner.gpu.row_split_chunks:run_chunked_dense_level:267 -     K=5 chunk 46/84: candidates [1,449,040, 1,449,724) (legacy sub-chunk)
2026-09-02 07:01:52.663 | INFO     | et_miner.gpu.row_split_chunks:run_chunked_dense_level:285 -   K=5 chunk 46/84 filtering: 684 candidates → 0 frequent (0.0% pass rate, min_count=769)
2026-09-02 07:01:52.664 | DEBUG    | et_miner.gpu.row_split_chunks:run_chunked_dense_level:267 -     K=5 chunk 47/84: candidates [1,449,724, 1,523,766)
2026-09-02 07:01:52.768 | INFO     | et_miner.gpu.row_split_chunks:run_chunked_dense_level:285 -   K=5 chunk 47/84 filtering: 74,042 candidates → 84 frequent (0.1% pass rate, min_count=769)
2026-09-02 07:01:52.768 | DEBUG    | et_miner.gpu.row_split_chunks:run_chunked_dense_level:267 -     K=5 chunk 48/84: candidates [1,523,766, 1,523,918) (legacy sub-chunk)
2026-09-02 07:01:52.772 | INFO     | et_miner.gpu.row_split_chunks:run_chunked_dense_level:285 -   K=5 chunk 48/84 filtering: 152 candidates → 0 frequent (0.0% pass rate, min_count=769)
2026-09-02 07:01:52.772 | DEBUG    | et_miner.gpu.row_split_chunks:run_chunked_dense_level:267 -     K=5 chunk 49/84: candidates [1,523,918, 1,569,813)
2026-09-02 07:01:52.879 | INFO     | et_miner.gpu.row_split_chunks:run_chunked_dense_level:285 -   K=5 chunk 49/84 filtering: 45,895 candidates → 31 frequent (0.1% pass rate, min_count=769)
2026-09-02 07:01:52.879 | DEBUG    | et_miner.gpu.row_split_chunks:run_chunked_dense_level:267 -     K=5 chunk 50/84: candidates [1,569,813, 1,569,951) (legacy sub-chunk)
2026-09-02 07:01:52.883 | INFO     | et_miner.gpu.row_split_chunks:run_chunked_dense_level:285 -   K=5 chunk 50/84 filtering: 138 candidates → 0 frequent (0.0% pass rate, min_count=769)
2026-09-02 07:01:52.883 | DEBUG    | et_miner.gpu.row_split_chunks:run_chunked_dense_level:267 -     K=5 chunk 51/84: candidates [1,569,951, 1,599,687)
2026-09-02 07:01:52.981 | INFO     | et_miner.gpu.row_split_chunks:run_chunked_dense_level:285 -   K=5 chunk 51/84 filtering: 29,736 candidates → 9 frequent (0.0% pass rate, min_count=769)
2026-09-02 07:01:52.981 | DEBUG    | et_miner.gpu.row_split_chunks:run_chunked_dense_level:267 -     K=5 chunk 52/84: candidates [1,599,687, 1,599,789) (legacy sub-chunk)
2026-09-02 07:01:52.985 | INFO     | et_miner.gpu.row_split_chunks:run_chunked_dense_level:285 -   K=5 chunk 52/84 filtering: 102 candidates → 0 frequent (0.0% pass rate, min_count=769)
2026-09-02 07:01:52.986 | DEBUG    | et_miner.gpu.row_split_chunks:run_chunked_dense_level:267 -     K=5 chunk 53/84: candidates [1,599,789, 1,618,981)
2026-09-02 07:01:53.071 | INFO     | et_miner.gpu.row_split_chunks:run_chunked_dense_level:285 -   K=5 chunk 53/84 filtering: 19,192 candidates → 1 frequent (0.0% pass rate, min_count=769)
2026-09-02 07:01:53.071 | DEBUG    | et_miner.gpu.row_split_chunks:run_chunked_dense_level:267 -     K=5 chunk 54/84: candidates [1,618,981, 1,619,084) (legacy sub-chunk)
2026-09-02 07:01:53.075 | INFO     | et_miner.gpu.row_split_chunks:run_chunked_dense_level:285 -   K=5 chunk 54/84 filtering: 103 candidates → 0 frequent (0.0% pass rate, min_count=769)
2026-09-02 07:01:53.075 | DEBUG    | et_miner.gpu.row_split_chunks:run_chunked_dense_level:267 -     K=5 chunk 55/84: candidates [1,619,084, 1,626,531)
2026-09-02 07:01:53.170 | INFO     | et_miner.gpu.row_split_chunks:run_chunked_dense_level:285 -   K=5 chunk 55/84 filtering: 7,447 candidates → 0 frequent (0.0% pass rate, min_count=769)
2026-09-02 07:01:53.170 | DEBUG    | et_miner.gpu.row_split_chunks:run_chunked_dense_level:267 -     K=5 chunk 56/84: candidates [1,626,531, 1,626,628) (legacy sub-chunk)
2026-09-02 07:01:53.174 | INFO     | et_miner.gpu.row_split_chunks:run_chunked_dense_level:285 -   K=5 chunk 56/84 filtering: 97 candidates → 0 frequent (0.0% pass rate, min_count=769)
2026-09-02 07:01:53.175 | DEBUG    | et_miner.gpu.row_split_chunks:run_chunked_dense_level:267 -     K=5 chunk 57/84: candidates [1,626,628, 1,629,487)
2026-09-02 07:01:53.259 | INFO     | et_miner.gpu.row_split_chunks:run_chunked_dense_level:285 -   K=5 chunk 57/84 filtering: 2,859 candidates → 0 frequent (0.0% pass rate, min_count=769)
2026-09-02 07:01:53.259 | DEBUG    | et_miner.gpu.row_split_chunks:run_chunked_dense_level:267 -     K=5 chunk 58/84: candidates [1,629,487, 1,629,609) (legacy sub-chunk)
2026-09-02 07:01:53.263 | INFO     | et_miner.gpu.row_split_chunks:run_chunked_dense_level:285 -   K=5 chunk 58/84 filtering: 122 candidates → 0 frequent (0.0% pass rate, min_count=769)
2026-09-02 07:01:53.263 | DEBUG    | et_miner.gpu.row_split_chunks:run_chunked_dense_level:267 -     K=5 chunk 59/84: candidates [1,629,609, 1,630,875)
2026-09-02 07:01:53.336 | INFO     | et_miner.gpu.row_split_chunks:run_chunked_dense_level:285 -   K=5 chunk 59/84 filtering: 1,266 candidates → 0 frequent (0.0% pass rate, min_count=769)
2026-09-02 07:01:53.336 | DEBUG    | et_miner.gpu.row_split_chunks:run_chunked_dense_level:267 -     K=5 chunk 60/84: candidates [1,630,875, 1,631,027) (legacy sub-chunk)
2026-09-02 07:01:53.340 | INFO     | et_miner.gpu.row_split_chunks:run_chunked_dense_level:285 -   K=5 chunk 60/84 filtering: 152 candidates → 0 frequent (0.0% pass rate, min_count=769)
2026-09-02 07:01:53.340 | DEBUG    | et_miner.gpu.row_split_chunks:run_chunked_dense_level:267 -     K=5 chunk 61/84: candidates [1,631,027, 1,631,386)
2026-09-02 07:01:53.408 | INFO     | et_miner.gpu.row_split_chunks:run_chunked_dense_level:285 -   K=5 chunk 61/84 filtering: 359 candidates → 0 frequent (0.0% pass rate, min_count=769)
2026-09-02 07:01:53.408 | DEBUG    | et_miner.gpu.row_split_chunks:run_chunked_dense_level:267 -     K=5 chunk 62/84: candidates [1,631,386, 1,631,677) (legacy sub-chunk)
2026-09-02 07:01:53.413 | INFO     | et_miner.gpu.row_split_chunks:run_chunked_dense_level:285 -   K=5 chunk 62/84 filtering: 291 candidates → 0 frequent (0.0% pass rate, min_count=769)
2026-09-02 07:01:53.413 | DEBUG    | et_miner.gpu.row_split_chunks:run_chunked_dense_level:267 -     K=5 chunk 63/84: candidates [1,631,677, 1,636,250)
2026-09-02 07:01:53.501 | INFO     | et_miner.gpu.row_split_chunks:run_chunked_dense_level:285 -   K=5 chunk 63/84 filtering: 4,573 candidates → 1 frequent (0.0% pass rate, min_count=769)
2026-09-02 07:01:53.501 | DEBUG    | et_miner.gpu.row_split_chunks:run_chunked_dense_level:267 -     K=5 chunk 64/84: candidates [1,636,250, 1,636,275) (legacy sub-chunk)
2026-09-02 07:01:53.505 | INFO     | et_miner.gpu.row_split_chunks:run_chunked_dense_level:285 -   K=5 chunk 64/84 filtering: 25 candidates → 0 frequent (0.0% pass rate, min_count=769)
2026-09-02 07:01:53.505 | DEBUG    | et_miner.gpu.row_split_chunks:run_chunked_dense_level:267 -     K=5 chunk 65/84: candidates [1,636,275, 1,638,727)
2026-09-02 07:01:53.589 | INFO     | et_miner.gpu.row_split_chunks:run_chunked_dense_level:285 -   K=5 chunk 65/84 filtering: 2,452 candidates → 0 frequent (0.0% pass rate, min_count=769)
2026-09-02 07:01:53.589 | DEBUG    | et_miner.gpu.row_split_chunks:run_chunked_dense_level:267 -     K=5 chunk 66/84: candidates [1,638,727, 1,638,741) (legacy sub-chunk)
2026-09-02 07:01:53.593 | INFO     | et_miner.gpu.row_split_chunks:run_chunked_dense_level:285 -   K=5 chunk 66/84 filtering: 14 candidates → 0 frequent (0.0% pass rate, min_count=769)
2026-09-02 07:01:53.593 | DEBUG    | et_miner.gpu.row_split_chunks:run_chunked_dense_level:267 -     K=5 chunk 67/84: candidates [1,638,741, 1,640,021)
2026-09-02 07:01:53.676 | INFO     | et_miner.gpu.row_split_chunks:run_chunked_dense_level:285 -   K=5 chunk 67/84 filtering: 1,280 candidates → 0 frequent (0.0% pass rate, min_count=769)
2026-09-02 07:01:53.677 | DEBUG    | et_miner.gpu.row_split_chunks:run_chunked_dense_level:267 -     K=5 chunk 68/84: candidates [1,640,021, 1,640,036) (legacy sub-chunk)
2026-09-02 07:01:53.680 | INFO     | et_miner.gpu.row_split_chunks:run_chunked_dense_level:285 -   K=5 chunk 68/84 filtering: 15 candidates → 0 frequent (0.0% pass rate, min_count=769)
2026-09-02 07:01:53.681 | DEBUG    | et_miner.gpu.row_split_chunks:run_chunked_dense_level:267 -     K=5 chunk 69/84: candidates [1,640,036, 1,640,448)
2026-09-02 07:01:53.740 | INFO     | et_miner.gpu.row_split_chunks:run_chunked_dense_level:285 -   K=5 chunk 69/84 filtering: 412 candidates → 0 frequent (0.0% pass rate, min_count=769)
2026-09-02 07:01:53.741 | DEBUG    | et_miner.gpu.row_split_chunks:run_chunked_dense_level:267 -     K=5 chunk 70/84: candidates [1,640,448, 1,640,469) (legacy sub-chunk)
2026-09-02 07:01:53.745 | INFO     | et_miner.gpu.row_split_chunks:run_chunked_dense_level:285 -   K=5 chunk 70/84 filtering: 21 candidates → 0 frequent (0.0% pass rate, min_count=769)
2026-09-02 07:01:53.745 | DEBUG    | et_miner.gpu.row_split_chunks:run_chunked_dense_level:267 -     K=5 chunk 71/84: candidates [1,640,469, 1,640,574)
2026-09-02 07:01:53.805 | INFO     | et_miner.gpu.row_split_chunks:run_chunked_dense_level:285 -   K=5 chunk 71/84 filtering: 105 candidates → 0 frequent (0.0% pass rate, min_count=769)
2026-09-02 07:01:53.806 | DEBUG    | et_miner.gpu.row_split_chunks:run_chunked_dense_level:267 -     K=5 chunk 72/84: candidates [1,640,574, 1,640,644) (legacy sub-chunk)
2026-09-02 07:01:53.810 | INFO     | et_miner.gpu.row_split_chunks:run_chunked_dense_level:285 -   K=5 chunk 72/84 filtering: 70 candidates → 0 frequent (0.0% pass rate, min_count=769)
2026-09-02 07:01:53.810 | DEBUG    | et_miner.gpu.row_split_chunks:run_chunked_dense_level:267 -     K=5 chunk 73/84: candidates [1,640,644, 1,642,397)
2026-09-02 07:01:53.884 | INFO     | et_miner.gpu.row_split_chunks:run_chunked_dense_level:285 -   K=5 chunk 73/84 filtering: 1,753 candidates → 0 frequent (0.0% pass rate, min_count=769)
2026-09-02 07:01:53.884 | DEBUG    | et_miner.gpu.row_split_chunks:run_chunked_dense_level:267 -     K=5 chunk 74/84: candidates [1,642,397, 1,642,434) (legacy sub-chunk)
2026-09-02 07:01:53.888 | INFO     | et_miner.gpu.row_split_chunks:run_chunked_dense_level:285 -   K=5 chunk 74/84 filtering: 37 candidates → 0 frequent (0.0% pass rate, min_count=769)
2026-09-02 07:01:53.889 | DEBUG    | et_miner.gpu.row_split_chunks:run_chunked_dense_level:267 -     K=5 chunk 75/84: candidates [1,642,434, 1,643,332)
2026-09-02 07:01:53.965 | INFO     | et_miner.gpu.row_split_chunks:run_chunked_dense_level:285 -   K=5 chunk 75/84 filtering: 898 candidates → 0 frequent (0.0% pass rate, min_count=769)
2026-09-02 07:01:53.965 | DEBUG    | et_miner.gpu.row_split_chunks:run_chunked_dense_level:267 -     K=5 chunk 76/84: candidates [1,643,332, 1,643,381) (legacy sub-chunk)
2026-09-02 07:01:53.970 | INFO     | et_miner.gpu.row_split_chunks:run_chunked_dense_level:285 -   K=5 chunk 76/84 filtering: 49 candidates → 0 frequent (0.0% pass rate, min_count=769)
2026-09-02 07:01:53.970 | DEBUG    | et_miner.gpu.row_split_chunks:run_chunked_dense_level:267 -     K=5 chunk 77/84: candidates [1,643,381, 1,643,654)
2026-09-02 07:01:54.031 | INFO     | et_miner.gpu.row_split_chunks:run_chunked_dense_level:285 -   K=5 chunk 77/84 filtering: 273 candidates → 0 frequent (0.0% pass rate, min_count=769)
2026-09-02 07:01:54.031 | DEBUG    | et_miner.gpu.row_split_chunks:run_chunked_dense_level:267 -     K=5 chunk 78/84: candidates [1,643,654, 1,643,781) (legacy sub-chunk)
2026-09-02 07:01:54.035 | INFO     | et_miner.gpu.row_split_chunks:run_chunked_dense_level:285 -   K=5 chunk 78/84 filtering: 127 candidates → 0 frequent (0.0% pass rate, min_count=769)
2026-09-02 07:01:54.035 | DEBUG    | et_miner.gpu.row_split_chunks:run_chunked_dense_level:267 -     K=5 chunk 79/84: candidates [1,643,781, 1,644,583)
2026-09-02 07:01:54.111 | INFO     | et_miner.gpu.row_split_chunks:run_chunked_dense_level:285 -   K=5 chunk 79/84 filtering: 802 candidates → 0 frequent (0.0% pass rate, min_count=769)
2026-09-02 07:01:54.111 | DEBUG    | et_miner.gpu.row_split_chunks:run_chunked_dense_level:267 -     K=5 chunk 80/84: candidates [1,644,583, 1,644,604) (legacy sub-chunk)
2026-09-02 07:01:54.115 | INFO     | et_miner.gpu.row_split_chunks:run_chunked_dense_level:285 -   K=5 chunk 80/84 filtering: 21 candidates → 0 frequent (0.0% pass rate, min_count=769)
2026-09-02 07:01:54.115 | DEBUG    | et_miner.gpu.row_split_chunks:run_chunked_dense_level:267 -     K=5 chunk 81/84: candidates [1,644,604, 1,644,835)
2026-09-02 07:01:54.176 | INFO     | et_miner.gpu.row_split_chunks:run_chunked_dense_level:285 -   K=5 chunk 81/84 filtering: 231 candidates → 0 frequent (0.0% pass rate, min_count=769)
2026-09-02 07:01:54.176 | DEBUG    | et_miner.gpu.row_split_chunks:run_chunked_dense_level:267 -     K=5 chunk 82/84: candidates [1,644,835, 1,644,940) (legacy sub-chunk)
2026-09-02 07:01:54.180 | INFO     | et_miner.gpu.row_split_chunks:run_chunked_dense_level:285 -   K=5 chunk 82/84 filtering: 105 candidates → 0 frequent (0.0% pass rate, min_count=769)
2026-09-02 07:01:54.180 | DEBUG    | et_miner.gpu.row_split_chunks:run_chunked_dense_level:267 -     K=5 chunk 83/84: candidates [1,644,940, 1,645,154)
2026-09-02 07:01:54.241 | INFO     | et_miner.gpu.row_split_chunks:run_chunked_dense_level:285 -   K=5 chunk 83/84 filtering: 214 candidates → 0 frequent (0.0% pass rate, min_count=769)
2026-09-02 07:01:54.241 | DEBUG    | et_miner.gpu.row_split_chunks:run_chunked_dense_level:267 -     K=5 chunk 84/84: candidates [1,645,154, 1,645,258) (legacy sub-chunk)
2026-09-02 07:01:54.245 | INFO     | et_miner.gpu.row_split_chunks:run_chunked_dense_level:285 -   K=5 chunk 84/84 filtering: 104 candidates → 0 frequent (0.0% pass rate, min_count=769)
2026-09-02 07:01:54.246 | INFO     | et_miner.gpu.row_split:_apriori_row_split_multi_gpu:599 -   K=5: 2,000 frequent in 4.0s
2026-09-02 07:01:54.248 | DEBUG    | et_miner.gpu.row_split:_apriori_row_split_multi_gpu:631 -     Pruning: zeroed 891 dead bitvecs at K=5 (4084 MB logical × 2 GPUs)
2026-09-02 07:01:54.254 | DEBUG    | et_miner.gpu.row_split:_apriori_row_split_multi_gpu:535 -   K=6: 33,655 candidates, 30 chunk(s), group data 0.0 GB, budget 3,149,220,967 cands/chunk
2026-09-02 07:01:54.255 | DEBUG    | et_miner.gpu.row_split_chunks:run_chunked_dense_level:267 -     K=6 chunk 1/30: candidates [0, 78)
2026-09-02 07:01:54.309 | INFO     | et_miner.gpu.row_split_chunks:run_chunked_dense_level:285 -   K=6 chunk 1/30 filtering: 78 candidates → 0 frequent (0.0% pass rate, min_count=769)
2026-09-02 07:01:54.310 | DEBUG    | et_miner.gpu.row_split_chunks:run_chunked_dense_level:267 -     K=6 chunk 2/30: candidates [78, 320) (legacy sub-chunk)
2026-09-02 07:01:54.314 | INFO     | et_miner.gpu.row_split_chunks:run_chunked_dense_level:285 -   K=6 chunk 2/30 filtering: 242 candidates → 0 frequent (0.0% pass rate, min_count=769)
2026-09-02 07:01:54.314 | DEBUG    | et_miner.gpu.row_split_chunks:run_chunked_dense_level:267 -     K=6 chunk 3/30: candidates [320, 14,308)
2026-09-02 07:01:54.410 | INFO     | et_miner.gpu.row_split_chunks:run_chunked_dense_level:285 -   K=6 chunk 3/30 filtering: 13,988 candidates → 16 frequent (0.1% pass rate, min_count=769)
2026-09-02 07:01:54.410 | DEBUG    | et_miner.gpu.row_split_chunks:run_chunked_dense_level:267 -     K=6 chunk 4/30: candidates [14,308, 14,427) (legacy sub-chunk)
2026-09-02 07:01:54.415 | INFO     | et_miner.gpu.row_split_chunks:run_chunked_dense_level:285 -   K=6 chunk 4/30 filtering: 119 candidates → 0 frequent (0.0% pass rate, min_count=769)
2026-09-02 07:01:54.416 | DEBUG    | et_miner.gpu.row_split_chunks:run_chunked_dense_level:267 -     K=6 chunk 5/30: candidates [14,427, 22,681)
2026-09-02 07:01:54.512 | INFO     | et_miner.gpu.row_split_chunks:run_chunked_dense_level:285 -   K=6 chunk 5/30 filtering: 8,254 candidates → 5 frequent (0.1% pass rate, min_count=769)
2026-09-02 07:01:54.512 | DEBUG    | et_miner.gpu.row_split_chunks:run_chunked_dense_level:267 -     K=6 chunk 6/30: candidates [22,681, 22,749) (legacy sub-chunk)
2026-09-02 07:01:54.517 | INFO     | et_miner.gpu.row_split_chunks:run_chunked_dense_level:285 -   K=6 chunk 6/30 filtering: 68 candidates → 0 frequent (0.0% pass rate, min_count=769)
2026-09-02 07:01:54.517 | DEBUG    | et_miner.gpu.row_split_chunks:run_chunked_dense_level:267 -     K=6 chunk 7/30: candidates [22,749, 27,712)
2026-09-02 07:01:54.617 | INFO     | et_miner.gpu.row_split_chunks:run_chunked_dense_level:285 -   K=6 chunk 7/30 filtering: 4,963 candidates → 0 frequent (0.0% pass rate, min_count=769)
2026-09-02 07:01:54.617 | DEBUG    | et_miner.gpu.row_split_chunks:run_chunked_dense_level:267 -     K=6 chunk 8/30: candidates [27,712, 27,812) (legacy sub-chunk)
2026-09-02 07:01:54.622 | INFO     | et_miner.gpu.row_split_chunks:run_chunked_dense_level:285 -   K=6 chunk 8/30 filtering: 100 candidates → 0 frequent (0.0% pass rate, min_count=769)
2026-09-02 07:01:54.623 | DEBUG    | et_miner.gpu.row_split_chunks:run_chunked_dense_level:267 -     K=6 chunk 9/30: candidates [27,812, 30,479)
2026-09-02 07:01:54.698 | INFO     | et_miner.gpu.row_split_chunks:run_chunked_dense_level:285 -   K=6 chunk 9/30 filtering: 2,667 candidates → 0 frequent (0.0% pass rate, min_count=769)
2026-09-02 07:01:54.699 | DEBUG    | et_miner.gpu.row_split_chunks:run_chunked_dense_level:267 -     K=6 chunk 10/30: candidates [30,479, 30,586) (legacy sub-chunk)
2026-09-02 07:01:54.703 | INFO     | et_miner.gpu.row_split_chunks:run_chunked_dense_level:285 -   K=6 chunk 10/30 filtering: 107 candidates → 0 frequent (0.0% pass rate, min_count=769)
2026-09-02 07:01:54.704 | DEBUG    | et_miner.gpu.row_split_chunks:run_chunked_dense_level:267 -     K=6 chunk 11/30: candidates [30,586, 31,383)
2026-09-02 07:01:54.774 | INFO     | et_miner.gpu.row_split_chunks:run_chunked_dense_level:285 -   K=6 chunk 11/30 filtering: 797 candidates → 0 frequent (0.0% pass rate, min_count=769)
2026-09-02 07:01:54.774 | DEBUG    | et_miner.gpu.row_split_chunks:run_chunked_dense_level:267 -     K=6 chunk 12/30: candidates [31,383, 31,401) (legacy sub-chunk)
2026-09-02 07:01:54.779 | INFO     | et_miner.gpu.row_split_chunks:run_chunked_dense_level:285 -   K=6 chunk 12/30 filtering: 18 candidates → 0 frequent (0.0% pass rate, min_count=769)
2026-09-02 07:01:54.779 | DEBUG    | et_miner.gpu.row_split_chunks:run_chunked_dense_level:267 -     K=6 chunk 13/30: candidates [31,401, 31,674)
2026-09-02 07:01:54.839 | INFO     | et_miner.gpu.row_split_chunks:run_chunked_dense_level:285 -   K=6 chunk 13/30 filtering: 273 candidates → 0 frequent (0.0% pass rate, min_count=769)
2026-09-02 07:01:54.839 | DEBUG    | et_miner.gpu.row_split_chunks:run_chunked_dense_level:267 -     K=6 chunk 14/30: candidates [31,674, 31,702) (legacy sub-chunk)
2026-09-02 07:01:54.844 | INFO     | et_miner.gpu.row_split_chunks:run_chunked_dense_level:285 -   K=6 chunk 14/30 filtering: 28 candidates → 0 frequent (0.0% pass rate, min_count=769)
2026-09-02 07:01:54.844 | DEBUG    | et_miner.gpu.row_split_chunks:run_chunked_dense_level:267 -     K=6 chunk 15/30: candidates [31,702, 31,793)
2026-09-02 07:01:54.901 | INFO     | et_miner.gpu.row_split_chunks:run_chunked_dense_level:285 -   K=6 chunk 15/30 filtering: 91 candidates → 0 frequent (0.0% pass rate, min_count=769)
2026-09-02 07:01:54.901 | DEBUG    | et_miner.gpu.row_split_chunks:run_chunked_dense_level:267 -     K=6 chunk 16/30: candidates [31,793, 31,821) (legacy sub-chunk)
2026-09-02 07:01:54.906 | INFO     | et_miner.gpu.row_split_chunks:run_chunked_dense_level:285 -   K=6 chunk 16/30 filtering: 28 candidates → 0 frequent (0.0% pass rate, min_count=769)
2026-09-02 07:01:54.906 | DEBUG    | et_miner.gpu.row_split_chunks:run_chunked_dense_level:267 -     K=6 chunk 17/30: candidates [31,821, 32,332)
2026-09-02 07:01:54.966 | INFO     | et_miner.gpu.row_split_chunks:run_chunked_dense_level:285 -   K=6 chunk 17/30 filtering: 511 candidates → 0 frequent (0.0% pass rate, min_count=769)
2026-09-02 07:01:54.966 | DEBUG    | et_miner.gpu.row_split_chunks:run_chunked_dense_level:267 -     K=6 chunk 18/30: candidates [32,332, 32,415) (legacy sub-chunk)
2026-09-02 07:01:54.970 | INFO     | et_miner.gpu.row_split_chunks:run_chunked_dense_level:285 -   K=6 chunk 18/30 filtering: 83 candidates → 0 frequent (0.0% pass rate, min_count=769)
2026-09-02 07:01:54.971 | DEBUG    | et_miner.gpu.row_split_chunks:run_chunked_dense_level:267 -     K=6 chunk 19/30: candidates [32,415, 32,683)
2026-09-02 07:01:55.033 | INFO     | et_miner.gpu.row_split_chunks:run_chunked_dense_level:285 -   K=6 chunk 19/30 filtering: 268 candidates → 0 frequent (0.0% pass rate, min_count=769)
2026-09-02 07:01:55.033 | DEBUG    | et_miner.gpu.row_split_chunks:run_chunked_dense_level:267 -     K=6 chunk 20/30: candidates [32,683, 32,727) (legacy sub-chunk)
2026-09-02 07:01:55.037 | INFO     | et_miner.gpu.row_split_chunks:run_chunked_dense_level:285 -   K=6 chunk 20/30 filtering: 44 candidates → 0 frequent (0.0% pass rate, min_count=769)
2026-09-02 07:01:55.038 | DEBUG    | et_miner.gpu.row_split_chunks:run_chunked_dense_level:267 -     K=6 chunk 21/30: candidates [32,727, 32,793)
2026-09-02 07:01:55.093 | INFO     | et_miner.gpu.row_split_chunks:run_chunked_dense_level:285 -   K=6 chunk 21/30 filtering: 66 candidates → 0 frequent (0.0% pass rate, min_count=769)
2026-09-02 07:01:55.093 | DEBUG    | et_miner.gpu.row_split_chunks:run_chunked_dense_level:267 -     K=6 chunk 22/30: candidates [32,793, 32,840) (legacy sub-chunk)
2026-09-02 07:01:55.097 | INFO     | et_miner.gpu.row_split_chunks:run_chunked_dense_level:285 -   K=6 chunk 22/30 filtering: 47 candidates → 0 frequent (0.0% pass rate, min_count=769)
2026-09-02 07:01:55.097 | DEBUG    | et_miner.gpu.row_split_chunks:run_chunked_dense_level:267 -     K=6 chunk 23/30: candidates [32,840, 33,011)
2026-09-02 07:01:55.160 | INFO     | et_miner.gpu.row_split_chunks:run_chunked_dense_level:285 -   K=6 chunk 23/30 filtering: 171 candidates → 0 frequent (0.0% pass rate, min_count=769)
2026-09-02 07:01:55.160 | DEBUG    | et_miner.gpu.row_split_chunks:run_chunked_dense_level:267 -     K=6 chunk 24/30: candidates [33,011, 33,223) (legacy sub-chunk)
2026-09-02 07:01:55.164 | INFO     | et_miner.gpu.row_split_chunks:run_chunked_dense_level:285 -   K=6 chunk 24/30 filtering: 212 candidates → 0 frequent (0.0% pass rate, min_count=769)
2026-09-02 07:01:55.164 | DEBUG    | et_miner.gpu.row_split_chunks:run_chunked_dense_level:267 -     K=6 chunk 25/30: candidates [33,223, 33,392)
2026-09-02 07:01:55.218 | INFO     | et_miner.gpu.row_split_chunks:run_chunked_dense_level:285 -   K=6 chunk 25/30 filtering: 169 candidates → 0 frequent (0.0% pass rate, min_count=769)
2026-09-02 07:01:55.218 | DEBUG    | et_miner.gpu.row_split_chunks:run_chunked_dense_level:267 -     K=6 chunk 26/30: candidates [33,392, 33,432) (legacy sub-chunk)
2026-09-02 07:01:55.223 | INFO     | et_miner.gpu.row_split_chunks:run_chunked_dense_level:285 -   K=6 chunk 26/30 filtering: 40 candidates → 0 frequent (0.0% pass rate, min_count=769)
2026-09-02 07:01:55.223 | DEBUG    | et_miner.gpu.row_split_chunks:run_chunked_dense_level:267 -     K=6 chunk 27/30: candidates [33,432, 33,510)
2026-09-02 07:01:55.278 | INFO     | et_miner.gpu.row_split_chunks:run_chunked_dense_level:285 -   K=6 chunk 27/30 filtering: 78 candidates → 0 frequent (0.0% pass rate, min_count=769)
2026-09-02 07:01:55.278 | DEBUG    | et_miner.gpu.row_split_chunks:run_chunked_dense_level:267 -     K=6 chunk 28/30: candidates [33,510, 33,561) (legacy sub-chunk)
2026-09-02 07:01:55.282 | INFO     | et_miner.gpu.row_split_chunks:run_chunked_dense_level:285 -   K=6 chunk 28/30 filtering: 51 candidates → 0 frequent (0.0% pass rate, min_count=769)
2026-09-02 07:01:55.282 | DEBUG    | et_miner.gpu.row_split_chunks:run_chunked_dense_level:267 -     K=6 chunk 29/30: candidates [33,561, 33,627)
2026-09-02 07:01:55.336 | INFO     | et_miner.gpu.row_split_chunks:run_chunked_dense_level:285 -   K=6 chunk 29/30 filtering: 66 candidates → 0 frequent (0.0% pass rate, min_count=769)
2026-09-02 07:01:55.336 | DEBUG    | et_miner.gpu.row_split_chunks:run_chunked_dense_level:267 -     K=6 chunk 30/30: candidates [33,627, 33,655) (legacy sub-chunk)
2026-09-02 07:01:55.340 | INFO     | et_miner.gpu.row_split_chunks:run_chunked_dense_level:285 -   K=6 chunk 30/30 filtering: 28 candidates → 0 frequent (0.0% pass rate, min_count=769)
2026-09-02 07:01:55.341 | INFO     | et_miner.gpu.row_split:_apriori_row_split_multi_gpu:599 -   K=6: 21 frequent in 1.1s
2026-09-02 07:01:55.342 | DEBUG    | et_miner.gpu.row_split:_apriori_row_split_multi_gpu:631 -     Pruning: zeroed 87 dead bitvecs at K=6 (399 MB logical × 2 GPUs)
2026-09-02 07:01:55.342 | DEBUG    | et_miner.gpu.row_split:_apriori_row_split_multi_gpu:535 -   K=7: 29 candidates, 1 chunk(s), group data 0.0 GB, budget 3,149,223,200 cands/chunk
2026-09-02 07:01:55.349 | INFO     | et_miner.gpu.row_split_chunks:run_chunked_dense_level:285 -   K=7 chunk 1/1 filtering: 29 candidates → 0 frequent (0.0% pass rate, min_count=769)
2026-09-02 07:01:55.349 | INFO     | et_miner.gpu.row_split:_apriori_row_split_multi_gpu:599 -   K=7: 0 frequent in 0.0s
2026-09-02 07:01:55.842 | INFO     | __main__:main:523 -   171,251 itemsets, max K=6, mine=18.6s, total=20.0s
2026-09-02 07:01:55.842 | INFO     | __main__:main:473 - 
────────────────────────────────────────────────────────────
2026-09-02 07:01:55.842 | INFO     | __main__:main:474 - Null model run 5/5 (seed=868632717012091125)
2026-09-02 07:01:55.842 | INFO     | __main__:main:475 - ────────────────────────────────────────────────────────────
2026-09-02 07:01:56.822 | INFO     | __main__:main:489 -   GPU shuffle+D2H: 1.0s
2026-09-02 07:01:56.890 | DEBUG    | et_miner.gpu.csr_bitvec:_build_shard:508 -   [GPU 0] Building bitvec: 38,445,473 rows, 158,211,114 nnz, ~4.8 GB (rows-balanced)
2026-09-02 07:01:56.891 | DEBUG    | et_miner.gpu.csr_bitvec:_build_shard:508 -   [GPU 1] Building bitvec: 38,445,472 rows, 158,209,979 nnz, ~4.8 GB (rows-balanced)
2026-09-02 07:01:57.271 | INFO     | __main__:main:497 -   Bitvec build: 0.4s
2026-09-02 07:01:57.271 | INFO     | et_miner.gpu.row_split:_apriori_row_split_multi_gpu:127 -   Row-split multi-GPU: 2 GPUs, min_count=769 (GPU-resident dense counting)
2026-09-02 07:01:57.272 | INFO     | et_miner.gpu.row_split:_apriori_row_split_multi_gpu:139 -   Pre-built bitvecs: 2 GPUs
2026-09-02 07:01:57.295 | INFO     | et_miner.gpu.row_split:_apriori_row_split_multi_gpu:170 -   NCCL: 2 communicators (ring all-reduce)
2026-09-02 07:01:57.314 | INFO     | et_miner.gpu.row_split:_apriori_row_split_multi_gpu:318 -   K=1: 1,002 frequent items in 0.0s
2026-09-02 07:01:57.338 | INFO     | et_miner.gpu.row_split:_apriori_row_split_multi_gpu:453 -   K=2: 501,501 total pairs, 1 chunk(s), dense output 0.00 GB/GPU per chunk
2026-09-02 07:01:57.821 | INFO     | et_miner.gpu.row_split_chunks:run_chunked_dense_level:285 -   K=2 chunk 1/1 filtering: 501,501 candidates → 63,667 frequent (12.7% pass rate, min_count=769)
2026-09-02 07:01:57.824 | INFO     | et_miner.gpu.row_split:_apriori_row_split_multi_gpu:599 -   K=2: 63,667 frequent in 0.5s
2026-09-02 07:01:57.844 | DEBUG    | et_miner.gpu.row_split:_apriori_row_split_multi_gpu:535 -   K=3: 9,741,749 candidates, 2 chunk(s), group data 0.0 GB, budget 3,149,177,847 cands/chunk
2026-09-02 07:01:57.846 | DEBUG    | et_miner.gpu.row_split_chunks:run_chunked_dense_level:267 -     K=3 chunk 1/2: candidates [0, 9,741,665)
2026-09-02 07:02:02.361 | INFO     | et_miner.gpu.row_split_chunks:run_chunked_dense_level:285 -   K=3 chunk 1/2 filtering: 9,741,665 candidates → 79,077 frequent (0.8% pass rate, min_count=769)
2026-09-02 07:02:02.361 | DEBUG    | et_miner.gpu.row_split_chunks:run_chunked_dense_level:267 -     K=3 chunk 2/2: candidates [9,741,665, 9,741,749) (legacy sub-chunk)
2026-09-02 07:02:02.364 | INFO     | et_miner.gpu.row_split_chunks:run_chunked_dense_level:285 -   K=3 chunk 2/2 filtering: 84 candidates → 0 frequent (0.0% pass rate, min_count=769)
2026-09-02 07:02:02.371 | INFO     | et_miner.gpu.row_split:_apriori_row_split_multi_gpu:599 -   K=3: 79,077 frequent in 4.5s
2026-09-02 07:02:02.380 | DEBUG    | et_miner.gpu.row_split:_apriori_row_split_multi_gpu:535 -   K=4: 8,314,368 candidates, 122 chunk(s), group data 0.0 GB, budget 3,149,157,996 cands/chunk
2026-09-02 07:02:02.382 | DEBUG    | et_miner.gpu.row_split_chunks:run_chunked_dense_level:267 -     K=4 chunk 1/122: candidates [0, 980,832)
2026-09-02 07:02:02.950 | INFO     | et_miner.gpu.row_split_chunks:run_chunked_dense_level:285 -   K=4 chunk 1/122 filtering: 980,832 candidates → 11,854 frequent (1.2% pass rate, min_count=769)
2026-09-02 07:02:02.951 | DEBUG    | et_miner.gpu.row_split_chunks:run_chunked_dense_level:267 -     K=4 chunk 2/122: candidates [980,832, 980,887) (legacy sub-chunk)
2026-09-02 07:02:02.954 | INFO     | et_miner.gpu.row_split_chunks:run_chunked_dense_level:285 -   K=4 chunk 2/122 filtering: 55 candidates → 0 frequent (0.0% pass rate, min_count=769)
2026-09-02 07:02:02.954 | DEBUG    | et_miner.gpu.row_split_chunks:run_chunked_dense_level:267 -     K=4 chunk 3/122: candidates [980,887, 981,265)
2026-09-02 07:02:03.007 | INFO     | et_miner.gpu.row_split_chunks:run_chunked_dense_level:285 -   K=4 chunk 3/122 filtering: 378 candidates → 0 frequent (0.0% pass rate, min_count=769)
2026-09-02 07:02:03.007 | DEBUG    | et_miner.gpu.row_split_chunks:run_chunked_dense_level:267 -     K=4 chunk 4/122: candidates [981,265, 981,320) (legacy sub-chunk)
2026-09-02 07:02:03.011 | INFO     | et_miner.gpu.row_split_chunks:run_chunked_dense_level:285 -   K=4 chunk 4/122 filtering: 55 candidates → 0 frequent (0.0% pass rate, min_count=769)
2026-09-02 07:02:03.011 | DEBUG    | et_miner.gpu.row_split_chunks:run_chunked_dense_level:267 -     K=4 chunk 5/122: candidates [981,320, 981,386)
2026-09-02 07:02:03.067 | INFO     | et_miner.gpu.row_split_chunks:run_chunked_dense_level:285 -   K=4 chunk 5/122 filtering: 66 candidates → 0 frequent (0.0% pass rate, min_count=769)
2026-09-02 07:02:03.068 | DEBUG    | et_miner.gpu.row_split_chunks:run_chunked_dense_level:267 -     K=4 chunk 6/122: candidates [981,386, 981,476) (legacy sub-chunk)
2026-09-02 07:02:03.071 | INFO     | et_miner.gpu.row_split_chunks:run_chunked_dense_level:285 -   K=4 chunk 6/122 filtering: 90 candidates → 0 frequent (0.0% pass rate, min_count=769)
2026-09-02 07:02:03.071 | DEBUG    | et_miner.gpu.row_split_chunks:run_chunked_dense_level:267 -     K=4 chunk 7/122: candidates [981,476, 981,740)
2026-09-02 07:02:03.123 | INFO     | et_miner.gpu.row_split_chunks:run_chunked_dense_level:285 -   K=4 chunk 7/122 filtering: 264 candidates → 0 frequent (0.0% pass rate, min_count=769)
2026-09-02 07:02:03.123 | DEBUG    | et_miner.gpu.row_split_chunks:run_chunked_dense_level:267 -     K=4 chunk 8/122: candidates [981,740, 981,795) (legacy sub-chunk)
2026-09-02 07:02:03.126 | INFO     | et_miner.gpu.row_split_chunks:run_chunked_dense_level:285 -   K=4 chunk 8/122 filtering: 55 candidates → 0 frequent (0.0% pass rate, min_count=769)
2026-09-02 07:02:03.126 | DEBUG    | et_miner.gpu.row_split_chunks:run_chunked_dense_level:267 -     K=4 chunk 9/122: candidates [981,795, 981,873)
2026-09-02 07:02:03.183 | INFO     | et_miner.gpu.row_split_chunks:run_chunked_dense_level:285 -   K=4 chunk 9/122 filtering: 78 candidates → 0 frequent (0.0% pass rate, min_count=769)
2026-09-02 07:02:03.183 | DEBUG    | et_miner.gpu.row_split_chunks:run_chunked_dense_level:267 -     K=4 chunk 10/122: candidates [981,873, 982,019) (legacy sub-chunk)
2026-09-02 07:02:03.186 | INFO     | et_miner.gpu.row_split_chunks:run_chunked_dense_level:285 -   K=4 chunk 10/122 filtering: 146 candidates → 0 frequent (0.0% pass rate, min_count=769)
2026-09-02 07:02:03.186 | DEBUG    | et_miner.gpu.row_split_chunks:run_chunked_dense_level:267 -     K=4 chunk 11/122: candidates [982,019, 982,151)
2026-09-02 07:02:03.240 | INFO     | et_miner.gpu.row_split_chunks:run_chunked_dense_level:285 -   K=4 chunk 11/122 filtering: 132 candidates → 0 frequent (0.0% pass rate, min_count=769)
2026-09-02 07:02:03.240 | DEBUG    | et_miner.gpu.row_split_chunks:run_chunked_dense_level:267 -     K=4 chunk 12/122: candidates [982,151, 982,478) (legacy sub-chunk)
2026-09-02 07:02:03.243 | INFO     | et_miner.gpu.row_split_chunks:run_chunked_dense_level:285 -   K=4 chunk 12/122 filtering: 327 candidates → 0 frequent (0.0% pass rate, min_count=769)
2026-09-02 07:02:03.243 | DEBUG    | et_miner.gpu.row_split_chunks:run_chunked_dense_level:267 -     K=4 chunk 13/122: candidates [982,478, 982,544)
2026-09-02 07:02:03.300 | INFO     | et_miner.gpu.row_split_chunks:run_chunked_dense_level:285 -   K=4 chunk 13/122 filtering: 66 candidates → 0 frequent (0.0% pass rate, min_count=769)
2026-09-02 07:02:03.300 | DEBUG    | et_miner.gpu.row_split_chunks:run_chunked_dense_level:267 -     K=4 chunk 14/122: candidates [982,544, 982,635) (legacy sub-chunk)
2026-09-02 07:02:03.303 | INFO     | et_miner.gpu.row_split_chunks:run_chunked_dense_level:285 -   K=4 chunk 14/122 filtering: 91 candidates → 0 frequent (0.0% pass rate, min_count=769)
2026-09-02 07:02:03.303 | DEBUG    | et_miner.gpu.row_split_chunks:run_chunked_dense_level:267 -     K=4 chunk 15/122: candidates [982,635, 982,701)
2026-09-02 07:02:03.359 | INFO     | et_miner.gpu.row_split_chunks:run_chunked_dense_level:285 -   K=4 chunk 15/122 filtering: 66 candidates → 0 frequent (0.0% pass rate, min_count=769)
2026-09-02 07:02:03.359 | DEBUG    | et_miner.gpu.row_split_chunks:run_chunked_dense_level:267 -     K=4 chunk 16/122: candidates [982,701, 989,302) (legacy sub-chunk)
2026-09-02 07:02:03.387 | INFO     | et_miner.gpu.row_split_chunks:run_chunked_dense_level:285 -   K=4 chunk 16/122 filtering: 6,601 candidates → 0 frequent (0.0% pass rate, min_count=769)
2026-09-02 07:02:03.387 | DEBUG    | et_miner.gpu.row_split_chunks:run_chunked_dense_level:267 -     K=4 chunk 17/122: candidates [989,302, 3,912,652)
2026-09-02 07:02:04.704 | INFO     | et_miner.gpu.row_split_chunks:run_chunked_dense_level:285 -   K=4 chunk 17/122 filtering: 2,923,350 candidates → 6,952 frequent (0.2% pass rate, min_count=769)
2026-09-02 07:02:04.704 | DEBUG    | et_miner.gpu.row_split_chunks:run_chunked_dense_level:267 -     K=4 chunk 18/122: candidates [3,912,652, 3,912,723) (legacy sub-chunk)
2026-09-02 07:02:04.708 | INFO     | et_miner.gpu.row_split_chunks:run_chunked_dense_level:285 -   K=4 chunk 18/122 filtering: 71 candidates → 0 frequent (0.0% pass rate, min_count=769)
2026-09-02 07:02:04.708 | DEBUG    | et_miner.gpu.row_split_chunks:run_chunked_dense_level:267 -     K=4 chunk 19/122: candidates [3,912,723, 4,146,512)
2026-09-02 07:02:04.915 | INFO     | et_miner.gpu.row_split_chunks:run_chunked_dense_level:285 -   K=4 chunk 19/122 filtering: 233,789 candidates → 808 frequent (0.3% pass rate, min_count=769)
2026-09-02 07:02:04.915 | DEBUG    | et_miner.gpu.row_split_chunks:run_chunked_dense_level:267 -     K=4 chunk 20/122: candidates [4,146,512, 4,146,603) (legacy sub-chunk)
2026-09-02 07:02:04.919 | INFO     | et_miner.gpu.row_split_chunks:run_chunked_dense_level:285 -   K=4 chunk 20/122 filtering: 91 candidates → 0 frequent (0.0% pass rate, min_count=769)
2026-09-02 07:02:04.919 | DEBUG    | et_miner.gpu.row_split_chunks:run_chunked_dense_level:267 -     K=4 chunk 21/122: candidates [4,146,603, 4,146,669)
2026-09-02 07:02:04.975 | INFO     | et_miner.gpu.row_split_chunks:run_chunked_dense_level:285 -   K=4 chunk 21/122 filtering: 66 candidates → 0 frequent (0.0% pass rate, min_count=769)
2026-09-02 07:02:04.975 | DEBUG    | et_miner.gpu.row_split_chunks:run_chunked_dense_level:267 -     K=4 chunk 22/122: candidates [4,146,669, 4,156,488) (legacy sub-chunk)
2026-09-02 07:02:05.015 | INFO     | et_miner.gpu.row_split_chunks:run_chunked_dense_level:285 -   K=4 chunk 22/122 filtering: 9,819 candidates → 0 frequent (0.0% pass rate, min_count=769)
2026-09-02 07:02:05.015 | DEBUG    | et_miner.gpu.row_split_chunks:run_chunked_dense_level:267 -     K=4 chunk 23/122: candidates [4,156,488, 6,298,044)
2026-09-02 07:02:05.991 | INFO     | et_miner.gpu.row_split_chunks:run_chunked_dense_level:285 -   K=4 chunk 23/122 filtering: 2,141,556 candidates → 4,534 frequent (0.2% pass rate, min_count=769)
2026-09-02 07:02:05.991 | DEBUG    | et_miner.gpu.row_split_chunks:run_chunked_dense_level:267 -     K=4 chunk 24/122: candidates [6,298,044, 6,298,211) (legacy sub-chunk)
2026-09-02 07:02:05.995 | INFO     | et_miner.gpu.row_split_chunks:run_chunked_dense_level:285 -   K=4 chunk 24/122 filtering: 167 candidates → 0 frequent (0.0% pass rate, min_count=769)
2026-09-02 07:02:05.995 | DEBUG    | et_miner.gpu.row_split_chunks:run_chunked_dense_level:267 -     K=4 chunk 25/122: candidates [6,298,211, 6,317,409)
2026-09-02 07:02:06.098 | INFO     | et_miner.gpu.row_split_chunks:run_chunked_dense_level:285 -   K=4 chunk 25/122 filtering: 19,198 candidates → 35 frequent (0.2% pass rate, min_count=769)
2026-09-02 07:02:06.099 | DEBUG    | et_miner.gpu.row_split_chunks:run_chunked_dense_level:267 -     K=4 chunk 26/122: candidates [6,317,409, 6,317,587) (legacy sub-chunk)
2026-09-02 07:02:06.102 | INFO     | et_miner.gpu.row_split_chunks:run_chunked_dense_level:285 -   K=4 chunk 26/122 filtering: 178 candidates → 0 frequent (0.0% pass rate, min_count=769)
2026-09-02 07:02:06.102 | DEBUG    | et_miner.gpu.row_split_chunks:run_chunked_dense_level:267 -     K=4 chunk 27/122: candidates [6,317,587, 6,330,644)
2026-09-02 07:02:06.206 | INFO     | et_miner.gpu.row_split_chunks:run_chunked_dense_level:285 -   K=4 chunk 27/122 filtering: 13,057 candidates → 28 frequent (0.2% pass rate, min_count=769)
2026-09-02 07:02:06.207 | DEBUG    | et_miner.gpu.row_split_chunks:run_chunked_dense_level:267 -     K=4 chunk 28/122: candidates [6,330,644, 6,330,783) (legacy sub-chunk)
2026-09-02 07:02:06.210 | INFO     | et_miner.gpu.row_split_chunks:run_chunked_dense_level:285 -   K=4 chunk 28/122 filtering: 139 candidates → 0 frequent (0.0% pass rate, min_count=769)
2026-09-02 07:02:06.210 | DEBUG    | et_miner.gpu.row_split_chunks:run_chunked_dense_level:267 -     K=4 chunk 29/122: candidates [6,330,783, 6,334,801)
2026-09-02 07:02:06.295 | INFO     | et_miner.gpu.row_split_chunks:run_chunked_dense_level:285 -   K=4 chunk 29/122 filtering: 4,018 candidates → 7 frequent (0.2% pass rate, min_count=769)
2026-09-02 07:02:06.295 | DEBUG    | et_miner.gpu.row_split_chunks:run_chunked_dense_level:267 -     K=4 chunk 30/122: candidates [6,334,801, 6,334,829) (legacy sub-chunk)
2026-09-02 07:02:06.298 | INFO     | et_miner.gpu.row_split_chunks:run_chunked_dense_level:285 -   K=4 chunk 30/122 filtering: 28 candidates → 0 frequent (0.0% pass rate, min_count=769)
2026-09-02 07:02:06.298 | DEBUG    | et_miner.gpu.row_split_chunks:run_chunked_dense_level:267 -     K=4 chunk 31/122: candidates [6,334,829, 6,338,866)
2026-09-02 07:02:06.383 | INFO     | et_miner.gpu.row_split_chunks:run_chunked_dense_level:285 -   K=4 chunk 31/122 filtering: 4,037 candidates → 5 frequent (0.1% pass rate, min_count=769)
2026-09-02 07:02:06.383 | DEBUG    | et_miner.gpu.row_split_chunks:run_chunked_dense_level:267 -     K=4 chunk 32/122: candidates [6,338,866, 6,338,894) (legacy sub-chunk)
2026-09-02 07:02:06.387 | INFO     | et_miner.gpu.row_split_chunks:run_chunked_dense_level:285 -   K=4 chunk 32/122 filtering: 28 candidates → 0 frequent (0.0% pass rate, min_count=769)
2026-09-02 07:02:06.387 | DEBUG    | et_miner.gpu.row_split_chunks:run_chunked_dense_level:267 -     K=4 chunk 33/122: candidates [6,338,894, 6,341,357)
2026-09-02 07:02:06.465 | INFO     | et_miner.gpu.row_split_chunks:run_chunked_dense_level:285 -   K=4 chunk 33/122 filtering: 2,463 candidates → 4 frequent (0.2% pass rate, min_count=769)
2026-09-02 07:02:06.465 | DEBUG    | et_miner.gpu.row_split_chunks:run_chunked_dense_level:267 -     K=4 chunk 34/122: candidates [6,341,357, 6,341,403) (legacy sub-chunk)
2026-09-02 07:02:06.468 | INFO     | et_miner.gpu.row_split_chunks:run_chunked_dense_level:285 -   K=4 chunk 34/122 filtering: 46 candidates → 0 frequent (0.0% pass rate, min_count=769)
2026-09-02 07:02:06.468 | DEBUG    | et_miner.gpu.row_split_chunks:run_chunked_dense_level:267 -     K=4 chunk 35/122: candidates [6,341,403, 6,343,756)
2026-09-02 07:02:06.549 | INFO     | et_miner.gpu.row_split_chunks:run_chunked_dense_level:285 -   K=4 chunk 35/122 filtering: 2,353 candidates → 3 frequent (0.1% pass rate, min_count=769)
2026-09-02 07:02:06.550 | DEBUG    | et_miner.gpu.row_split_chunks:run_chunked_dense_level:267 -     K=4 chunk 36/122: candidates [6,343,756, 6,343,798) (legacy sub-chunk)
2026-09-02 07:02:06.553 | INFO     | et_miner.gpu.row_split_chunks:run_chunked_dense_level:285 -   K=4 chunk 36/122 filtering: 42 candidates → 0 frequent (0.0% pass rate, min_count=769)
2026-09-02 07:02:06.553 | DEBUG    | et_miner.gpu.row_split_chunks:run_chunked_dense_level:267 -     K=4 chunk 37/122: candidates [6,343,798, 6,345,596)
2026-09-02 07:02:06.622 | INFO     | et_miner.gpu.row_split_chunks:run_chunked_dense_level:285 -   K=4 chunk 37/122 filtering: 1,798 candidates → 1 frequent (0.1% pass rate, min_count=769)
2026-09-02 07:02:06.623 | DEBUG    | et_miner.gpu.row_split_chunks:run_chunked_dense_level:267 -     K=4 chunk 38/122: candidates [6,345,596, 6,345,679) (legacy sub-chunk)
2026-09-02 07:02:06.626 | INFO     | et_miner.gpu.row_split_chunks:run_chunked_dense_level:285 -   K=4 chunk 38/122 filtering: 83 candidates → 0 frequent (0.0% pass rate, min_count=769)
2026-09-02 07:02:06.626 | DEBUG    | et_miner.gpu.row_split_chunks:run_chunked_dense_level:267 -     K=4 chunk 39/122: candidates [6,345,679, 6,346,469)
2026-09-02 07:02:06.686 | INFO     | et_miner.gpu.row_split_chunks:run_chunked_dense_level:285 -   K=4 chunk 39/122 filtering: 790 candidates → 0 frequent (0.0% pass rate, min_count=769)
2026-09-02 07:02:06.686 | DEBUG    | et_miner.gpu.row_split_chunks:run_chunked_dense_level:267 -     K=4 chunk 40/122: candidates [6,346,469, 6,346,512) (legacy sub-chunk)
2026-09-02 07:02:06.690 | INFO     | et_miner.gpu.row_split_chunks:run_chunked_dense_level:285 -   K=4 chunk 40/122 filtering: 43 candidates → 0 frequent (0.0% pass rate, min_count=769)
2026-09-02 07:02:06.690 | DEBUG    | et_miner.gpu.row_split_chunks:run_chunked_dense_level:267 -     K=4 chunk 41/122: candidates [6,346,512, 6,347,195)
2026-09-02 07:02:06.750 | INFO     | et_miner.gpu.row_split_chunks:run_chunked_dense_level:285 -   K=4 chunk 41/122 filtering: 683 candidates → 0 frequent (0.0% pass rate, min_count=769)
2026-09-02 07:02:06.750 | DEBUG    | et_miner.gpu.row_split_chunks:run_chunked_dense_level:267 -     K=4 chunk 42/122: candidates [6,347,195, 6,347,235) (legacy sub-chunk)
2026-09-02 07:02:06.753 | INFO     | et_miner.gpu.row_split_chunks:run_chunked_dense_level:285 -   K=4 chunk 42/122 filtering: 40 candidates → 0 frequent (0.0% pass rate, min_count=769)
2026-09-02 07:02:06.753 | DEBUG    | et_miner.gpu.row_split_chunks:run_chunked_dense_level:267 -     K=4 chunk 43/122: candidates [6,347,235, 6,347,857)
2026-09-02 07:02:06.814 | INFO     | et_miner.gpu.row_split_chunks:run_chunked_dense_level:285 -   K=4 chunk 43/122 filtering: 622 candidates → 0 frequent (0.0% pass rate, min_count=769)
2026-09-02 07:02:06.814 | DEBUG    | et_miner.gpu.row_split_chunks:run_chunked_dense_level:267 -     K=4 chunk 44/122: candidates [6,347,857, 6,347,909) (legacy sub-chunk)
2026-09-02 07:02:06.817 | INFO     | et_miner.gpu.row_split_chunks:run_chunked_dense_level:285 -   K=4 chunk 44/122 filtering: 52 candidates → 0 frequent (0.0% pass rate, min_count=769)
2026-09-02 07:02:06.817 | DEBUG    | et_miner.gpu.row_split_chunks:run_chunked_dense_level:267 -     K=4 chunk 45/122: candidates [6,347,909, 6,348,497)
2026-09-02 07:02:06.881 | INFO     | et_miner.gpu.row_split_chunks:run_chunked_dense_level:285 -   K=4 chunk 45/122 filtering: 588 candidates → 0 frequent (0.0% pass rate, min_count=769)
2026-09-02 07:02:06.881 | DEBUG    | et_miner.gpu.row_split_chunks:run_chunked_dense_level:267 -     K=4 chunk 46/122: candidates [6,348,497, 6,348,529) (legacy sub-chunk)
2026-09-02 07:02:06.884 | INFO     | et_miner.gpu.row_split_chunks:run_chunked_dense_level:285 -   K=4 chunk 46/122 filtering: 32 candidates → 0 frequent (0.0% pass rate, min_count=769)
2026-09-02 07:02:06.884 | DEBUG    | et_miner.gpu.row_split_chunks:run_chunked_dense_level:267 -     K=4 chunk 47/122: candidates [6,348,529, 6,349,149)
2026-09-02 07:02:06.948 | INFO     | et_miner.gpu.row_split_chunks:run_chunked_dense_level:285 -   K=4 chunk 47/122 filtering: 620 candidates → 0 frequent (0.0% pass rate, min_count=769)
2026-09-02 07:02:06.948 | DEBUG    | et_miner.gpu.row_split_chunks:run_chunked_dense_level:267 -     K=4 chunk 48/122: candidates [6,349,149, 6,349,181) (legacy sub-chunk)
2026-09-02 07:02:06.951 | INFO     | et_miner.gpu.row_split_chunks:run_chunked_dense_level:285 -   K=4 chunk 48/122 filtering: 32 candidates → 0 frequent (0.0% pass rate, min_count=769)
2026-09-02 07:02:06.951 | DEBUG    | et_miner.gpu.row_split_chunks:run_chunked_dense_level:267 -     K=4 chunk 49/122: candidates [6,349,181, 6,349,708)
2026-09-02 07:02:07.016 | INFO     | et_miner.gpu.row_split_chunks:run_chunked_dense_level:285 -   K=4 chunk 49/122 filtering: 527 candidates → 0 frequent (0.0% pass rate, min_count=769)
2026-09-02 07:02:07.016 | DEBUG    | et_miner.gpu.row_split_chunks:run_chunked_dense_level:267 -     K=4 chunk 50/122: candidates [6,349,708, 6,349,748) (legacy sub-chunk)
2026-09-02 07:02:07.019 | INFO     | et_miner.gpu.row_split_chunks:run_chunked_dense_level:285 -   K=4 chunk 50/122 filtering: 40 candidates → 0 frequent (0.0% pass rate, min_count=769)
2026-09-02 07:02:07.019 | DEBUG    | et_miner.gpu.row_split_chunks:run_chunked_dense_level:267 -     K=4 chunk 51/122: candidates [6,349,748, 6,350,268)
2026-09-02 07:02:07.080 | INFO     | et_miner.gpu.row_split_chunks:run_chunked_dense_level:285 -   K=4 chunk 51/122 filtering: 520 candidates → 0 frequent (0.0% pass rate, min_count=769)
2026-09-02 07:02:07.080 | DEBUG    | et_miner.gpu.row_split_chunks:run_chunked_dense_level:267 -     K=4 chunk 52/122: candidates [6,350,268, 6,350,300) (legacy sub-chunk)
2026-09-02 07:02:07.083 | INFO     | et_miner.gpu.row_split_chunks:run_chunked_dense_level:285 -   K=4 chunk 52/122 filtering: 32 candidates → 0 frequent (0.0% pass rate, min_count=769)
2026-09-02 07:02:07.083 | DEBUG    | et_miner.gpu.row_split_chunks:run_chunked_dense_level:267 -     K=4 chunk 53/122: candidates [6,350,300, 6,350,697)
2026-09-02 07:02:07.144 | INFO     | et_miner.gpu.row_split_chunks:run_chunked_dense_level:285 -   K=4 chunk 53/122 filtering: 397 candidates → 0 frequent (0.0% pass rate, min_count=769)
2026-09-02 07:02:07.144 | DEBUG    | et_miner.gpu.row_split_chunks:run_chunked_dense_level:267 -     K=4 chunk 54/122: candidates [6,350,697, 6,350,716) (legacy sub-chunk)
2026-09-02 07:02:07.148 | INFO     | et_miner.gpu.row_split_chunks:run_chunked_dense_level:285 -   K=4 chunk 54/122 filtering: 19 candidates → 0 frequent (0.0% pass rate, min_count=769)
2026-09-02 07:02:07.148 | DEBUG    | et_miner.gpu.row_split_chunks:run_chunked_dense_level:267 -     K=4 chunk 55/122: candidates [6,350,716, 6,351,026)
2026-09-02 07:02:07.211 | INFO     | et_miner.gpu.row_split_chunks:run_chunked_dense_level:285 -   K=4 chunk 55/122 filtering: 310 candidates → 0 frequent (0.0% pass rate, min_count=769)
2026-09-02 07:02:07.211 | DEBUG    | et_miner.gpu.row_split_chunks:run_chunked_dense_level:267 -     K=4 chunk 56/122: candidates [6,351,026, 6,351,091) (legacy sub-chunk)
2026-09-02 07:02:07.214 | INFO     | et_miner.gpu.row_split_chunks:run_chunked_dense_level:285 -   K=4 chunk 56/122 filtering: 65 candidates → 0 frequent (0.0% pass rate, min_count=769)
2026-09-02 07:02:07.214 | DEBUG    | et_miner.gpu.row_split_chunks:run_chunked_dense_level:267 -     K=4 chunk 57/122: candidates [6,351,091, 6,351,384)
2026-09-02 07:02:07.277 | INFO     | et_miner.gpu.row_split_chunks:run_chunked_dense_level:285 -   K=4 chunk 57/122 filtering: 293 candidates → 0 frequent (0.0% pass rate, min_count=769)
2026-09-02 07:02:07.277 | DEBUG    | et_miner.gpu.row_split_chunks:run_chunked_dense_level:267 -     K=4 chunk 58/122: candidates [6,351,384, 6,351,449) (legacy sub-chunk)
2026-09-02 07:02:07.280 | INFO     | et_miner.gpu.row_split_chunks:run_chunked_dense_level:285 -   K=4 chunk 58/122 filtering: 65 candidates → 0 frequent (0.0% pass rate, min_count=769)
2026-09-02 07:02:07.280 | DEBUG    | et_miner.gpu.row_split_chunks:run_chunked_dense_level:267 -     K=4 chunk 59/122: candidates [6,351,449, 6,351,771)
2026-09-02 07:02:07.343 | INFO     | et_miner.gpu.row_split_chunks:run_chunked_dense_level:285 -   K=4 chunk 59/122 filtering: 322 candidates → 0 frequent (0.0% pass rate, min_count=769)
2026-09-02 07:02:07.343 | DEBUG    | et_miner.gpu.row_split_chunks:run_chunked_dense_level:267 -     K=4 chunk 60/122: candidates [6,351,771, 6,351,836) (legacy sub-chunk)
2026-09-02 07:02:07.346 | INFO     | et_miner.gpu.row_split_chunks:run_chunked_dense_level:285 -   K=4 chunk 60/122 filtering: 65 candidates → 0 frequent (0.0% pass rate, min_count=769)
2026-09-02 07:02:07.346 | DEBUG    | et_miner.gpu.row_split_chunks:run_chunked_dense_level:267 -     K=4 chunk 61/122: candidates [6,351,836, 6,352,047)
2026-09-02 07:02:07.403 | INFO     | et_miner.gpu.row_split_chunks:run_chunked_dense_level:285 -   K=4 chunk 61/122 filtering: 211 candidates → 0 frequent (0.0% pass rate, min_count=769)
2026-09-02 07:02:07.403 | DEBUG    | et_miner.gpu.row_split_chunks:run_chunked_dense_level:267 -     K=4 chunk 62/122: candidates [6,352,047, 6,352,157) (legacy sub-chunk)
2026-09-02 07:02:07.407 | INFO     | et_miner.gpu.row_split_chunks:run_chunked_dense_level:285 -   K=4 chunk 62/122 filtering: 110 candidates → 0 frequent (0.0% pass rate, min_count=769)
2026-09-02 07:02:07.407 | DEBUG    | et_miner.gpu.row_split_chunks:run_chunked_dense_level:267 -     K=4 chunk 63/122: candidates [6,352,157, 6,352,419)
2026-09-02 07:02:07.461 | INFO     | et_miner.gpu.row_split_chunks:run_chunked_dense_level:285 -   K=4 chunk 63/122 filtering: 262 candidates → 0 frequent (0.0% pass rate, min_count=769)
2026-09-02 07:02:07.461 | DEBUG    | et_miner.gpu.row_split_chunks:run_chunked_dense_level:267 -     K=4 chunk 64/122: candidates [6,352,419, 6,352,474) (legacy sub-chunk)
2026-09-02 07:02:07.464 | INFO     | et_miner.gpu.row_split_chunks:run_chunked_dense_level:285 -   K=4 chunk 64/122 filtering: 55 candidates → 0 frequent (0.0% pass rate, min_count=769)
2026-09-02 07:02:07.464 | DEBUG    | et_miner.gpu.row_split_chunks:run_chunked_dense_level:267 -     K=4 chunk 65/122: candidates [6,352,474, 6,352,672)
2026-09-02 07:02:07.523 | INFO     | et_miner.gpu.row_split_chunks:run_chunked_dense_level:285 -   K=4 chunk 65/122 filtering: 198 candidates → 0 frequent (0.0% pass rate, min_count=769)
2026-09-02 07:02:07.524 | DEBUG    | et_miner.gpu.row_split_chunks:run_chunked_dense_level:267 -     K=4 chunk 66/122: candidates [6,352,672, 6,352,782) (legacy sub-chunk)
2026-09-02 07:02:07.527 | INFO     | et_miner.gpu.row_split_chunks:run_chunked_dense_level:285 -   K=4 chunk 66/122 filtering: 110 candidates → 0 frequent (0.0% pass rate, min_count=769)
2026-09-02 07:02:07.527 | DEBUG    | et_miner.gpu.row_split_chunks:run_chunked_dense_level:267 -     K=4 chunk 67/122: candidates [6,352,782, 6,353,046)
2026-09-02 07:02:07.589 | INFO     | et_miner.gpu.row_split_chunks:run_chunked_dense_level:285 -   K=4 chunk 67/122 filtering: 264 candidates → 0 frequent (0.0% pass rate, min_count=769)
2026-09-02 07:02:07.589 | DEBUG    | et_miner.gpu.row_split_chunks:run_chunked_dense_level:267 -     K=4 chunk 68/122: candidates [6,353,046, 6,353,110) (legacy sub-chunk)
2026-09-02 07:02:07.592 | INFO     | et_miner.gpu.row_split_chunks:run_chunked_dense_level:285 -   K=4 chunk 68/122 filtering: 64 candidates → 0 frequent (0.0% pass rate, min_count=769)
2026-09-02 07:02:07.593 | DEBUG    | et_miner.gpu.row_split_chunks:run_chunked_dense_level:267 -     K=4 chunk 69/122: candidates [6,353,110, 6,353,374)
2026-09-02 07:02:07.655 | INFO     | et_miner.gpu.row_split_chunks:run_chunked_dense_level:285 -   K=4 chunk 69/122 filtering: 264 candidates → 0 frequent (0.0% pass rate, min_count=769)
2026-09-02 07:02:07.655 | DEBUG    | et_miner.gpu.row_split_chunks:run_chunked_dense_level:267 -     K=4 chunk 70/122: candidates [6,353,374, 6,353,428) (legacy sub-chunk)
2026-09-02 07:02:07.658 | INFO     | et_miner.gpu.row_split_chunks:run_chunked_dense_level:285 -   K=4 chunk 70/122 filtering: 54 candidates → 0 frequent (0.0% pass rate, min_count=769)
2026-09-02 07:02:07.658 | DEBUG    | et_miner.gpu.row_split_chunks:run_chunked_dense_level:267 -     K=4 chunk 71/122: candidates [6,353,428, 6,353,611)
2026-09-02 07:02:07.713 | INFO     | et_miner.gpu.row_split_chunks:run_chunked_dense_level:285 -   K=4 chunk 71/122 filtering: 183 candidates → 0 frequent (0.0% pass rate, min_count=769)
2026-09-02 07:02:07.713 | DEBUG    | et_miner.gpu.row_split_chunks:run_chunked_dense_level:267 -     K=4 chunk 72/122: candidates [6,353,611, 6,353,699) (legacy sub-chunk)
2026-09-02 07:02:07.716 | INFO     | et_miner.gpu.row_split_chunks:run_chunked_dense_level:285 -   K=4 chunk 72/122 filtering: 88 candidates → 0 frequent (0.0% pass rate, min_count=769)
2026-09-02 07:02:07.716 | DEBUG    | et_miner.gpu.row_split_chunks:run_chunked_dense_level:267 -     K=4 chunk 73/122: candidates [6,353,699, 6,353,882)
2026-09-02 07:02:07.771 | INFO     | et_miner.gpu.row_split_chunks:run_chunked_dense_level:285 -   K=4 chunk 73/122 filtering: 183 candidates → 0 frequent (0.0% pass rate, min_count=769)
2026-09-02 07:02:07.771 | DEBUG    | et_miner.gpu.row_split_chunks:run_chunked_dense_level:267 -     K=4 chunk 74/122: candidates [6,353,882, 6,353,980) (legacy sub-chunk)
2026-09-02 07:02:07.774 | INFO     | et_miner.gpu.row_split_chunks:run_chunked_dense_level:285 -   K=4 chunk 74/122 filtering: 98 candidates → 0 frequent (0.0% pass rate, min_count=769)
2026-09-02 07:02:07.774 | DEBUG    | et_miner.gpu.row_split_chunks:run_chunked_dense_level:267 -     K=4 chunk 75/122: candidates [6,353,980, 6,354,151)
2026-09-02 07:02:07.828 | INFO     | et_miner.gpu.row_split_chunks:run_chunked_dense_level:285 -   K=4 chunk 75/122 filtering: 171 candidates → 0 frequent (0.0% pass rate, min_count=769)
2026-09-02 07:02:07.829 | DEBUG    | et_miner.gpu.row_split_chunks:run_chunked_dense_level:267 -     K=4 chunk 76/122: candidates [6,354,151, 6,354,222) (legacy sub-chunk)
2026-09-02 07:02:07.832 | INFO     | et_miner.gpu.row_split_chunks:run_chunked_dense_level:285 -   K=4 chunk 76/122 filtering: 71 candidates → 0 frequent (0.0% pass rate, min_count=769)
2026-09-02 07:02:07.832 | DEBUG    | et_miner.gpu.row_split_chunks:run_chunked_dense_level:267 -     K=4 chunk 77/122: candidates [6,354,222, 6,354,393)
2026-09-02 07:02:07.886 | INFO     | et_miner.gpu.row_split_chunks:run_chunked_dense_level:285 -   K=4 chunk 77/122 filtering: 171 candidates → 0 frequent (0.0% pass rate, min_count=769)
2026-09-02 07:02:07.886 | DEBUG    | et_miner.gpu.row_split_chunks:run_chunked_dense_level:267 -     K=4 chunk 78/122: candidates [6,354,393, 6,354,466) (legacy sub-chunk)
2026-09-02 07:02:07.889 | INFO     | et_miner.gpu.row_split_chunks:run_chunked_dense_level:285 -   K=4 chunk 78/122 filtering: 73 candidates → 0 frequent (0.0% pass rate, min_count=769)
2026-09-02 07:02:07.890 | DEBUG    | et_miner.gpu.row_split_chunks:run_chunked_dense_level:267 -     K=4 chunk 79/122: candidates [6,354,466, 6,354,557)
2026-09-02 07:02:07.948 | INFO     | et_miner.gpu.row_split_chunks:run_chunked_dense_level:285 -   K=4 chunk 79/122 filtering: 91 candidates → 0 frequent (0.0% pass rate, min_count=769)
2026-09-02 07:02:07.948 | DEBUG    | et_miner.gpu.row_split_chunks:run_chunked_dense_level:267 -     K=4 chunk 80/122: candidates [6,354,557, 6,354,670) (legacy sub-chunk)
2026-09-02 07:02:07.951 | INFO     | et_miner.gpu.row_split_chunks:run_chunked_dense_level:285 -   K=4 chunk 80/122 filtering: 113 candidates → 0 frequent (0.0% pass rate, min_count=769)
2026-09-02 07:02:07.951 | DEBUG    | et_miner.gpu.row_split_chunks:run_chunked_dense_level:267 -     K=4 chunk 81/122: candidates [6,354,670, 6,354,761)
2026-09-02 07:02:08.009 | INFO     | et_miner.gpu.row_split_chunks:run_chunked_dense_level:285 -   K=4 chunk 81/122 filtering: 91 candidates → 0 frequent (0.0% pass rate, min_count=769)
2026-09-02 07:02:08.009 | DEBUG    | et_miner.gpu.row_split_chunks:run_chunked_dense_level:267 -     K=4 chunk 82/122: candidates [6,354,761, 6,354,856) (legacy sub-chunk)
2026-09-02 07:02:08.012 | INFO     | et_miner.gpu.row_split_chunks:run_chunked_dense_level:285 -   K=4 chunk 82/122 filtering: 95 candidates → 0 frequent (0.0% pass rate, min_count=769)
2026-09-02 07:02:08.012 | DEBUG    | et_miner.gpu.row_split_chunks:run_chunked_dense_level:267 -     K=4 chunk 83/122: candidates [6,354,856, 6,354,947)
2026-09-02 07:02:08.070 | INFO     | et_miner.gpu.row_split_chunks:run_chunked_dense_level:285 -   K=4 chunk 83/122 filtering: 91 candidates → 0 frequent (0.0% pass rate, min_count=769)
2026-09-02 07:02:08.070 | DEBUG    | et_miner.gpu.row_split_chunks:run_chunked_dense_level:267 -     K=4 chunk 84/122: candidates [6,354,947, 6,355,029) (legacy sub-chunk)
2026-09-02 07:02:08.073 | INFO     | et_miner.gpu.row_split_chunks:run_chunked_dense_level:285 -   K=4 chunk 84/122 filtering: 82 candidates → 0 frequent (0.0% pass rate, min_count=769)
2026-09-02 07:02:08.073 | DEBUG    | et_miner.gpu.row_split_chunks:run_chunked_dense_level:267 -     K=4 chunk 85/122: candidates [6,355,029, 6,355,120)
2026-09-02 07:02:08.130 | INFO     | et_miner.gpu.row_split_chunks:run_chunked_dense_level:285 -   K=4 chunk 85/122 filtering: 91 candidates → 0 frequent (0.0% pass rate, min_count=769)
2026-09-02 07:02:08.130 | DEBUG    | et_miner.gpu.row_split_chunks:run_chunked_dense_level:267 -     K=4 chunk 86/122: candidates [6,355,120, 6,355,194) (legacy sub-chunk)
2026-09-02 07:02:08.133 | INFO     | et_miner.gpu.row_split_chunks:run_chunked_dense_level:285 -   K=4 chunk 86/122 filtering: 74 candidates → 0 frequent (0.0% pass rate, min_count=769)
2026-09-02 07:02:08.133 | DEBUG    | et_miner.gpu.row_split_chunks:run_chunked_dense_level:267 -     K=4 chunk 87/122: candidates [6,355,194, 6,355,285)
2026-09-02 07:02:08.191 | INFO     | et_miner.gpu.row_split_chunks:run_chunked_dense_level:285 -   K=4 chunk 87/122 filtering: 91 candidates → 0 frequent (0.0% pass rate, min_count=769)
2026-09-02 07:02:08.191 | DEBUG    | et_miner.gpu.row_split_chunks:run_chunked_dense_level:267 -     K=4 chunk 88/122: candidates [6,355,285, 6,355,345) (legacy sub-chunk)
2026-09-02 07:02:08.194 | INFO     | et_miner.gpu.row_split_chunks:run_chunked_dense_level:285 -   K=4 chunk 88/122 filtering: 60 candidates → 0 frequent (0.0% pass rate, min_count=769)
2026-09-02 07:02:08.194 | DEBUG    | et_miner.gpu.row_split_chunks:run_chunked_dense_level:267 -     K=4 chunk 89/122: candidates [6,355,345, 6,355,411)
2026-09-02 07:02:08.251 | INFO     | et_miner.gpu.row_split_chunks:run_chunked_dense_level:285 -   K=4 chunk 89/122 filtering: 66 candidates → 0 frequent (0.0% pass rate, min_count=769)
2026-09-02 07:02:08.251 | DEBUG    | et_miner.gpu.row_split_chunks:run_chunked_dense_level:267 -     K=4 chunk 90/122: candidates [6,355,411, 6,355,477) (legacy sub-chunk)
2026-09-02 07:02:08.254 | INFO     | et_miner.gpu.row_split_chunks:run_chunked_dense_level:285 -   K=4 chunk 90/122 filtering: 66 candidates → 0 frequent (0.0% pass rate, min_count=769)
2026-09-02 07:02:08.254 | DEBUG    | et_miner.gpu.row_split_chunks:run_chunked_dense_level:267 -     K=4 chunk 91/122: candidates [6,355,477, 6,355,555)
2026-09-02 07:02:08.311 | INFO     | et_miner.gpu.row_split_chunks:run_chunked_dense_level:285 -   K=4 chunk 91/122 filtering: 78 candidates → 0 frequent (0.0% pass rate, min_count=769)
2026-09-02 07:02:08.311 | DEBUG    | et_miner.gpu.row_split_chunks:run_chunked_dense_level:267 -     K=4 chunk 92/122: candidates [6,355,555, 6,360,786) (legacy sub-chunk)
2026-09-02 07:02:08.334 | INFO     | et_miner.gpu.row_split_chunks:run_chunked_dense_level:285 -   K=4 chunk 92/122 filtering: 5,231 candidates → 0 frequent (0.0% pass rate, min_count=769)
2026-09-02 07:02:08.334 | DEBUG    | et_miner.gpu.row_split_chunks:run_chunked_dense_level:267 -     K=4 chunk 93/122: candidates [6,360,786, 7,071,247)
2026-09-02 07:02:08.708 | INFO     | et_miner.gpu.row_split_chunks:run_chunked_dense_level:285 -   K=4 chunk 93/122 filtering: 710,461 candidates → 635 frequent (0.1% pass rate, min_count=769)
2026-09-02 07:02:08.708 | DEBUG    | et_miner.gpu.row_split_chunks:run_chunked_dense_level:267 -     K=4 chunk 94/122: candidates [7,071,247, 7,071,385) (legacy sub-chunk)
2026-09-02 07:02:08.711 | INFO     | et_miner.gpu.row_split_chunks:run_chunked_dense_level:285 -   K=4 chunk 94/122 filtering: 138 candidates → 0 frequent (0.0% pass rate, min_count=769)
2026-09-02 07:02:08.711 | DEBUG    | et_miner.gpu.row_split_chunks:run_chunked_dense_level:267 -     K=4 chunk 95/122: candidates [7,071,385, 7,560,027)
2026-09-02 07:02:08.986 | INFO     | et_miner.gpu.row_split_chunks:run_chunked_dense_level:285 -   K=4 chunk 95/122 filtering: 488,642 candidates → 307 frequent (0.1% pass rate, min_count=769)
2026-09-02 07:02:08.986 | DEBUG    | et_miner.gpu.row_split_chunks:run_chunked_dense_level:267 -     K=4 chunk 96/122: candidates [7,560,027, 7,560,188) (legacy sub-chunk)
2026-09-02 07:02:08.989 | INFO     | et_miner.gpu.row_split_chunks:run_chunked_dense_level:285 -   K=4 chunk 96/122 filtering: 161 candidates → 0 frequent (0.0% pass rate, min_count=769)
2026-09-02 07:02:08.989 | DEBUG    | et_miner.gpu.row_split_chunks:run_chunked_dense_level:267 -     K=4 chunk 97/122: candidates [7,560,188, 7,886,425)
2026-09-02 07:02:09.214 | INFO     | et_miner.gpu.row_split_chunks:run_chunked_dense_level:285 -   K=4 chunk 97/122 filtering: 326,237 candidates → 153 frequent (0.0% pass rate, min_count=769)
2026-09-02 07:02:09.214 | DEBUG    | et_miner.gpu.row_split_chunks:run_chunked_dense_level:267 -     K=4 chunk 98/122: candidates [7,886,425, 7,886,478) (legacy sub-chunk)
2026-09-02 07:02:09.217 | INFO     | et_miner.gpu.row_split_chunks:run_chunked_dense_level:285 -   K=4 chunk 98/122 filtering: 53 candidates → 0 frequent (0.0% pass rate, min_count=769)
2026-09-02 07:02:09.217 | DEBUG    | et_miner.gpu.row_split_chunks:run_chunked_dense_level:267 -     K=4 chunk 99/122: candidates [7,886,478, 8,108,875)
2026-09-02 07:02:09.366 | INFO     | et_miner.gpu.row_split_chunks:run_chunked_dense_level:285 -   K=4 chunk 99/122 filtering: 222,397 candidates → 63 frequent (0.0% pass rate, min_count=769)
2026-09-02 07:02:09.366 | DEBUG    | et_miner.gpu.row_split_chunks:run_chunked_dense_level:267 -     K=4 chunk 100/122: candidates [8,108,875, 8,108,940) (legacy sub-chunk)
2026-09-02 07:02:09.369 | INFO     | et_miner.gpu.row_split_chunks:run_chunked_dense_level:285 -   K=4 chunk 100/122 filtering: 65 candidates → 0 frequent (0.0% pass rate, min_count=769)
2026-09-02 07:02:09.370 | DEBUG    | et_miner.gpu.row_split_chunks:run_chunked_dense_level:267 -     K=4 chunk 101/122: candidates [8,108,940, 8,206,818)
2026-09-02 07:02:09.486 | INFO     | et_miner.gpu.row_split_chunks:run_chunked_dense_level:285 -   K=4 chunk 101/122 filtering: 97,878 candidates → 6 frequent (0.0% pass rate, min_count=769)
2026-09-02 07:02:09.486 | DEBUG    | et_miner.gpu.row_split_chunks:run_chunked_dense_level:267 -     K=4 chunk 102/122: candidates [8,206,818, 8,206,873) (legacy sub-chunk)
2026-09-02 07:02:09.490 | INFO     | et_miner.gpu.row_split_chunks:run_chunked_dense_level:285 -   K=4 chunk 102/122 filtering: 55 candidates → 0 frequent (0.0% pass rate, min_count=769)
2026-09-02 07:02:09.490 | DEBUG    | et_miner.gpu.row_split_chunks:run_chunked_dense_level:267 -     K=4 chunk 103/122: candidates [8,206,873, 8,206,939)
2026-09-02 07:02:09.555 | INFO     | et_miner.gpu.row_split_chunks:run_chunked_dense_level:285 -   K=4 chunk 103/122 filtering: 66 candidates → 0 frequent (0.0% pass rate, min_count=769)
2026-09-02 07:02:09.556 | DEBUG    | et_miner.gpu.row_split_chunks:run_chunked_dense_level:267 -     K=4 chunk 104/122: candidates [8,206,939, 8,207,002) (legacy sub-chunk)
2026-09-02 07:02:09.559 | INFO     | et_miner.gpu.row_split_chunks:run_chunked_dense_level:285 -   K=4 chunk 104/122 filtering: 63 candidates → 0 frequent (0.0% pass rate, min_count=769)
2026-09-02 07:02:09.559 | DEBUG    | et_miner.gpu.row_split_chunks:run_chunked_dense_level:267 -     K=4 chunk 105/122: candidates [8,207,002, 8,257,782)
2026-09-02 07:02:09.670 | INFO     | et_miner.gpu.row_split_chunks:run_chunked_dense_level:285 -   K=4 chunk 105/122 filtering: 50,780 candidates → 0 frequent (0.0% pass rate, min_count=769)
2026-09-02 07:02:09.670 | DEBUG    | et_miner.gpu.row_split_chunks:run_chunked_dense_level:267 -     K=4 chunk 106/122: candidates [8,257,782, 8,257,874) (legacy sub-chunk)
2026-09-02 07:02:09.673 | INFO     | et_miner.gpu.row_split_chunks:run_chunked_dense_level:285 -   K=4 chunk 106/122 filtering: 92 candidates → 0 frequent (0.0% pass rate, min_count=769)
2026-09-02 07:02:09.674 | DEBUG    | et_miner.gpu.row_split_chunks:run_chunked_dense_level:267 -     K=4 chunk 107/122: candidates [8,257,874, 8,288,920)
2026-09-02 07:02:09.775 | INFO     | et_miner.gpu.row_split_chunks:run_chunked_dense_level:285 -   K=4 chunk 107/122 filtering: 31,046 candidates → 0 frequent (0.0% pass rate, min_count=769)
2026-09-02 07:02:09.775 | DEBUG    | et_miner.gpu.row_split_chunks:run_chunked_dense_level:267 -     K=4 chunk 108/122: candidates [8,288,920, 8,289,003) (legacy sub-chunk)
2026-09-02 07:02:09.778 | INFO     | et_miner.gpu.row_split_chunks:run_chunked_dense_level:285 -   K=4 chunk 108/122 filtering: 83 candidates → 0 frequent (0.0% pass rate, min_count=769)
2026-09-02 07:02:09.778 | DEBUG    | et_miner.gpu.row_split_chunks:run_chunked_dense_level:267 -     K=4 chunk 109/122: candidates [8,289,003, 8,305,338)
2026-09-02 07:02:09.883 | INFO     | et_miner.gpu.row_split_chunks:run_chunked_dense_level:285 -   K=4 chunk 109/122 filtering: 16,335 candidates → 0 frequent (0.0% pass rate, min_count=769)
2026-09-02 07:02:09.883 | DEBUG    | et_miner.gpu.row_split_chunks:run_chunked_dense_level:267 -     K=4 chunk 110/122: candidates [8,305,338, 8,305,366) (legacy sub-chunk)
2026-09-02 07:02:09.886 | INFO     | et_miner.gpu.row_split_chunks:run_chunked_dense_level:285 -   K=4 chunk 110/122 filtering: 28 candidates → 0 frequent (0.0% pass rate, min_count=769)
2026-09-02 07:02:09.886 | DEBUG    | et_miner.gpu.row_split_chunks:run_chunked_dense_level:267 -     K=4 chunk 111/122: candidates [8,305,366, 8,311,117)
2026-09-02 07:02:09.976 | INFO     | et_miner.gpu.row_split_chunks:run_chunked_dense_level:285 -   K=4 chunk 111/122 filtering: 5,751 candidates → 0 frequent (0.0% pass rate, min_count=769)
2026-09-02 07:02:09.976 | DEBUG    | et_miner.gpu.row_split_chunks:run_chunked_dense_level:267 -     K=4 chunk 112/122: candidates [8,311,117, 8,311,274) (legacy sub-chunk)
2026-09-02 07:02:09.980 | INFO     | et_miner.gpu.row_split_chunks:run_chunked_dense_level:285 -   K=4 chunk 112/122 filtering: 157 candidates → 0 frequent (0.0% pass rate, min_count=769)
2026-09-02 07:02:09.980 | DEBUG    | et_miner.gpu.row_split_chunks:run_chunked_dense_level:267 -     K=4 chunk 113/122: candidates [8,311,274, 8,312,260)
2026-09-02 07:02:10.044 | INFO     | et_miner.gpu.row_split_chunks:run_chunked_dense_level:285 -   K=4 chunk 113/122 filtering: 986 candidates → 0 frequent (0.0% pass rate, min_count=769)
2026-09-02 07:02:10.044 | DEBUG    | et_miner.gpu.row_split_chunks:run_chunked_dense_level:267 -     K=4 chunk 114/122: candidates [8,312,260, 8,312,341) (legacy sub-chunk)
2026-09-02 07:02:10.055 | INFO     | et_miner.gpu.row_split_chunks:run_chunked_dense_level:285 -   K=4 chunk 114/122 filtering: 81 candidates → 0 frequent (0.0% pass rate, min_count=769)
2026-09-02 07:02:10.055 | DEBUG    | et_miner.gpu.row_split_chunks:run_chunked_dense_level:267 -     K=4 chunk 115/122: candidates [8,312,341, 8,312,975)
2026-09-02 07:02:10.118 | INFO     | et_miner.gpu.row_split_chunks:run_chunked_dense_level:285 -   K=4 chunk 115/122 filtering: 634 candidates → 0 frequent (0.0% pass rate, min_count=769)
2026-09-02 07:02:10.118 | DEBUG    | et_miner.gpu.row_split_chunks:run_chunked_dense_level:267 -     K=4 chunk 116/122: candidates [8,312,975, 8,313,121) (legacy sub-chunk)
2026-09-02 07:02:10.121 | INFO     | et_miner.gpu.row_split_chunks:run_chunked_dense_level:285 -   K=4 chunk 116/122 filtering: 146 candidates → 0 frequent (0.0% pass rate, min_count=769)
2026-09-02 07:02:10.121 | DEBUG    | et_miner.gpu.row_split_chunks:run_chunked_dense_level:267 -     K=4 chunk 117/122: candidates [8,313,121, 8,313,536)
2026-09-02 07:02:10.184 | INFO     | et_miner.gpu.row_split_chunks:run_chunked_dense_level:285 -   K=4 chunk 117/122 filtering: 415 candidates → 0 frequent (0.0% pass rate, min_count=769)
2026-09-02 07:02:10.184 | DEBUG    | et_miner.gpu.row_split_chunks:run_chunked_dense_level:267 -     K=4 chunk 118/122: candidates [8,313,536, 8,313,673) (legacy sub-chunk)
2026-09-02 07:02:10.187 | INFO     | et_miner.gpu.row_split_chunks:run_chunked_dense_level:285 -   K=4 chunk 118/122 filtering: 137 candidates → 0 frequent (0.0% pass rate, min_count=769)
2026-09-02 07:02:10.187 | DEBUG    | et_miner.gpu.row_split_chunks:run_chunked_dense_level:267 -     K=4 chunk 119/122: candidates [8,313,673, 8,313,946)
2026-09-02 07:02:10.252 | INFO     | et_miner.gpu.row_split_chunks:run_chunked_dense_level:285 -   K=4 chunk 119/122 filtering: 273 candidates → 0 frequent (0.0% pass rate, min_count=769)
2026-09-02 07:02:10.252 | DEBUG    | et_miner.gpu.row_split_chunks:run_chunked_dense_level:267 -     K=4 chunk 120/122: candidates [8,313,946, 8,314,083) (legacy sub-chunk)
2026-09-02 07:02:10.255 | INFO     | et_miner.gpu.row_split_chunks:run_chunked_dense_level:285 -   K=4 chunk 120/122 filtering: 137 candidates → 0 frequent (0.0% pass rate, min_count=769)
2026-09-02 07:02:10.255 | DEBUG    | et_miner.gpu.row_split_chunks:run_chunked_dense_level:267 -     K=4 chunk 121/122: candidates [8,314,083, 8,314,149)
2026-09-02 07:02:10.318 | INFO     | et_miner.gpu.row_split_chunks:run_chunked_dense_level:285 -   K=4 chunk 121/122 filtering: 66 candidates → 0 frequent (0.0% pass rate, min_count=769)
2026-09-02 07:02:10.319 | DEBUG    | et_miner.gpu.row_split_chunks:run_chunked_dense_level:267 -     K=4 chunk 122/122: candidates [8,314,149, 8,314,368) (legacy sub-chunk)
2026-09-02 07:02:10.321 | INFO     | et_miner.gpu.row_split_chunks:run_chunked_dense_level:285 -   K=4 chunk 122/122 filtering: 219 candidates → 0 frequent (0.0% pass rate, min_count=769)
2026-09-02 07:02:10.325 | INFO     | et_miner.gpu.row_split:_apriori_row_split_multi_gpu:599 -   K=4: 25,395 frequent in 7.9s
2026-09-02 07:02:10.329 | DEBUG    | et_miner.gpu.row_split:_apriori_row_split_multi_gpu:631 -     Pruning: zeroed 12 dead bitvecs at K=4 (55 MB logical × 2 GPUs)
2026-09-02 07:02:10.332 | DEBUG    | et_miner.gpu.row_split:_apriori_row_split_multi_gpu:535 -   K=5: 1,640,792 candidates, 86 chunk(s), group data 0.0 GB, budget 3,149,198,896 cands/chunk
2026-09-02 07:02:10.333 | DEBUG    | et_miner.gpu.row_split_chunks:run_chunked_dense_level:267 -     K=5 chunk 1/86: candidates [0, 35,206)
2026-09-02 07:02:10.446 | INFO     | et_miner.gpu.row_split_chunks:run_chunked_dense_level:285 -   K=5 chunk 1/86 filtering: 35,206 candidates → 136 frequent (0.4% pass rate, min_count=769)
2026-09-02 07:02:10.446 | DEBUG    | et_miner.gpu.row_split_chunks:run_chunked_dense_level:267 -     K=5 chunk 2/86: candidates [35,206, 40,432) (legacy sub-chunk)
2026-09-02 07:02:10.477 | INFO     | et_miner.gpu.row_split_chunks:run_chunked_dense_level:285 -   K=5 chunk 2/86 filtering: 5,226 candidates → 0 frequent (0.0% pass rate, min_count=769)
2026-09-02 07:02:10.477 | DEBUG    | et_miner.gpu.row_split_chunks:run_chunked_dense_level:267 -     K=5 chunk 3/86: candidates [40,432, 1,083,495)
2026-09-02 07:02:10.981 | INFO     | et_miner.gpu.row_split_chunks:run_chunked_dense_level:285 -   K=5 chunk 3/86 filtering: 1,043,063 candidates → 1,463 frequent (0.1% pass rate, min_count=769)
2026-09-02 07:02:10.982 | DEBUG    | et_miner.gpu.row_split_chunks:run_chunked_dense_level:267 -     K=5 chunk 4/86: candidates [1,083,495, 1,083,638) (legacy sub-chunk)
2026-09-02 07:02:10.992 | INFO     | et_miner.gpu.row_split_chunks:run_chunked_dense_level:285 -   K=5 chunk 4/86 filtering: 143 candidates → 0 frequent (0.0% pass rate, min_count=769)
2026-09-02 07:02:10.992 | DEBUG    | et_miner.gpu.row_split_chunks:run_chunked_dense_level:267 -     K=5 chunk 5/86: candidates [1,083,638, 1,086,135)
2026-09-02 07:02:11.074 | INFO     | et_miner.gpu.row_split_chunks:run_chunked_dense_level:285 -   K=5 chunk 5/86 filtering: 2,497 candidates → 3 frequent (0.1% pass rate, min_count=769)
2026-09-02 07:02:11.074 | DEBUG    | et_miner.gpu.row_split_chunks:run_chunked_dense_level:267 -     K=5 chunk 6/86: candidates [1,086,135, 1,086,195) (legacy sub-chunk)
2026-09-02 07:02:11.078 | INFO     | et_miner.gpu.row_split_chunks:run_chunked_dense_level:285 -   K=5 chunk 6/86 filtering: 60 candidates → 0 frequent (0.0% pass rate, min_count=769)
2026-09-02 07:02:11.078 | DEBUG    | et_miner.gpu.row_split_chunks:run_chunked_dense_level:267 -     K=5 chunk 7/86: candidates [1,086,195, 1,087,867)
2026-09-02 07:02:11.155 | INFO     | et_miner.gpu.row_split_chunks:run_chunked_dense_level:285 -   K=5 chunk 7/86 filtering: 1,672 candidates → 1 frequent (0.1% pass rate, min_count=769)
2026-09-02 07:02:11.155 | DEBUG    | et_miner.gpu.row_split_chunks:run_chunked_dense_level:267 -     K=5 chunk 8/86: candidates [1,087,867, 1,087,940) (legacy sub-chunk)
2026-09-02 07:02:11.159 | INFO     | et_miner.gpu.row_split_chunks:run_chunked_dense_level:285 -   K=5 chunk 8/86 filtering: 73 candidates → 0 frequent (0.0% pass rate, min_count=769)
2026-09-02 07:02:11.160 | DEBUG    | et_miner.gpu.row_split_chunks:run_chunked_dense_level:267 -     K=5 chunk 9/86: candidates [1,087,940, 1,088,498)
2026-09-02 07:02:11.221 | INFO     | et_miner.gpu.row_split_chunks:run_chunked_dense_level:285 -   K=5 chunk 9/86 filtering: 558 candidates → 0 frequent (0.0% pass rate, min_count=769)
2026-09-02 07:02:11.221 | DEBUG    | et_miner.gpu.row_split_chunks:run_chunked_dense_level:267 -     K=5 chunk 10/86: candidates [1,088,498, 1,088,530) (legacy sub-chunk)
2026-09-02 07:02:11.225 | INFO     | et_miner.gpu.row_split_chunks:run_chunked_dense_level:285 -   K=5 chunk 10/86 filtering: 32 candidates → 0 frequent (0.0% pass rate, min_count=769)
2026-09-02 07:02:11.225 | DEBUG    | et_miner.gpu.row_split_chunks:run_chunked_dense_level:267 -     K=5 chunk 11/86: candidates [1,088,530, 1,089,101)
2026-09-02 07:02:11.289 | INFO     | et_miner.gpu.row_split_chunks:run_chunked_dense_level:285 -   K=5 chunk 11/86 filtering: 571 candidates → 0 frequent (0.0% pass rate, min_count=769)
2026-09-02 07:02:11.289 | DEBUG    | et_miner.gpu.row_split_chunks:run_chunked_dense_level:267 -     K=5 chunk 12/86: candidates [1,089,101, 1,089,153) (legacy sub-chunk)
2026-09-02 07:02:11.293 | INFO     | et_miner.gpu.row_split_chunks:run_chunked_dense_level:285 -   K=5 chunk 12/86 filtering: 52 candidates → 0 frequent (0.0% pass rate, min_count=769)
2026-09-02 07:02:11.293 | DEBUG    | et_miner.gpu.row_split_chunks:run_chunked_dense_level:267 -     K=5 chunk 13/86: candidates [1,089,153, 1,089,529)
2026-09-02 07:02:11.355 | INFO     | et_miner.gpu.row_split_chunks:run_chunked_dense_level:285 -   K=5 chunk 13/86 filtering: 376 candidates → 0 frequent (0.0% pass rate, min_count=769)
2026-09-02 07:02:11.355 | DEBUG    | et_miner.gpu.row_split_chunks:run_chunked_dense_level:267 -     K=5 chunk 14/86: candidates [1,089,529, 1,089,539) (legacy sub-chunk)
2026-09-02 07:02:11.359 | INFO     | et_miner.gpu.row_split_chunks:run_chunked_dense_level:285 -   K=5 chunk 14/86 filtering: 10 candidates → 0 frequent (0.0% pass rate, min_count=769)
2026-09-02 07:02:11.359 | DEBUG    | et_miner.gpu.row_split_chunks:run_chunked_dense_level:267 -     K=5 chunk 15/86: candidates [1,089,539, 1,089,803)
2026-09-02 07:02:11.422 | INFO     | et_miner.gpu.row_split_chunks:run_chunked_dense_level:285 -   K=5 chunk 15/86 filtering: 264 candidates → 0 frequent (0.0% pass rate, min_count=769)
2026-09-02 07:02:11.422 | DEBUG    | et_miner.gpu.row_split_chunks:run_chunked_dense_level:267 -     K=5 chunk 16/86: candidates [1,089,803, 1,089,868) (legacy sub-chunk)
2026-09-02 07:02:11.426 | INFO     | et_miner.gpu.row_split_chunks:run_chunked_dense_level:285 -   K=5 chunk 16/86 filtering: 65 candidates → 0 frequent (0.0% pass rate, min_count=769)
2026-09-02 07:02:11.426 | DEBUG    | et_miner.gpu.row_split_chunks:run_chunked_dense_level:267 -     K=5 chunk 17/86: candidates [1,089,868, 1,090,051)
2026-09-02 07:02:11.480 | INFO     | et_miner.gpu.row_split_chunks:run_chunked_dense_level:285 -   K=5 chunk 17/86 filtering: 183 candidates → 0 frequent (0.0% pass rate, min_count=769)
2026-09-02 07:02:11.481 | DEBUG    | et_miner.gpu.row_split_chunks:run_chunked_dense_level:267 -     K=5 chunk 18/86: candidates [1,090,051, 1,091,482) (legacy sub-chunk)
2026-09-02 07:02:11.490 | INFO     | et_miner.gpu.row_split_chunks:run_chunked_dense_level:285 -   K=5 chunk 18/86 filtering: 1,431 candidates → 0 frequent (0.0% pass rate, min_count=769)
2026-09-02 07:02:11.490 | DEBUG    | et_miner.gpu.row_split_chunks:run_chunked_dense_level:267 -     K=5 chunk 19/86: candidates [1,091,482, 1,231,468)
2026-09-02 07:02:11.614 | INFO     | et_miner.gpu.row_split_chunks:run_chunked_dense_level:285 -   K=5 chunk 19/86 filtering: 139,986 candidates → 165 frequent (0.1% pass rate, min_count=769)
2026-09-02 07:02:11.614 | DEBUG    | et_miner.gpu.row_split_chunks:run_chunked_dense_level:267 -     K=5 chunk 20/86: candidates [1,231,468, 1,231,509) (legacy sub-chunk)
2026-09-02 07:02:11.619 | INFO     | et_miner.gpu.row_split_chunks:run_chunked_dense_level:285 -   K=5 chunk 20/86 filtering: 41 candidates → 0 frequent (0.0% pass rate, min_count=769)
2026-09-02 07:02:11.619 | DEBUG    | et_miner.gpu.row_split_chunks:run_chunked_dense_level:267 -     K=5 chunk 21/86: candidates [1,231,509, 1,316,549)
2026-09-02 07:02:11.722 | INFO     | et_miner.gpu.row_split_chunks:run_chunked_dense_level:285 -   K=5 chunk 21/86 filtering: 85,040 candidates → 67 frequent (0.1% pass rate, min_count=769)
2026-09-02 07:02:11.722 | DEBUG    | et_miner.gpu.row_split_chunks:run_chunked_dense_level:267 -     K=5 chunk 22/86: candidates [1,316,549, 1,316,604) (legacy sub-chunk)
2026-09-02 07:02:11.727 | INFO     | et_miner.gpu.row_split_chunks:run_chunked_dense_level:285 -   K=5 chunk 22/86 filtering: 55 candidates → 0 frequent (0.0% pass rate, min_count=769)
2026-09-02 07:02:11.727 | DEBUG    | et_miner.gpu.row_split_chunks:run_chunked_dense_level:267 -     K=5 chunk 23/86: candidates [1,316,604, 1,316,682)
2026-09-02 07:02:11.792 | INFO     | et_miner.gpu.row_split_chunks:run_chunked_dense_level:285 -   K=5 chunk 23/86 filtering: 78 candidates → 0 frequent (0.0% pass rate, min_count=769)
2026-09-02 07:02:11.792 | DEBUG    | et_miner.gpu.row_split_chunks:run_chunked_dense_level:267 -     K=5 chunk 24/86: candidates [1,316,682, 1,316,721) (legacy sub-chunk)
2026-09-02 07:02:11.796 | INFO     | et_miner.gpu.row_split_chunks:run_chunked_dense_level:285 -   K=5 chunk 24/86 filtering: 39 candidates → 0 frequent (0.0% pass rate, min_count=769)
2026-09-02 07:02:11.797 | DEBUG    | et_miner.gpu.row_split_chunks:run_chunked_dense_level:267 -     K=5 chunk 25/86: candidates [1,316,721, 1,374,460)
2026-09-02 07:02:11.901 | INFO     | et_miner.gpu.row_split_chunks:run_chunked_dense_level:285 -   K=5 chunk 25/86 filtering: 57,739 candidates → 23 frequent (0.0% pass rate, min_count=769)
2026-09-02 07:02:11.902 | DEBUG    | et_miner.gpu.row_split_chunks:run_chunked_dense_level:267 -     K=5 chunk 26/86: candidates [1,374,460, 1,374,588) (legacy sub-chunk)
2026-09-02 07:02:11.906 | INFO     | et_miner.gpu.row_split_chunks:run_chunked_dense_level:285 -   K=5 chunk 26/86 filtering: 128 candidates → 0 frequent (0.0% pass rate, min_count=769)
2026-09-02 07:02:11.906 | DEBUG    | et_miner.gpu.row_split_chunks:run_chunked_dense_level:267 -     K=5 chunk 27/86: candidates [1,374,588, 1,414,223)
2026-09-02 07:02:12.015 | INFO     | et_miner.gpu.row_split_chunks:run_chunked_dense_level:285 -   K=5 chunk 27/86 filtering: 39,635 candidates → 6 frequent (0.0% pass rate, min_count=769)
2026-09-02 07:02:12.015 | DEBUG    | et_miner.gpu.row_split_chunks:run_chunked_dense_level:267 -     K=5 chunk 28/86: candidates [1,414,223, 1,414,342) (legacy sub-chunk)
2026-09-02 07:02:12.019 | INFO     | et_miner.gpu.row_split_chunks:run_chunked_dense_level:285 -   K=5 chunk 28/86 filtering: 119 candidates → 0 frequent (0.0% pass rate, min_count=769)
2026-09-02 07:02:12.019 | DEBUG    | et_miner.gpu.row_split_chunks:run_chunked_dense_level:267 -     K=5 chunk 29/86: candidates [1,414,342, 1,429,853)
2026-09-02 07:02:12.109 | INFO     | et_miner.gpu.row_split_chunks:run_chunked_dense_level:285 -   K=5 chunk 29/86 filtering: 15,511 candidates → 0 frequent (0.0% pass rate, min_count=769)
2026-09-02 07:02:12.110 | DEBUG    | et_miner.gpu.row_split_chunks:run_chunked_dense_level:267 -     K=5 chunk 30/86: candidates [1,429,853, 1,429,944) (legacy sub-chunk)
2026-09-02 07:02:12.114 | INFO     | et_miner.gpu.row_split_chunks:run_chunked_dense_level:285 -   K=5 chunk 30/86 filtering: 91 candidates → 0 frequent (0.0% pass rate, min_count=769)
2026-09-02 07:02:12.114 | DEBUG    | et_miner.gpu.row_split_chunks:run_chunked_dense_level:267 -     K=5 chunk 31/86: candidates [1,429,944, 1,436,510)
2026-09-02 07:02:12.207 | INFO     | et_miner.gpu.row_split_chunks:run_chunked_dense_level:285 -   K=5 chunk 31/86 filtering: 6,566 candidates → 0 frequent (0.0% pass rate, min_count=769)
2026-09-02 07:02:12.207 | DEBUG    | et_miner.gpu.row_split_chunks:run_chunked_dense_level:267 -     K=5 chunk 32/86: candidates [1,436,510, 1,436,651) (legacy sub-chunk)
2026-09-02 07:02:12.211 | INFO     | et_miner.gpu.row_split_chunks:run_chunked_dense_level:285 -   K=5 chunk 32/86 filtering: 141 candidates → 0 frequent (0.0% pass rate, min_count=769)
2026-09-02 07:02:12.211 | DEBUG    | et_miner.gpu.row_split_chunks:run_chunked_dense_level:267 -     K=5 chunk 33/86: candidates [1,436,651, 1,440,020)
2026-09-02 07:02:12.288 | INFO     | et_miner.gpu.row_split_chunks:run_chunked_dense_level:285 -   K=5 chunk 33/86 filtering: 3,369 candidates → 0 frequent (0.0% pass rate, min_count=769)
2026-09-02 07:02:12.289 | DEBUG    | et_miner.gpu.row_split_chunks:run_chunked_dense_level:267 -     K=5 chunk 34/86: candidates [1,440,020, 1,440,145) (legacy sub-chunk)
2026-09-02 07:02:12.293 | INFO     | et_miner.gpu.row_split_chunks:run_chunked_dense_level:285 -   K=5 chunk 34/86 filtering: 125 candidates → 0 frequent (0.0% pass rate, min_count=769)
2026-09-02 07:02:12.293 | DEBUG    | et_miner.gpu.row_split_chunks:run_chunked_dense_level:267 -     K=5 chunk 35/86: candidates [1,440,145, 1,441,161)
2026-09-02 07:02:12.372 | INFO     | et_miner.gpu.row_split_chunks:run_chunked_dense_level:285 -   K=5 chunk 35/86 filtering: 1,016 candidates → 0 frequent (0.0% pass rate, min_count=769)
2026-09-02 07:02:12.372 | DEBUG    | et_miner.gpu.row_split_chunks:run_chunked_dense_level:267 -     K=5 chunk 36/86: candidates [1,441,161, 1,441,264) (legacy sub-chunk)
2026-09-02 07:02:12.376 | INFO     | et_miner.gpu.row_split_chunks:run_chunked_dense_level:285 -   K=5 chunk 36/86 filtering: 103 candidates → 0 frequent (0.0% pass rate, min_count=769)
2026-09-02 07:02:12.376 | DEBUG    | et_miner.gpu.row_split_chunks:run_chunked_dense_level:267 -     K=5 chunk 37/86: candidates [1,441,264, 1,441,499)
2026-09-02 07:02:12.433 | INFO     | et_miner.gpu.row_split_chunks:run_chunked_dense_level:285 -   K=5 chunk 37/86 filtering: 235 candidates → 0 frequent (0.0% pass rate, min_count=769)
2026-09-02 07:02:12.433 | DEBUG    | et_miner.gpu.row_split_chunks:run_chunked_dense_level:267 -     K=5 chunk 38/86: candidates [1,441,499, 1,441,656) (legacy sub-chunk)
2026-09-02 07:02:12.437 | INFO     | et_miner.gpu.row_split_chunks:run_chunked_dense_level:285 -   K=5 chunk 38/86 filtering: 157 candidates → 0 frequent (0.0% pass rate, min_count=769)
2026-09-02 07:02:12.437 | DEBUG    | et_miner.gpu.row_split_chunks:run_chunked_dense_level:267 -     K=5 chunk 39/86: candidates [1,441,656, 1,442,890)
2026-09-02 07:02:12.505 | INFO     | et_miner.gpu.row_split_chunks:run_chunked_dense_level:285 -   K=5 chunk 39/86 filtering: 1,234 candidates → 0 frequent (0.0% pass rate, min_count=769)
2026-09-02 07:02:12.506 | DEBUG    | et_miner.gpu.row_split_chunks:run_chunked_dense_level:267 -     K=5 chunk 40/86: candidates [1,442,890, 1,442,979) (legacy sub-chunk)
2026-09-02 07:02:12.510 | INFO     | et_miner.gpu.row_split_chunks:run_chunked_dense_level:285 -   K=5 chunk 40/86 filtering: 89 candidates → 0 frequent (0.0% pass rate, min_count=769)
2026-09-02 07:02:12.510 | DEBUG    | et_miner.gpu.row_split_chunks:run_chunked_dense_level:267 -     K=5 chunk 41/86: candidates [1,442,979, 1,443,956)
2026-09-02 07:02:12.583 | INFO     | et_miner.gpu.row_split_chunks:run_chunked_dense_level:285 -   K=5 chunk 41/86 filtering: 977 candidates → 0 frequent (0.0% pass rate, min_count=769)
2026-09-02 07:02:12.583 | DEBUG    | et_miner.gpu.row_split_chunks:run_chunked_dense_level:267 -     K=5 chunk 42/86: candidates [1,443,956, 1,444,007) (legacy sub-chunk)
2026-09-02 07:02:12.587 | INFO     | et_miner.gpu.row_split_chunks:run_chunked_dense_level:285 -   K=5 chunk 42/86 filtering: 51 candidates → 0 frequent (0.0% pass rate, min_count=769)
2026-09-02 07:02:12.587 | DEBUG    | et_miner.gpu.row_split_chunks:run_chunked_dense_level:267 -     K=5 chunk 43/86: candidates [1,444,007, 1,444,178)
2026-09-02 07:02:12.642 | INFO     | et_miner.gpu.row_split_chunks:run_chunked_dense_level:285 -   K=5 chunk 43/86 filtering: 171 candidates → 0 frequent (0.0% pass rate, min_count=769)
2026-09-02 07:02:12.642 | DEBUG    | et_miner.gpu.row_split_chunks:run_chunked_dense_level:267 -     K=5 chunk 44/86: candidates [1,444,178, 1,444,249) (legacy sub-chunk)
2026-09-02 07:02:12.646 | INFO     | et_miner.gpu.row_split_chunks:run_chunked_dense_level:285 -   K=5 chunk 44/86 filtering: 71 candidates → 0 frequent (0.0% pass rate, min_count=769)
2026-09-02 07:02:12.646 | DEBUG    | et_miner.gpu.row_split_chunks:run_chunked_dense_level:267 -     K=5 chunk 45/86: candidates [1,444,249, 1,444,418)
2026-09-02 07:02:12.700 | INFO     | et_miner.gpu.row_split_chunks:run_chunked_dense_level:285 -   K=5 chunk 45/86 filtering: 169 candidates → 0 frequent (0.0% pass rate, min_count=769)
2026-09-02 07:02:12.700 | DEBUG    | et_miner.gpu.row_split_chunks:run_chunked_dense_level:267 -     K=5 chunk 46/86: candidates [1,444,418, 1,444,506) (legacy sub-chunk)
2026-09-02 07:02:12.704 | INFO     | et_miner.gpu.row_split_chunks:run_chunked_dense_level:285 -   K=5 chunk 46/86 filtering: 88 candidates → 0 frequent (0.0% pass rate, min_count=769)
2026-09-02 07:02:12.704 | DEBUG    | et_miner.gpu.row_split_chunks:run_chunked_dense_level:267 -     K=5 chunk 47/86: candidates [1,444,506, 1,444,572)
2026-09-02 07:02:12.761 | INFO     | et_miner.gpu.row_split_chunks:run_chunked_dense_level:285 -   K=5 chunk 47/86 filtering: 66 candidates → 0 frequent (0.0% pass rate, min_count=769)
2026-09-02 07:02:12.761 | DEBUG    | et_miner.gpu.row_split_chunks:run_chunked_dense_level:267 -     K=5 chunk 48/86: candidates [1,444,572, 1,445,283) (legacy sub-chunk)
2026-09-02 07:02:12.767 | INFO     | et_miner.gpu.row_split_chunks:run_chunked_dense_level:285 -   K=5 chunk 48/86 filtering: 711 candidates → 0 frequent (0.0% pass rate, min_count=769)
2026-09-02 07:02:12.767 | DEBUG    | et_miner.gpu.row_split_chunks:run_chunked_dense_level:267 -     K=5 chunk 49/86: candidates [1,445,283, 1,518,428)
2026-09-02 07:02:12.871 | INFO     | et_miner.gpu.row_split_chunks:run_chunked_dense_level:285 -   K=5 chunk 49/86 filtering: 73,145 candidates → 85 frequent (0.1% pass rate, min_count=769)
2026-09-02 07:02:12.871 | DEBUG    | et_miner.gpu.row_split_chunks:run_chunked_dense_level:267 -     K=5 chunk 50/86: candidates [1,518,428, 1,518,556) (legacy sub-chunk)
2026-09-02 07:02:12.875 | INFO     | et_miner.gpu.row_split_chunks:run_chunked_dense_level:285 -   K=5 chunk 50/86 filtering: 128 candidates → 0 frequent (0.0% pass rate, min_count=769)
2026-09-02 07:02:12.875 | DEBUG    | et_miner.gpu.row_split_chunks:run_chunked_dense_level:267 -     K=5 chunk 51/86: candidates [1,518,556, 1,564,444)
2026-09-02 07:02:12.982 | INFO     | et_miner.gpu.row_split_chunks:run_chunked_dense_level:285 -   K=5 chunk 51/86 filtering: 45,888 candidates → 32 frequent (0.1% pass rate, min_count=769)
2026-09-02 07:02:12.982 | DEBUG    | et_miner.gpu.row_split_chunks:run_chunked_dense_level:267 -     K=5 chunk 52/86: candidates [1,564,444, 1,564,542) (legacy sub-chunk)
2026-09-02 07:02:12.986 | INFO     | et_miner.gpu.row_split_chunks:run_chunked_dense_level:285 -   K=5 chunk 52/86 filtering: 98 candidates → 0 frequent (0.0% pass rate, min_count=769)
2026-09-02 07:02:12.987 | DEBUG    | et_miner.gpu.row_split_chunks:run_chunked_dense_level:267 -     K=5 chunk 53/86: candidates [1,564,542, 1,595,082)
2026-09-02 07:02:13.078 | INFO     | et_miner.gpu.row_split_chunks:run_chunked_dense_level:285 -   K=5 chunk 53/86 filtering: 30,540 candidates → 10 frequent (0.0% pass rate, min_count=769)
2026-09-02 07:02:13.078 | DEBUG    | et_miner.gpu.row_split_chunks:run_chunked_dense_level:267 -     K=5 chunk 54/86: candidates [1,595,082, 1,595,191) (legacy sub-chunk)
2026-09-02 07:02:13.082 | INFO     | et_miner.gpu.row_split_chunks:run_chunked_dense_level:285 -   K=5 chunk 54/86 filtering: 109 candidates → 0 frequent (0.0% pass rate, min_count=769)
2026-09-02 07:02:13.082 | DEBUG    | et_miner.gpu.row_split_chunks:run_chunked_dense_level:267 -     K=5 chunk 55/86: candidates [1,595,191, 1,614,687)
2026-09-02 07:02:13.186 | INFO     | et_miner.gpu.row_split_chunks:run_chunked_dense_level:285 -   K=5 chunk 55/86 filtering: 19,496 candidates → 1 frequent (0.0% pass rate, min_count=769)
2026-09-02 07:02:13.186 | DEBUG    | et_miner.gpu.row_split_chunks:run_chunked_dense_level:267 -     K=5 chunk 56/86: candidates [1,614,687, 1,614,852) (legacy sub-chunk)
2026-09-02 07:02:13.190 | INFO     | et_miner.gpu.row_split_chunks:run_chunked_dense_level:285 -   K=5 chunk 56/86 filtering: 165 candidates → 0 frequent (0.0% pass rate, min_count=769)
2026-09-02 07:02:13.190 | DEBUG    | et_miner.gpu.row_split_chunks:run_chunked_dense_level:267 -     K=5 chunk 57/86: candidates [1,614,852, 1,622,200)
2026-09-02 07:02:13.285 | INFO     | et_miner.gpu.row_split_chunks:run_chunked_dense_level:285 -   K=5 chunk 57/86 filtering: 7,348 candidates → 0 frequent (0.0% pass rate, min_count=769)
2026-09-02 07:02:13.285 | DEBUG    | et_miner.gpu.row_split_chunks:run_chunked_dense_level:267 -     K=5 chunk 58/86: candidates [1,622,200, 1,622,346) (legacy sub-chunk)
2026-09-02 07:02:13.289 | INFO     | et_miner.gpu.row_split_chunks:run_chunked_dense_level:285 -   K=5 chunk 58/86 filtering: 146 candidates → 0 frequent (0.0% pass rate, min_count=769)
2026-09-02 07:02:13.289 | DEBUG    | et_miner.gpu.row_split_chunks:run_chunked_dense_level:267 -     K=5 chunk 59/86: candidates [1,622,346, 1,625,294)
2026-09-02 07:02:13.379 | INFO     | et_miner.gpu.row_split_chunks:run_chunked_dense_level:285 -   K=5 chunk 59/86 filtering: 2,948 candidates → 0 frequent (0.0% pass rate, min_count=769)
2026-09-02 07:02:13.379 | DEBUG    | et_miner.gpu.row_split_chunks:run_chunked_dense_level:267 -     K=5 chunk 60/86: candidates [1,625,294, 1,625,399) (legacy sub-chunk)
2026-09-02 07:02:13.383 | INFO     | et_miner.gpu.row_split_chunks:run_chunked_dense_level:285 -   K=5 chunk 60/86 filtering: 105 candidates → 0 frequent (0.0% pass rate, min_count=769)
2026-09-02 07:02:13.383 | DEBUG    | et_miner.gpu.row_split_chunks:run_chunked_dense_level:267 -     K=5 chunk 61/86: candidates [1,625,399, 1,626,552)
2026-09-02 07:02:13.455 | INFO     | et_miner.gpu.row_split_chunks:run_chunked_dense_level:285 -   K=5 chunk 61/86 filtering: 1,153 candidates → 0 frequent (0.0% pass rate, min_count=769)
2026-09-02 07:02:13.455 | DEBUG    | et_miner.gpu.row_split_chunks:run_chunked_dense_level:267 -     K=5 chunk 62/86: candidates [1,626,552, 1,626,693) (legacy sub-chunk)
2026-09-02 07:02:13.459 | INFO     | et_miner.gpu.row_split_chunks:run_chunked_dense_level:285 -   K=5 chunk 62/86 filtering: 141 candidates → 0 frequent (0.0% pass rate, min_count=769)
2026-09-02 07:02:13.459 | DEBUG    | et_miner.gpu.row_split_chunks:run_chunked_dense_level:267 -     K=5 chunk 63/86: candidates [1,626,693, 1,627,138)
2026-09-02 07:02:13.528 | INFO     | et_miner.gpu.row_split_chunks:run_chunked_dense_level:285 -   K=5 chunk 63/86 filtering: 445 candidates → 0 frequent (0.0% pass rate, min_count=769)
2026-09-02 07:02:13.528 | DEBUG    | et_miner.gpu.row_split_chunks:run_chunked_dense_level:267 -     K=5 chunk 64/86: candidates [1,627,138, 1,627,388) (legacy sub-chunk)
2026-09-02 07:02:13.532 | INFO     | et_miner.gpu.row_split_chunks:run_chunked_dense_level:285 -   K=5 chunk 64/86 filtering: 250 candidates → 0 frequent (0.0% pass rate, min_count=769)
2026-09-02 07:02:13.532 | DEBUG    | et_miner.gpu.row_split_chunks:run_chunked_dense_level:267 -     K=5 chunk 65/86: candidates [1,627,388, 1,631,835)
2026-09-02 07:02:13.618 | INFO     | et_miner.gpu.row_split_chunks:run_chunked_dense_level:285 -   K=5 chunk 65/86 filtering: 4,447 candidates → 1 frequent (0.0% pass rate, min_count=769)
2026-09-02 07:02:13.618 | DEBUG    | et_miner.gpu.row_split_chunks:run_chunked_dense_level:267 -     K=5 chunk 66/86: candidates [1,631,835, 1,631,857) (legacy sub-chunk)
2026-09-02 07:02:13.622 | INFO     | et_miner.gpu.row_split_chunks:run_chunked_dense_level:285 -   K=5 chunk 66/86 filtering: 22 candidates → 0 frequent (0.0% pass rate, min_count=769)
2026-09-02 07:02:13.622 | DEBUG    | et_miner.gpu.row_split_chunks:run_chunked_dense_level:267 -     K=5 chunk 67/86: candidates [1,631,857, 1,634,353)
2026-09-02 07:02:13.714 | INFO     | et_miner.gpu.row_split_chunks:run_chunked_dense_level:285 -   K=5 chunk 67/86 filtering: 2,496 candidates → 0 frequent (0.0% pass rate, min_count=769)
2026-09-02 07:02:13.714 | DEBUG    | et_miner.gpu.row_split_chunks:run_chunked_dense_level:267 -     K=5 chunk 68/86: candidates [1,634,353, 1,634,372) (legacy sub-chunk)
2026-09-02 07:02:13.718 | INFO     | et_miner.gpu.row_split_chunks:run_chunked_dense_level:285 -   K=5 chunk 68/86 filtering: 19 candidates → 0 frequent (0.0% pass rate, min_count=769)
2026-09-02 07:02:13.718 | DEBUG    | et_miner.gpu.row_split_chunks:run_chunked_dense_level:267 -     K=5 chunk 69/86: candidates [1,634,372, 1,635,612)
2026-09-02 07:02:13.789 | INFO     | et_miner.gpu.row_split_chunks:run_chunked_dense_level:285 -   K=5 chunk 69/86 filtering: 1,240 candidates → 0 frequent (0.0% pass rate, min_count=769)
2026-09-02 07:02:13.790 | DEBUG    | et_miner.gpu.row_split_chunks:run_chunked_dense_level:267 -     K=5 chunk 70/86: candidates [1,635,612, 1,635,628) (legacy sub-chunk)
2026-09-02 07:02:13.794 | INFO     | et_miner.gpu.row_split_chunks:run_chunked_dense_level:285 -   K=5 chunk 70/86 filtering: 16 candidates → 0 frequent (0.0% pass rate, min_count=769)
2026-09-02 07:02:13.794 | DEBUG    | et_miner.gpu.row_split_chunks:run_chunked_dense_level:267 -     K=5 chunk 71/86: candidates [1,635,628, 1,636,040)
2026-09-02 07:02:13.854 | INFO     | et_miner.gpu.row_split_chunks:run_chunked_dense_level:285 -   K=5 chunk 71/86 filtering: 412 candidates → 0 frequent (0.0% pass rate, min_count=769)
2026-09-02 07:02:13.854 | DEBUG    | et_miner.gpu.row_split_chunks:run_chunked_dense_level:267 -     K=5 chunk 72/86: candidates [1,636,040, 1,636,055) (legacy sub-chunk)
2026-09-02 07:02:13.858 | INFO     | et_miner.gpu.row_split_chunks:run_chunked_dense_level:285 -   K=5 chunk 72/86 filtering: 15 candidates → 0 frequent (0.0% pass rate, min_count=769)
2026-09-02 07:02:13.858 | DEBUG    | et_miner.gpu.row_split_chunks:run_chunked_dense_level:267 -     K=5 chunk 73/86: candidates [1,636,055, 1,636,133)
2026-09-02 07:02:13.918 | INFO     | et_miner.gpu.row_split_chunks:run_chunked_dense_level:285 -   K=5 chunk 73/86 filtering: 78 candidates → 0 frequent (0.0% pass rate, min_count=769)
2026-09-02 07:02:13.918 | DEBUG    | et_miner.gpu.row_split_chunks:run_chunked_dense_level:267 -     K=5 chunk 74/86: candidates [1,636,133, 1,636,203) (legacy sub-chunk)
2026-09-02 07:02:13.922 | INFO     | et_miner.gpu.row_split_chunks:run_chunked_dense_level:285 -   K=5 chunk 74/86 filtering: 70 candidates → 0 frequent (0.0% pass rate, min_count=769)
2026-09-02 07:02:13.922 | DEBUG    | et_miner.gpu.row_split_chunks:run_chunked_dense_level:267 -     K=5 chunk 75/86: candidates [1,636,203, 1,637,894)
2026-09-02 07:02:13.997 | INFO     | et_miner.gpu.row_split_chunks:run_chunked_dense_level:285 -   K=5 chunk 75/86 filtering: 1,691 candidates → 0 frequent (0.0% pass rate, min_count=769)
2026-09-02 07:02:13.997 | DEBUG    | et_miner.gpu.row_split_chunks:run_chunked_dense_level:267 -     K=5 chunk 76/86: candidates [1,637,894, 1,637,932) (legacy sub-chunk)
2026-09-02 07:02:14.001 | INFO     | et_miner.gpu.row_split_chunks:run_chunked_dense_level:285 -   K=5 chunk 76/86 filtering: 38 candidates → 0 frequent (0.0% pass rate, min_count=769)
2026-09-02 07:02:14.001 | DEBUG    | et_miner.gpu.row_split_chunks:run_chunked_dense_level:267 -     K=5 chunk 77/86: candidates [1,637,932, 1,638,830)
2026-09-02 07:02:14.077 | INFO     | et_miner.gpu.row_split_chunks:run_chunked_dense_level:285 -   K=5 chunk 77/86 filtering: 898 candidates → 0 frequent (0.0% pass rate, min_count=769)
2026-09-02 07:02:14.078 | DEBUG    | et_miner.gpu.row_split_chunks:run_chunked_dense_level:267 -     K=5 chunk 78/86: candidates [1,638,830, 1,638,867) (legacy sub-chunk)
2026-09-02 07:02:14.082 | INFO     | et_miner.gpu.row_split_chunks:run_chunked_dense_level:285 -   K=5 chunk 78/86 filtering: 37 candidates → 0 frequent (0.0% pass rate, min_count=769)
2026-09-02 07:02:14.082 | DEBUG    | et_miner.gpu.row_split_chunks:run_chunked_dense_level:267 -     K=5 chunk 79/86: candidates [1,638,867, 1,639,140)
2026-09-02 07:02:14.143 | INFO     | et_miner.gpu.row_split_chunks:run_chunked_dense_level:285 -   K=5 chunk 79/86 filtering: 273 candidates → 0 frequent (0.0% pass rate, min_count=769)
2026-09-02 07:02:14.143 | DEBUG    | et_miner.gpu.row_split_chunks:run_chunked_dense_level:267 -     K=5 chunk 80/86: candidates [1,639,140, 1,639,277) (legacy sub-chunk)
2026-09-02 07:02:14.147 | INFO     | et_miner.gpu.row_split_chunks:run_chunked_dense_level:285 -   K=5 chunk 80/86 filtering: 137 candidates → 0 frequent (0.0% pass rate, min_count=769)
2026-09-02 07:02:14.147 | DEBUG    | et_miner.gpu.row_split_chunks:run_chunked_dense_level:267 -     K=5 chunk 81/86: candidates [1,639,277, 1,640,111)
2026-09-02 07:02:14.222 | INFO     | et_miner.gpu.row_split_chunks:run_chunked_dense_level:285 -   K=5 chunk 81/86 filtering: 834 candidates → 0 frequent (0.0% pass rate, min_count=769)
2026-09-02 07:02:14.222 | DEBUG    | et_miner.gpu.row_split_chunks:run_chunked_dense_level:267 -     K=5 chunk 82/86: candidates [1,640,111, 1,640,139) (legacy sub-chunk)
2026-09-02 07:02:14.227 | INFO     | et_miner.gpu.row_split_chunks:run_chunked_dense_level:285 -   K=5 chunk 82/86 filtering: 28 candidates → 0 frequent (0.0% pass rate, min_count=769)
2026-09-02 07:02:14.227 | DEBUG    | et_miner.gpu.row_split_chunks:run_chunked_dense_level:267 -     K=5 chunk 83/86: candidates [1,640,139, 1,640,353)
2026-09-02 07:02:14.288 | INFO     | et_miner.gpu.row_split_chunks:run_chunked_dense_level:285 -   K=5 chunk 83/86 filtering: 214 candidates → 0 frequent (0.0% pass rate, min_count=769)
2026-09-02 07:02:14.288 | DEBUG    | et_miner.gpu.row_split_chunks:run_chunked_dense_level:267 -     K=5 chunk 84/86: candidates [1,640,353, 1,640,451) (legacy sub-chunk)
2026-09-02 07:02:14.292 | INFO     | et_miner.gpu.row_split_chunks:run_chunked_dense_level:285 -   K=5 chunk 84/86 filtering: 98 candidates → 0 frequent (0.0% pass rate, min_count=769)
2026-09-02 07:02:14.292 | DEBUG    | et_miner.gpu.row_split_chunks:run_chunked_dense_level:267 -     K=5 chunk 85/86: candidates [1,640,451, 1,640,692)
2026-09-02 07:02:14.351 | INFO     | et_miner.gpu.row_split_chunks:run_chunked_dense_level:285 -   K=5 chunk 85/86 filtering: 241 candidates → 0 frequent (0.0% pass rate, min_count=769)
2026-09-02 07:02:14.351 | DEBUG    | et_miner.gpu.row_split_chunks:run_chunked_dense_level:267 -     K=5 chunk 86/86: candidates [1,640,692, 1,640,792) (legacy sub-chunk)
2026-09-02 07:02:14.354 | INFO     | et_miner.gpu.row_split_chunks:run_chunked_dense_level:285 -   K=5 chunk 86/86 filtering: 100 candidates → 0 frequent (0.0% pass rate, min_count=769)
2026-09-02 07:02:14.356 | INFO     | et_miner.gpu.row_split:_apriori_row_split_multi_gpu:599 -   K=5: 1,993 frequent in 4.0s
2026-09-02 07:02:14.357 | DEBUG    | et_miner.gpu.row_split:_apriori_row_split_multi_gpu:631 -     Pruning: zeroed 895 dead bitvecs at K=5 (4102 MB logical × 2 GPUs)
2026-09-02 07:02:14.363 | DEBUG    | et_miner.gpu.row_split:_apriori_row_split_multi_gpu:535 -   K=6: 33,465 candidates, 28 chunk(s), group data 0.0 GB, budget 3,149,220,950 cands/chunk
2026-09-02 07:02:14.364 | DEBUG    | et_miner.gpu.row_split_chunks:run_chunked_dense_level:267 -     K=6 chunk 1/28: candidates [0, 78)
2026-09-02 07:02:14.419 | INFO     | et_miner.gpu.row_split_chunks:run_chunked_dense_level:285 -   K=6 chunk 1/28 filtering: 78 candidates → 0 frequent (0.0% pass rate, min_count=769)
2026-09-02 07:02:14.419 | DEBUG    | et_miner.gpu.row_split_chunks:run_chunked_dense_level:267 -     K=6 chunk 2/28: candidates [78, 343) (legacy sub-chunk)
2026-09-02 07:02:14.424 | INFO     | et_miner.gpu.row_split_chunks:run_chunked_dense_level:285 -   K=6 chunk 2/28 filtering: 265 candidates → 0 frequent (0.0% pass rate, min_count=769)
2026-09-02 07:02:14.424 | DEBUG    | et_miner.gpu.row_split_chunks:run_chunked_dense_level:267 -     K=6 chunk 3/28: candidates [343, 14,294)
2026-09-02 07:02:14.518 | INFO     | et_miner.gpu.row_split_chunks:run_chunked_dense_level:285 -   K=6 chunk 3/28 filtering: 13,951 candidates → 18 frequent (0.1% pass rate, min_count=769)
2026-09-02 07:02:14.518 | DEBUG    | et_miner.gpu.row_split_chunks:run_chunked_dense_level:267 -     K=6 chunk 4/28: candidates [14,294, 14,436) (legacy sub-chunk)
2026-09-02 07:02:14.522 | INFO     | et_miner.gpu.row_split_chunks:run_chunked_dense_level:285 -   K=6 chunk 4/28 filtering: 142 candidates → 0 frequent (0.0% pass rate, min_count=769)
2026-09-02 07:02:14.523 | DEBUG    | et_miner.gpu.row_split_chunks:run_chunked_dense_level:267 -     K=6 chunk 5/28: candidates [14,436, 22,498)
2026-09-02 07:02:14.618 | INFO     | et_miner.gpu.row_split_chunks:run_chunked_dense_level:285 -   K=6 chunk 5/28 filtering: 8,062 candidates → 4 frequent (0.0% pass rate, min_count=769)
2026-09-02 07:02:14.618 | DEBUG    | et_miner.gpu.row_split_chunks:run_chunked_dense_level:267 -     K=6 chunk 6/28: candidates [22,498, 22,636) (legacy sub-chunk)
2026-09-02 07:02:14.623 | INFO     | et_miner.gpu.row_split_chunks:run_chunked_dense_level:285 -   K=6 chunk 6/28 filtering: 138 candidates → 0 frequent (0.0% pass rate, min_count=769)
2026-09-02 07:02:14.623 | DEBUG    | et_miner.gpu.row_split_chunks:run_chunked_dense_level:267 -     K=6 chunk 7/28: candidates [22,636, 27,433)
2026-09-02 07:02:14.724 | INFO     | et_miner.gpu.row_split_chunks:run_chunked_dense_level:285 -   K=6 chunk 7/28 filtering: 4,797 candidates → 0 frequent (0.0% pass rate, min_count=769)
2026-09-02 07:02:14.724 | DEBUG    | et_miner.gpu.row_split_chunks:run_chunked_dense_level:267 -     K=6 chunk 8/28: candidates [27,433, 27,547) (legacy sub-chunk)
2026-09-02 07:02:14.729 | INFO     | et_miner.gpu.row_split_chunks:run_chunked_dense_level:285 -   K=6 chunk 8/28 filtering: 114 candidates → 0 frequent (0.0% pass rate, min_count=769)
2026-09-02 07:02:14.729 | DEBUG    | et_miner.gpu.row_split_chunks:run_chunked_dense_level:267 -     K=6 chunk 9/28: candidates [27,547, 30,311)
2026-09-02 07:02:14.810 | INFO     | et_miner.gpu.row_split_chunks:run_chunked_dense_level:285 -   K=6 chunk 9/28 filtering: 2,764 candidates → 0 frequent (0.0% pass rate, min_count=769)
2026-09-02 07:02:14.810 | DEBUG    | et_miner.gpu.row_split_chunks:run_chunked_dense_level:267 -     K=6 chunk 10/28: candidates [30,311, 30,398) (legacy sub-chunk)
2026-09-02 07:02:14.815 | INFO     | et_miner.gpu.row_split_chunks:run_chunked_dense_level:285 -   K=6 chunk 10/28 filtering: 87 candidates → 0 frequent (0.0% pass rate, min_count=769)
2026-09-02 07:02:14.815 | DEBUG    | et_miner.gpu.row_split_chunks:run_chunked_dense_level:267 -     K=6 chunk 11/28: candidates [30,398, 31,173)
2026-09-02 07:02:14.885 | INFO     | et_miner.gpu.row_split_chunks:run_chunked_dense_level:285 -   K=6 chunk 11/28 filtering: 775 candidates → 0 frequent (0.0% pass rate, min_count=769)
2026-09-02 07:02:14.886 | DEBUG    | et_miner.gpu.row_split_chunks:run_chunked_dense_level:267 -     K=6 chunk 12/28: candidates [31,173, 31,190) (legacy sub-chunk)
2026-09-02 07:02:14.890 | INFO     | et_miner.gpu.row_split_chunks:run_chunked_dense_level:285 -   K=6 chunk 12/28 filtering: 17 candidates → 0 frequent (0.0% pass rate, min_count=769)
2026-09-02 07:02:14.891 | DEBUG    | et_miner.gpu.row_split_chunks:run_chunked_dense_level:267 -     K=6 chunk 13/28: candidates [31,190, 31,463)
2026-09-02 07:02:14.950 | INFO     | et_miner.gpu.row_split_chunks:run_chunked_dense_level:285 -   K=6 chunk 13/28 filtering: 273 candidates → 0 frequent (0.0% pass rate, min_count=769)
2026-09-02 07:02:14.950 | DEBUG    | et_miner.gpu.row_split_chunks:run_chunked_dense_level:267 -     K=6 chunk 14/28: candidates [31,463, 31,491) (legacy sub-chunk)
2026-09-02 07:02:14.956 | INFO     | et_miner.gpu.row_split_chunks:run_chunked_dense_level:285 -   K=6 chunk 14/28 filtering: 28 candidates → 0 frequent (0.0% pass rate, min_count=769)
2026-09-02 07:02:14.956 | DEBUG    | et_miner.gpu.row_split_chunks:run_chunked_dense_level:267 -     K=6 chunk 15/28: candidates [31,491, 31,569)
2026-09-02 07:02:15.012 | INFO     | et_miner.gpu.row_split_chunks:run_chunked_dense_level:285 -   K=6 chunk 15/28 filtering: 78 candidates → 0 frequent (0.0% pass rate, min_count=769)
2026-09-02 07:02:15.012 | DEBUG    | et_miner.gpu.row_split_chunks:run_chunked_dense_level:267 -     K=6 chunk 16/28: candidates [31,569, 31,591) (legacy sub-chunk)
2026-09-02 07:02:15.017 | INFO     | et_miner.gpu.row_split_chunks:run_chunked_dense_level:285 -   K=6 chunk 16/28 filtering: 22 candidates → 0 frequent (0.0% pass rate, min_count=769)
2026-09-02 07:02:15.017 | DEBUG    | et_miner.gpu.row_split_chunks:run_chunked_dense_level:267 -     K=6 chunk 17/28: candidates [31,591, 32,103)
2026-09-02 07:02:15.077 | INFO     | et_miner.gpu.row_split_chunks:run_chunked_dense_level:285 -   K=6 chunk 17/28 filtering: 512 candidates → 0 frequent (0.0% pass rate, min_count=769)
2026-09-02 07:02:15.077 | DEBUG    | et_miner.gpu.row_split_chunks:run_chunked_dense_level:267 -     K=6 chunk 18/28: candidates [32,103, 32,179) (legacy sub-chunk)
2026-09-02 07:02:15.082 | INFO     | et_miner.gpu.row_split_chunks:run_chunked_dense_level:285 -   K=6 chunk 18/28 filtering: 76 candidates → 0 frequent (0.0% pass rate, min_count=769)
2026-09-02 07:02:15.082 | DEBUG    | et_miner.gpu.row_split_chunks:run_chunked_dense_level:267 -     K=6 chunk 19/28: candidates [32,179, 32,447)
2026-09-02 07:02:15.144 | INFO     | et_miner.gpu.row_split_chunks:run_chunked_dense_level:285 -   K=6 chunk 19/28 filtering: 268 candidates → 0 frequent (0.0% pass rate, min_count=769)
2026-09-02 07:02:15.145 | DEBUG    | et_miner.gpu.row_split_chunks:run_chunked_dense_level:267 -     K=6 chunk 20/28: candidates [32,447, 32,504) (legacy sub-chunk)
2026-09-02 07:02:15.149 | INFO     | et_miner.gpu.row_split_chunks:run_chunked_dense_level:285 -   K=6 chunk 20/28 filtering: 57 candidates → 0 frequent (0.0% pass rate, min_count=769)
2026-09-02 07:02:15.150 | DEBUG    | et_miner.gpu.row_split_chunks:run_chunked_dense_level:267 -     K=6 chunk 21/28: candidates [32,504, 32,582)
2026-09-02 07:02:15.205 | INFO     | et_miner.gpu.row_split_chunks:run_chunked_dense_level:285 -   K=6 chunk 21/28 filtering: 78 candidates → 0 frequent (0.0% pass rate, min_count=769)
2026-09-02 07:02:15.205 | DEBUG    | et_miner.gpu.row_split_chunks:run_chunked_dense_level:267 -     K=6 chunk 22/28: candidates [32,582, 32,639) (legacy sub-chunk)
2026-09-02 07:02:15.209 | INFO     | et_miner.gpu.row_split_chunks:run_chunked_dense_level:285 -   K=6 chunk 22/28 filtering: 57 candidates → 0 frequent (0.0% pass rate, min_count=769)
2026-09-02 07:02:15.209 | DEBUG    | et_miner.gpu.row_split_chunks:run_chunked_dense_level:267 -     K=6 chunk 23/28: candidates [32,639, 32,792)
2026-09-02 07:02:15.271 | INFO     | et_miner.gpu.row_split_chunks:run_chunked_dense_level:285 -   K=6 chunk 23/28 filtering: 153 candidates → 0 frequent (0.0% pass rate, min_count=769)
2026-09-02 07:02:15.272 | DEBUG    | et_miner.gpu.row_split_chunks:run_chunked_dense_level:267 -     K=6 chunk 24/28: candidates [32,792, 33,008) (legacy sub-chunk)
2026-09-02 07:02:15.276 | INFO     | et_miner.gpu.row_split_chunks:run_chunked_dense_level:285 -   K=6 chunk 24/28 filtering: 216 candidates → 0 frequent (0.0% pass rate, min_count=769)
2026-09-02 07:02:15.276 | DEBUG    | et_miner.gpu.row_split_chunks:run_chunked_dense_level:267 -     K=6 chunk 25/28: candidates [33,008, 33,204)
2026-09-02 07:02:15.330 | INFO     | et_miner.gpu.row_split_chunks:run_chunked_dense_level:285 -   K=6 chunk 25/28 filtering: 196 candidates → 0 frequent (0.0% pass rate, min_count=769)
2026-09-02 07:02:15.330 | DEBUG    | et_miner.gpu.row_split_chunks:run_chunked_dense_level:267 -     K=6 chunk 26/28: candidates [33,204, 33,236) (legacy sub-chunk)
2026-09-02 07:02:15.335 | INFO     | et_miner.gpu.row_split_chunks:run_chunked_dense_level:285 -   K=6 chunk 26/28 filtering: 32 candidates → 0 frequent (0.0% pass rate, min_count=769)
2026-09-02 07:02:15.335 | DEBUG    | et_miner.gpu.row_split_chunks:run_chunked_dense_level:267 -     K=6 chunk 27/28: candidates [33,236, 33,314)
2026-09-02 07:02:15.390 | INFO     | et_miner.gpu.row_split_chunks:run_chunked_dense_level:285 -   K=6 chunk 27/28 filtering: 78 candidates → 0 frequent (0.0% pass rate, min_count=769)
2026-09-02 07:02:15.390 | DEBUG    | et_miner.gpu.row_split_chunks:run_chunked_dense_level:267 -     K=6 chunk 28/28: candidates [33,314, 33,465) (legacy sub-chunk)
2026-09-02 07:02:15.394 | INFO     | et_miner.gpu.row_split_chunks:run_chunked_dense_level:285 -   K=6 chunk 28/28 filtering: 151 candidates → 0 frequent (0.0% pass rate, min_count=769)
2026-09-02 07:02:15.395 | INFO     | et_miner.gpu.row_split:_apriori_row_split_multi_gpu:599 -   K=6: 22 frequent in 1.0s
2026-09-02 07:02:15.396 | DEBUG    | et_miner.gpu.row_split:_apriori_row_split_multi_gpu:631 -     Pruning: zeroed 85 dead bitvecs at K=6 (390 MB logical × 2 GPUs)
2026-09-02 07:02:15.397 | DEBUG    | et_miner.gpu.row_split:_apriori_row_split_multi_gpu:535 -   K=7: 30 candidates, 1 chunk(s), group data 0.0 GB, budget 3,149,223,191 cands/chunk
2026-09-02 07:02:15.403 | INFO     | et_miner.gpu.row_split_chunks:run_chunked_dense_level:285 -   K=7 chunk 1/1 filtering: 30 candidates → 0 frequent (0.0% pass rate, min_count=769)
2026-09-02 07:02:15.404 | INFO     | et_miner.gpu.row_split:_apriori_row_split_multi_gpu:599 -   K=7: 0 frequent in 0.0s
2026-09-02 07:02:15.864 | INFO     | __main__:main:523 -   171,156 itemsets, max K=6, mine=18.6s, total=20.0s
2026-09-02 07:02:15.864 | INFO     | __main__:main:624 - 
  Wall-clock time for all permutations: 107.6s
2026-09-02 07:02:15.864 | INFO     | __main__:main:627 - 
============================================================
2026-09-02 07:02:15.864 | INFO     | __main__:main:628 - Statistical Analysis
2026-09-02 07:02:15.864 | INFO     | __main__:main:629 - ============================================================
2026-09-02 07:02:16.140 | INFO     | __main__:main:636 - 
  K         Real    Null Mean     Null Std    Z-score      p-value   Sig
2026-09-02 07:02:16.140 | INFO     | __main__:main:637 - ------------------------------------------------------------------------
2026-09-02 07:02:16.140 | INFO     | __main__:main:645 -   1        1,002       1002.0          0.0       0.00     1.00e+00      
2026-09-02 07:02:16.140 | INFO     | __main__:main:645 -   2       22,019      63704.8         30.7   -1359.13     1.00e+00      
2026-09-02 07:02:16.140 | INFO     | __main__:main:645 -   3       73,205      79117.4         49.7    -118.93     1.00e+00      
2026-09-02 07:02:16.140 | INFO     | __main__:main:645 -   4      108,059      25412.2         27.1    3048.06      <1e-300  +***
2026-09-02 07:02:16.140 | INFO     | __main__:main:645 -   5      104,239       1991.4         10.3    9917.14      <1e-300  +***
2026-09-02 07:02:16.140 | INFO     | __main__:main:645 -   6       78,596         21.8          0.4  175697.25      <1e-300  +***
2026-09-02 07:02:16.140 | INFO     | __main__:main:645 -   7       48,699          0.0          0.0        inf      <1e-300  +***
2026-09-02 07:02:16.140 | INFO     | __main__:main:645 -   8       25,011          0.0          0.0        inf      <1e-300  +***
2026-09-02 07:02:16.140 | INFO     | __main__:main:645 -   9       10,508          0.0          0.0        inf      <1e-300  +***
2026-09-02 07:02:16.140 | INFO     | __main__:main:645 -  10        3,488          0.0          0.0        inf      <1e-300  +***
2026-09-02 07:02:16.140 | INFO     | __main__:main:645 -  11          869          0.0          0.0        inf      <1e-300  +***
2026-09-02 07:02:16.140 | INFO     | __main__:main:645 -  12          152          0.0          0.0        inf      <1e-300  +***
2026-09-02 07:02:16.140 | INFO     | __main__:main:645 -  13           17          0.0          0.0        inf      <1e-300  +***
2026-09-02 07:02:16.140 | INFO     | __main__:main:645 -  14            1          0.0          0.0        inf      <1e-300  +***
2026-09-02 07:02:16.140 | INFO     | __main__:main:653 - 
============================================================
2026-09-02 07:02:16.140 | INFO     | __main__:main:654 - Summary
2026-09-02 07:02:16.140 | INFO     | __main__:main:655 - ============================================================
2026-09-02 07:02:16.140 | INFO     | __main__:main:656 -   Real total itemsets:           475,865
2026-09-02 07:02:16.140 | INFO     | __main__:main:657 -   Null mean total itemsets:    171,249.6
2026-09-02 07:02:16.140 | INFO     | __main__:main:658 -   Ratio (real/null):                 2.8x
2026-09-02 07:02:16.140 | INFO     | __main__:main:659 -   Avg null mining time:             18.8s
2026-09-02 07:02:16.140 | INFO     | __main__:main:660 -   Total GPU-seconds:                94.2s
2026-09-02 07:02:16.140 | INFO     | __main__:main:661 -   Wall-clock time:                 107.6s
2026-09-02 07:02:16.140 | INFO     | __main__:main:663 -   GPUs used:                           2
2026-09-02 07:02:16.140 | INFO     | __main__:main:664 -   Parallel speedup:                  0.9x
2026-09-02 07:02:16.140 | INFO     | __main__:main:671 - 
  Peak analysis (K=4, highest itemset count):
2026-09-02 07:02:16.140 | INFO     | __main__:main:672 -     Real:           108,059
2026-09-02 07:02:16.141 | INFO     | __main__:main:673 -     Null mean:      25412.2
2026-09-02 07:02:16.141 | INFO     | __main__:main:674 -     Z-score:   3048.06
2026-09-02 07:02:16.141 | INFO     | __main__:main:677 -     → K=4 peak is BIOLOGICALLY SIGNIFICANT (Z > 2)
2026-09-02 07:02:16.141 | INFO     | __main__:main:688 - 
  K=1 sanity check (should be ~1,002):
2026-09-02 07:02:16.141 | INFO     | __main__:main:689 -     Real K=1:      1,002
2026-09-02 07:02:16.141 | INFO     | __main__:main:690 -     Null K=1 mean: 1,002
2026-09-02 07:02:16.141 | INFO     | __main__:main:692 -     → Marginals correctly preserved ✓
2026-09-02 07:02:16.141 | INFO     | __main__:main:741 - 
Results saved to /root/projects/ET-Miner/runs/20260902T0000Z/phase3/2026_01/exp/experiment_null_model_20260902_070216.json
manual null rc=0 2026-09-02T07:02:20Z
